FileName,CCDC,L1,L2,L3,L4,L5,L6,D1,D2,D3,D4,D5,D6,DA1,DA2,DA3,DA4,DA5,DA6,zfs,E/D
1,2206693,c1ccc(-c2cc(-c3ccccn3)nc(-c3ccccn3)c2)cc1,c1ccc(-c2cc(-c3ccccn3)nc(-c3ccccn3)c2)cc1,X,X,X,X,3,3,0,0,0,0,N,N,N,N,N,N,-76.179504,0.037168
2,2260569,Cn1cccc1-c1cc(-c2nccs2)nc(-c2nccs2)c1,Cn1cccc1-c1cc(-c2nccs2)nc(-c2nccs2)c1,X,X,X,X,3,3,0,0,0,0,N,N,N,N,N,N,-92.739761,0.258231
4,2175677,N,N,N,N,N,N,1,1,1,1,1,1,N,N,N,N,N,N,148.843105,0.013281
5,2291752,c1cnc2c(c1)ccc1cccnc12,O,O,O,OS(O)(O)O,X,2,1,1,1,1,0,N,N,O,O,O,O,-0.220936,0.038254
6,2302699,COc1cc(CO)ccc1O,O,COc1cc(CO)ccc1O,O,X,X,2,1,2,1,0,0,O,O,O,O,O,O,16.104763,0.222
7,2206431,CN(CCN(C)Cc1ccccn1)Cc1ccccn1,CCN,CCN,X,X,X,4,1,1,0,0,0,N,N,N,N,N,N,111.041312,0.190264
8,2206432,ONO,CN(CCN(C)Cc1ccccn1)Cc1ccccn1,ONO,X,X,X,1,4,1,0,0,0,O,N,N,N,N,O,-17.618807,0.149852
10,2255689,c1cnc2c(c1)ccc1cccnc12,c1cnc2c(c1)ccc1cccnc12,c1cnc2c(c1)ccc1cccnc12,X,X,X,2,2,2,0,0,0,N,N,N,N,N,N,148.739925,0.024036
11,2314207,OCc1ccccc1O,CO,OCc1ccccc1O,CO,X,X,2,1,2,1,0,0,O,O,O,O,O,O,-98.31806,0.213007
13,2299564,O,O,O,c1cc(-c2ccc(-c3ccncc3)cc2)ccn1,O,c1cc(-c2ccc(-c3ccncc3)cc2)ccn1,1,1,1,1,1,1,O,O,O,N,O,N,12.10838409,0.18646217
14,2288033,OC(O)COc1ccccc1CNCCNCc1ccccc1OCC(O)O,X,X,X,X,X,6,0,0,0,0,0,O,O,O,O,N,N,-62.82234,0.064825
15,MIVROC,OC(O)COc1ccccc1CNCCCNCc1ccccc1OCC(O)O,X,X,X,X,X,6,0,0,0,0,0,O,O,O,O,N,N,-36.658605,0.086103
16,2280241,Cc1c(C(O)O)nnn1-c1ccc(C(O)O)cc1,O,Cc1c(C(O)O)nnn1-c1ccc(C(O)O)cc1,O,X,X,2,1,2,1,0,0,O,O,N,O,O,N,-72.998643,0.328443
17,MOCBIT,OC(O)c1cccc2cnccc12,O,O,O,OC(O)c1cccc2cnccc12,O,1,1,1,1,1,1,O,O,O,N,O,N,72.158538,0.239779
19,NIYNOC,OC(O)c1cc(-c2ccncc2)cc(C(O)O)c1,O,O,OC(O)c1cc(-c2ccncc2)cc(C(O)O)c1,O,O,1,1,1,1,1,1,O,O,N,O,O,N,55.50879006,0.1617735
20,2160703,CO,CC1(C)N=C(CC(O)C(F)(F)F)C(C)(C)N1O,CO,CC1(C)N=C(CC(O)C(F)(F)F)C(C)(C)N1O,X,X,1,2,1,2,0,0,O,O,N,O,O,N,-0.101996,0.003779
21,QELMEZ03,Cl,Cl,c1ccncc1,c1ccncc1,c1ccncc1,c1ccncc1,1,1,1,1,1,1,Cl,Cl,N,N,N,N,134.522956,0.090725
22,2283838,NC(Cc1ccccc1)C(O)O,NC(Cc1ccccc1)C(O)O,O,O,X,X,2,2,1,1,0,0,O,O,O,O,N,N,-105.794791,0.192202
23,RODKII,Cl,Cl,Cc1cccc(CNO)n1,Cc1cccc(CNO)n1,X,X,1,1,2,2,0,0,Cl,Cl,N,N,N,N,37.644171,0.263891
24,2040442,Cl,Cl,Cc1[nH]ncc1Br,Cc1[nH]ncc1Br,Cc1[nH]ncc1Br,Cc1[nH]ncc1Br,1,1,1,1,1,1,Cl,N,N,Cl,N,N,73.086093,0.174592
25,VIWNAU,OC(CC(O)C(F)(F)F)c1ccccc1,OC(CC(O)C(F)(F)F)c1ccccc1,c1cnc2c(c1)ccc1cccnc12,X,X,X,2,2,2,0,0,0,O,O,O,O,N,N,58.93263,0.141458
26,2260988,CCNC(S)c1cc(C(F)(F)F)ccc1O,CCNC(S)c1cc(C(F)(F)F)ccc1O,c1ccncc1,c1ccncc1,X,X,2,2,1,1,0,0,N,N,N,N,O,O,100.294007,0.275683
27,YIXLOK,CCNC(S)c1ccccc1O,c1ccncc1,CCNC(S)c1ccccc1O,c1ccncc1,X,X,2,1,2,1,0,0,N,N,O,N,N,O,6.474216,0.000532
28,2260990,CCNC(S)c1cccc(C)c1O,Cc1cccc(C2=NCCS2)c1O,c1ccncc1,c1ccncc1,X,X,2,2,1,1,0,0,O,O,N,N,N,N,-71.921447,0.316313
29,ABIYUG,OCc1cccc(CO)n1,OCc1cccc(CO)n1,X,X,X,X,3,3,0,0,0,0,O,O,O,O,N,N,-78.802876,0.121387
30,224887,OCc1cccc(CO)n1,OCc1cccc(CO)n1,X,X,X,X,3,3,0,0,0,0,O,O,O,O,N,N,-124.160565,0.053362
31,ABIZUH,OCc1cccc(CO)n1,OCc1cccc(CO)n1,NCS,NCS,X,X,2,2,1,1,0,0,O,O,N,N,N,N,-17.46088,0.193148
32,ABOBEZ,OCc1cccc(CO)n1,OCc1cccc(CO)n1,X,X,X,X,3,3,0,0,0,0,O,O,O,O,N,N,-76.69394,0.165511
33,153421,O,O,c1ccc(Nc2ccccn2)nc1,c1ccc(Nc2ccccn2)nc1,X,X,1,1,2,2,0,0,O,O,N,N,N,N,79.535223,0.169298
34,ABUQOH,NCS,C1=NC=C(N2C(O)C=3C=CC=C4C=CC=C(C43)C2O)C=C1,C1=NC=C(N2C(O)C=3C=CC=C4C=CC=C(C43)C2O)C=C1,NCS,C1=NC=C(N2C(O)C=3C=CC=C4C=CC=C(C43)C2O)C=C1,OC1=C2C=CC=C3C=CC=C(C32)C(O)N1C=1C=CC=NC1,1,1,1,1,1,1,N,N,N,N,N,N,124.117379,0.165315
35,1995787,NCS,C1=NC=C(N2C(O)C=3C=CC=C4C=CC=C(C43)C2O)C=C1,C1=NC=C(N2C(O)C=3C=CC=C4C=CC=C(C43)C2O)C=C1,NCS,C1=NC=C(N2C(O)C=3C=CC=C4C=CC=C(C43)C2O)C=C1,OC1=C2C=CC=C3C=CC=C(C32)C(O)N1C=1C=CC=NC1,1,1,1,1,1,1,N,N,N,N,N,N,112.94522,0.162569
36,ABUVEC,NCS,C1=NC=C(N2C(O)C=3C=CC=C4C=CC=C(C43)C2O)C=C1,C1=NC=C(N2C(O)C=3C=CC=C4C=CC=C(C43)C2O)C=C1,NCS,C1=NC=C(N2C(O)C=3C=CC=C4C=CC=C(C43)C2O)C=C1,OC1=C2C=CC=C3C=CC=C(C32)C(O)N1C=1C=CC=NC1,1,1,1,1,1,1,N,N,N,N,N,N,-35.541554,0.202784
37,ABUVEC01,NCS,C1=NC=C(N2C(O)C=3C=CC=C4C=CC=C(C43)C2O)C=C1,C1=NC=C(N2C(O)C=3C=CC=C4C=CC=C(C43)C2O)C=C1,NCS,C1=NC=C(N2C(O)C=3C=CC=C4C=CC=C(C43)C2O)C=C1,OC1=C2C=CC=C3C=CC=C(C32)C(O)N1C=1C=CC=NC1,1,1,1,1,1,1,N,N,N,N,N,N,-113.373865,0.312058
38,1100295,Nc1ccc(C(O)O)cc1,O,O,Nc1ccc(C(O)O)cc1,O,O,1,1,1,1,1,1,O,O,O,O,O,O,12.658875,0.112244
39,ABZACO11,Nc1ccc(C(O)O)cc1,O,O,Nc1ccc(C(O)O)cc1,O,O,1,1,1,1,1,1,O,O,O,O,O,O,-108.16564,0.289365
40,1504492,c1ccc(-c2ccccn2)nc1,c1ccc(-c2ccccn2)nc1,c1ccc(-c2ccccn2)nc1,X,X,X,2,2,2,0,0,0,N,N,N,N,N,N,113.789407,0.000229
41,ACAPCO,c1ccncc1,CC(O)CC(O)C,c1ccncc1,CC(O)CC(O)C,X,X,1,2,1,2,0,0,N,N,O,O,O,O,101.815137,0.055925
42,ACAVAD,OCC(n1cccn1)(n1cccn1)n1cccn1,OCC(n1cccn1)(n1cccn1)n1cccn1,X,X,X,X,3,3,0,0,0,0,N,N,N,N,N,N,-117.070172,0.118078
43,226302,NCS,NNC(c1ccccc1)c1ccncc1,NNC(c1ccccc1)c1ccncc1,NCS,NNC(c1ccccc1)c1ccncc1,NNC(c1ccccc1)c1ccncc1,1,1,1,1,1,1,N,N,N,N,N,N,228.244463,0.015104
44,ACIFUO,Cc1nn(-c2ccccc2)c(O)c1C(Nc1ccccc1)c1ccccc1,CCO,Cc1nn(-c2ccccc2)c(O)c1C(Nc1ccccc1)c1ccccc1,CCO,X,X,2,1,2,1,0,0,O,O,N,O,O,N,-127.289844,0.311909
45,2164971,CC(C)(C)c1cc(O)c(O)c(C(C)(C)C)c1,c1ccc(NCc2ccncc2)cc1,CC(C)(C)c1cc(O)c(O)c(C(C)(C)C)c1,c1ccc(NCc2ccncc2)cc1,X,X,2,1,2,1,0,0,O,O,N,O,O,N,29.263439,0.11524387
46,ACIMOQ,NCS,NCS,Cc1cc(C)n(CN(Cn2nc(C)cc2C)Cn2nc(C)cc2C)n1,X,X,X,1,1,4,0,0,0,N,N,N,N,N,N,113.811915,0.123989
47,873568,c1cnc2c(c1)ccc1cccnc12,c1cnc2c(c1)ccc1cccnc12,OC(O)O,X,X,X,2,2,2,0,0,0,N,N,N,N,O,O,44.27865621,0.06395053
48,ACITAJ,OC(O)O,c1cnc2c(c1)ccc1cccnc12,c1cnc2c(c1)ccc1cccnc12,X,X,X,2,2,2,0,0,0,N,N,N,N,O,O,63.508087,0.049131
49,873570,OC(O)O,c1cnc2c(c1)ccc1cccnc12,c1cnc2c(c1)ccc1cccnc12,X,X,X,2,2,2,0,0,0,N,N,N,N,O,O,41.71250317,0.081126342
50,ACITIR,OC(O)O,c1cnc2c(c1)ccc1cccnc12,c1cnc2c(c1)ccc1cccnc12,X,X,X,2,2,2,0,0,0,N,N,N,N,O,O,37.71563524,0.106349402
52,665487,NC(N)O,NC(N)O,O,NC(N)O,NC(N)O,O,1,1,1,1,1,1,O,O,O,O,O,O,95.183917,0.102938
53,ACUBEF,NCCN,NCCN,NCCN,X,X,X,2,2,2,0,0,0,N,N,N,N,N,N,113.523108,0.012917
54,ACUBEF,CCOC(O)c1nc[nH]c1C,O,O,O,X,X,2,2,1,1,0,0,O,O,N,O,O,N,61.315851,0.208352
56,ADEKOL,CC=1N=CC(CO)=C(CNC=2C=CC(S(O)(O)O)=CC2)C1O,CC=1N=CC(CO)=C(CNC=2C=CC(S(O)(O)O)=CC2)C1O,O,O,X,X,2,2,1,1,0,0,N,N,O,O,O,O,-69.318028,0.285108
57,942920,OC(CC(O)C(F)(F)F)C(F)(F)F,OC(CC(O)C(F)(F)F)C(F)(F)F,NCCCN,X,X,X,2,2,2,0,0,0,O,O,O,O,N,N,142.028143,0.02284
58,ADHCOS10,Nc1ncnc2nc[nH]c12,O,O,Nc1ncnc2nc[nH]c12,O,O,1,1,1,1,1,1,N,O,O,N,O,O,-0.02154,0.011507
59,1101321,CC(NO)C(C)NO,NCS,CC(NO)C(C)NO,NCS,X,X,2,1,2,1,0,0,N,N,S,N,N,S,-33.988186,0.161403
61,1546325,Br,Br,OC(O)c1ccc(NCc2ccccn2)cc1,OC(O)c1ccc(NCc2ccccn2)cc1,X,X,1,1,2,2,0,0,Br,Br,N,N,N,N,54.198788,0.079576
62,ADUSAU,Oc1ccc(-n2nnnc2S)cc1,O,O,Oc1ccc(-n2nnnc2S)cc1,O,O,1,1,1,1,1,1,O,O,N,O,O,N,103.022159,0.195043
64,AETXCO,CON(O)OC(N)CNCC(N)O,OC(O)C(O)O,N,X,X,X,3,2,1,0,0,0,N,N,N,N,O,O,69.72280629,0.140997428
66,AFIQIT,c1cnc2c(c1)ccc1cccnc12,c1cnc2c(c1)ccc1cccnc12,CC(O)CC(C)O,X,X,X,2,2,2,0,0,0,N,N,N,N,O,O,93.251057,0.08194
68,1577838,OC(O)c1ccccc1C(O)O,O,O,OC(O)c1ccccc1C(O)O,O,O,1,1,1,1,1,1,O,O,O,O,O,O,50.189548,0.191255
69,AGICOK,Cc1cnc(NC(O)C2=C(O)c3ccccc3S(O)(O)N2C)s1,CCO,Cc1cnc(NC(O)C2=C(O)c3ccccc3S(O)(O)N2C)s1,CCO,X,X,2,1,2,1,0,0,N,O,O,N,O,O,4.448189,0.001438
72,AGOYIF,c1cnc2c(c1)ccc1cccnc12,c1cnc2c(c1)ccc1cccnc12,c1cnc2c(c1)ccc1cccnc12,X,X,X,2,2,2,0,0,0,N,N,N,N,N,N,128.507073,0.047004
73,189639,ON(O)O,O,O,ON(O)O,O,O,1,1,1,1,1,1,O,O,O,O,O,O,-38.535333,0.070528
74,AGUBEJ,CCN,O,CCN,O,O,CCN,1,1,1,1,1,1,O,O,N,O,O,N,53.597616,0.274691
75,1034266,CO[PH](O)(NS(O)(O)c1ccccc1)OC,CO[PH](O)(NS(O)(O)c1ccccc1)OC,c1cnc2c(c1)ccc1cccnc12,X,X,X,2,2,2,0,0,0,O,O,O,O,N,N,111.663043,0.031879
76,AGUNOH,CO[PH](O)(NS(O)(O)c1ccc(C)cc1)OC,CO[PH](O)(NS(O)(O)c1ccc(C)cc1)OC,c1cnc2c(c1)ccc1cccnc12,X,X,X,2,2,2,0,0,0,O,O,O,O,N,N,127.721414,0.063146
77,1958838,c1ccc(-c2cccc(-c3ccccn3)n2)nc1,c1ccc(-c2cccc(-c3ccccn3)n2)nc1,X,X,X,X,3,3,0,0,0,0,N,N,N,N,N,N,-61.885355,0.259973
78,AGUTAZ,Cl,c1ccc(-c2ncco2)nc1,Cl,c1ccc(-c2ncco2)nc1,X,X,1,2,1,2,0,0,Cl,N,N,Cl,N,N,-44.02756,0.322043
79,174133,OCc1ccccn1,OCc1ccccn1,OC1=NS(O)(O)c2ccccc21,OC1=NS(O)(O)c2ccccc21,X,X,2,2,1,1,0,0,O,O,N,N,O,N,90.784238,0.120432
80,AHADEV,c1ccc(-c2cccc(-c3ccccn3)n2)nc1,c1ccc(-c2cccc(-c3ccccn3)n2)nc1,X,X,X,X,3,3,0,0,0,0,N,N,N,N,N,N,163.362637,0.000615
81,1958835,c1ccc(-c2cccc(-c3ccccn3)n2)nc1,c1ccc(-c2cccc(-c3ccccn3)n2)nc1,X,X,X,X,3,3,0,0,0,0,N,N,N,N,N,N,90.754054,0.03458
83,201255,OC(O)c1nccc2ccccc12,O,OC(O)c1nccc2ccccc12,O,X,X,2,1,2,1,0,0,O,O,N,O,O,N,-97.773075,0.273311
85,1045432,Oc1ccc(-n2ccnc2)cc1,Oc1ccc(-n2ccnc2)cc1,Oc1ccc(-n2ccnc2)cc1,Oc1ccc(-n2ccnc2)cc1,Oc1ccc(-n2ccnc2)cc1,Oc1ccc(-n2ccnc2)cc1,1,1,1,1,1,1,N,N,N,N,N,N,127.311292,0.006535
86,AJELIK,CC(O)C(N)C(O)O,O,CC(O)C(N)C(O)O,O,X,X,2,1,2,1,0,0,O,N,O,O,N,O,63.109429,0.030412
87,756547,CC(C)(C)C(O)O,CC(C)(C)C(O)O,c1ccc(-c2cccc(-c3ccccn3)n2)nc1,X,X,X,1,2,3,0,0,0,O,O,O,N,N,N,65.577715,0.18168
88,AJIFOQ,CC(O)C(NNc1ccc(C(O)O)cc1)C(C)O,O,O,CC(O)C(NNc1ccc(C(O)O)cc1)C(C)O,O,O,1,1,1,1,1,1,O,O,O,O,O,O,95.006409,0.289932
89,758740,O,O,c1ccncc1,O,O,c1ccncc1,1,1,1,1,1,1,O,O,N,O,O,N,-74.369881,0.299247
90,AJIWEV,Cc1cccc(C(O)O)n1,Cc1cccc(C(O)O)n1,O,O,X,X,2,2,1,1,0,0,N,O,N,O,O,O,-109.449178,0.16192
91,2019088,CCCNCc1cc(N(O)O)cc(N(O)O)c1O,CO,CCCNCc1cc(N(O)O)cc(N(O)O)c1O,CO,X,X,2,1,2,1,0,0,N,O,O,N,O,O,-86.194506,0.305805
92,AKANUX,O,O,CN(C)CN,O,O,CN(C)CN,1,1,1,1,1,1,O,O,N,O,O,N,5.062601,0.300505
93,1977155,Cn1c(C(N)O)nc2ccccc21,Cn1c(CN)nc2ccccc21,Cn1c(CN)nc2ccccc21,X,X,X,2,2,2,0,0,0,N,N,N,N,N,N,69.431809,0.120804
94,ALEKAD,Cl,O,OP(CN)(CN)(O),OP(CN)(CN)(O),O,Cl,1,1,1,1,1,1,Cl,O,O,Cl,O,O,7.558441,0.049747
95,773637,NCS,NC(O)c1ncccc1O,NCS,NC(O)c1ncccc1O,X,X,1,2,1,2,0,0,O,N,N,O,N,N,71.794361,0.130289
96,ALUVOV,OC(O)c1cccc(C(O)O)n1,c1ccc(-c2ccccn2)nc1,Cl,X,X,X,3,2,1,0,0,0,N,O,O,N,N,Cl,-32.015292,0.274307
97,226302,NCS,NNC(c1ccccc1)c1ccncc1,NNC(c1ccccc1)c1ccncc1,NCS,NNC(c1ccccc1)c1ccncc1,NNC(c1ccccc1)c1ccncc1,1,1,1,1,1,1,N,N,N,N,N,N,145.4231275,0.08383762
98,AMBOCO10,Cl,Cl,CC(NO)C(C)(C)N,CC(NO)C(C)(C)N,X,X,1,1,2,0,2,0,Cl,Cl,N,N,N,N,48.703223,0.220203
99,1102531,CC(N)O,N,N,N,N,N,1,1,1,1,1,1,N,N,N,N,N,N,51.89606846,0.097844662
101,1465359,CCN(CC)C(O)c1cccnc1,O,O,CCN(CC)C(O)c1cccnc1,O,O,1,1,1,1,1,1,N,O,O,N,O,O,-26.205258,0.102086
102,AMGXCO,CC(NO)C(C)NO,CC(NO)C(C)NO,C,O,X,X,2,2,1,1,0,0,C,N,N,O,N,N,6.345194208,0.122714447
103,1479237,Cl,CC(C)(C)C(O)C(Cc1ccc(Cl)cc1)n1cncn1,CC(C)(C)C(O)C(Cc1ccc(Cl)cc1)n1cncn1,Cl,CC(C)(C)C(O)C(Cc1ccc(Cl)cc1)n1cncn1,CC(C)(C)C(O)C(Cc1ccc(Cl)cc1)n1cncn1,1,1,1,1,1,1,Cl,N,N,Cl,N,N,108.47638,0.036201
104,AMIJEL,CC(NO)C(C)NCC(C)(C)N,CC(NO)C(C)NCC(C)(C)N,X,X,X,X,3,3,0,0,0,0,N,N,N,N,N,N,65.596223,0.15501
105,205734,CC(NO)C(C)NCC(O)O,CC(NO)C(C)NCC(O)O,X,X,X,X,3,3,0,0,0,0,N,N,N,N,O,O,-33.767654,0.126706
106,AMNPCO,c1ccncc1,ONO,N,N,N,N,1,1,1,1,1,1,N,N,N,N,N,N,0.210579,0.012719
107,1453152,OP(O)(O)(C1=CC=CC=C1),OP(O)(O)(C1=CC=CC=C1),OP(O)(O)(C1=CC=CC=C1),OP(O)(O)(C1=CC=CC=C1),O,O,1,1,1,1,1,1,O,O,O,O,O,O,-89.066593,0.235352
108,AMOXCO,NC(O)C(O)O,O,NC(O)C(O)O,O,X,X,2,1,2,1,0,0,O,O,O,O,O,O,-68.816582,0.271557
109,701485,c1cc(-c2nnc(-c3ccncc3)o2)ccn1,O,O,c1cc(-c2nnc(-c3ccncc3)o2)ccn1,O,O,1,1,1,1,1,1,O,O,N,O,O,N,74.20967,0.145053
110,ANUMEE,NCS,Nc1cccnc1,Nc1cccnc1,NCS,Nc1cccnc1,Nc1cccnc1,1,1,1,1,1,1,N,N,N,N,N,N,102.028867,0.18297
111,1982392,Nc1cccnc1,NNN,NNN,Nc1cccnc1,Nc1cccnc1,Nc1cccnc1,1,1,1,1,1,1,N,N,N,N,N,N,116.355164,0.257763
112,ANUTOV,CC(C)NC(Nc1cc2c(cc1NC(NC(C)C)NC(C)C)OC(C)(C)O2)NC(C)C,CC(O)CC(C)O,CC(O)CC(C)O,X,X,X,2,2,2,0,0,0,O,O,N,N,O,O,-93.446381,0.000124
113,2045934,CN(C)C(Nc1cc2c(cc1NC(N(C)C)N(C)C)OC(C)(C)O2)N(C)C,CC(O)CC(C)O,CC(O)CC(C)O,X,X,X,2,2,2,0,0,0,O,O,O,O,N,N,87.242254,0.244544
114,ANUZAN,CC(O)CC(C)O,CN1C=CN(C)C1NC=1C=C2OC(C)(C)OC2=CC=1NC1N(C)C=CN1C,CC(O)CC(C)O,X,X,X,2,2,2,0,0,0,O,O,O,O,N,N,124.875004,0.205107
116,APICCO,OC(O)c1ccccn1,O,OC(O)c1ccccn1,O,X,X,2,1,2,1,0,0,N,O,O,N,O,O,84.218609,0.300832
117,783306,Nc1nnnn1N,Nc1nnnn1N,Nc1nnnn1N,Nc1nnnn1N,Nc1nnnn1N,Nc1nnnn1N,1,1,1,1,1,1,N,N,N,N,N,N,49.660998,0.006785
118,AQATET,OC(O)O,c1ccc(-c2ccccn2)nc1,c1ccc(-c2ccccn2)nc1,X,X,X,2,2,2,0,0,0,O,O,N,N,N,N,45.35789752,0.162099037
119,1440910,OC(O)O,c1ccc(-c2ccccn2)nc1,c1ccc(-c2ccccn2)nc1,X,X,X,2,2,2,0,0,0,O,N,N,O,N,N,42.82869301,0.147035292
120,AQAWUK,CC(NO)C(C)NCCc1ccccn1,CC(NO)C(C)NCCc1ccccn1,Cc1ccccc1,Cc1ccccc1,X,X,2,2,1,1,0,0,C,C,N,N,N,N,13.00261508,0.137087347
121,212109,CC(NO)C(C)NCCc1ccccc1Cl,CC(NO)C(C)NCCc1ccccc1Cl,Cc1ccccc1,Cc1ccccc1,X,X,2,2,1,1,0,0,C,C,N,N,N,N,14.19101511,0.10295645
122,AQAXEV,CC(NO)C(C)NCCc1ccccn1,CC(N)C(C)NCCc1ccccn1,C,X,X,X,3,2,1,0,0,0,C,N,N,N,N,N,43.52568328,0.14445903
123,204458,OC(CC(O)C(F)(F)F)C(F)(F)F,OC(CC(O)C(F)(F)F)C(F)(F)F,O,O,X,X,2,2,1,1,0,0,O,O,O,O,O,O,122.727451,0.18074
124,AQMLCO,OC(O)CC(O)C(O)O,O,OC(O)CC(O)C(O)O,O,X,X,2,1,2,1,0,0,O,O,O,O,O,O,0.167694315,0.156633858
125,969834,OC(O)c1cc(OCc2ccccc2C(O)O)cc(C(O)O)c1,Cc1ccc2ccc3ccc(C)nc3c2n1,O,O,X,X,2,2,1,1,0,0,N,N,O,O,O,O,-12.73641925,0.188389905
127,1407348,O,C1=NN=C(O)N1,OC(O)c1cc(N(O)O)cc(N(O)O)c1,O,C1=NN=C(O)N1,OC(O)c1cc(N(O)O)cc(N(O)O)c1,1,1,1,1,1,1,O,N,O,O,N,O,111.542819,0.204967
128,AQUWUF,O,c1cc(-c2ccncc2)ccn1,O,O,c1cc(-c2ccncc2)ccn1,O,1,1,1,1,1,1,O,N,O,O,N,O,15.58473558,0.143627048
129,2059714,NCS,NC(O)c1cccnc1,NC(O)c1cccnc1,NCS,NC(O)c1cccnc1,NC(O)c1cccnc1,1,1,1,1,1,1,N,N,N,N,N,N,2.726295445,0.176753472
130,ARAGAE,NCS,NC(O)c1cccnc1,NC(O)c1cccnc1,NCS,NC(O)c1cccnc1,NC(O)c1cccnc1,1,1,1,1,1,1,N,N,N,N,N,N,-18.093243,0.308478
134,ARAHEJ,C[SH](C)O,NC(O)c1ccncc1,NCS,C[SH](C)O,NC(O)c1ccncc1,NCS,1,1,1,1,1,1,O,N,N,O,N,N,137.018701,0.040669
136,ARINIY,CC(NO)C(C)NO,CCCONC(C)C(C)NO,c1c[nH]cn1,X,X,X,2,3,1,0,0,0,N,N,N,N,N,C,17.72907326,0.167998152
139,1978998,CCOC(O)c1nn(-c2ccccc2)c(O)c1NNc1ccc(N(O)O)cc1O,CCOC(O)c1nn(-c2ccccc2)c(O)c1NNc1ccc(N(O)O)cc1O,X,X,X,X,3,3,0,0,0,0,N,N,O,O,O,O,47.270246,0.093907
140,AROMOK,Cl,Cl,CC(NO)C(C)NNC(O)NNC(C)C(C)NO,X,X,X,1,1,4,0,0,0,Cl,Cl,N,N,N,N,18.97576558,0.176714875
143,1991940,Cc1ccn(-c2cncc(-n3ccc(C)n3)n2)n1,ON(O)O,ON(O)O,O,X,X,3,1,1,1,0,0,N,N,N,O,O,O,86.718581,0.098905
145,ATOKID,OC(O)CCc1ccccc1,C1N2CN3CN1CN(C2)C3,O,OC(O)CCc1ccccc1,C1N2CN3CN1CN(C2)C3,O,1,1,1,1,1,1,O,N,O,O,N,O,-125.961623,0.212391
148,ATUPOU,CC(NO)C(C)NO,NNN,CC(NO)C(C)NO,NNN,X,X,2,1,2,1,0,0,N,N,N,N,N,N,29.556428,0.300579
151,757540,CN1C=CN(CC(O)(O))C1,CN1C=CN(CC(O)(O))C1,O,O,O,O,1,1,1,1,1,1,O,O,O,O,O,O,123.576859,0.212005
154,AWARIB,CC(C)(C)C1=CC(C(C)(C)C)=C(O)C=2NC=3C=C(C(C)(C)C)C=C(C(C)(C)C)C3OC12,OCCO,CC(C)(C)C1=CC(C(C)(C)C)=C(O)C=2NC=3C=C(C(C)(C)C)C=C(C(C)(C)C)C3OC12,X,X,X,2,2,2,0,0,0,O,O,N,O,O,N,51.295138,0.18683
157,211026,OC(Nc1cccc2cccnc12)C(Cc1ccccc1)(Cc1ccccc1)C(O)Nc1cccc2cccnc12,CN,CN,X,X,X,4,1,1,0,0,0,N,N,N,N,C,C,7.03886452,0.18061496
161,929244,Cc1ccc(C(O)NNC(c2ccccc2)C(NNC(O)c2ccc(C)cc2)c2ccccc2)cc1,Cc1ccc(C(O)NNC(c2ccccc2)C(NNC(O)c2ccc(C)cc2)c2ccccc2)cc1,X,X,X,X,3,3,0,0,0,0,N,N,N,N,O,O,22.3691414,0.116655432
163,842925,CCCc1nc(C(O)O)c(C(O)O)[nH]1,O,CCCc1nc(C(O)O)c(C(O)O)[nH]1,O,X,X,2,1,2,1,0,0,N,O,O,N,O,O,94.078063,0.291195
169,AYODAU,I,O,c1cnc2c(c1)ccc1cccnc12,c1cnc2c(c1)ccc1cccnc12,X,X,1,1,2,2,0,0,I,O,N,N,N,N,60.328195,0.265532
170,747424,O,O,O,O,c1cnc2c(c1)ccc1cccnc12,X,1,1,1,1,2,0,O,O,O,O,N,N,60.05253216,0.141387013
171,AYOKAB,CC1n(CC(O)O)C2=CC=CC=C2n1CC(O)O,O,O,CC1n(CC(O)O)C2=CC=CC=C2n1CC(O)O,O,O,1,1,1,1,1,1,O,O,O,O,O,O,96.819496,0.285054
172,AYOKEF,OC1C2=CC=Cn=C2C=2n=CC=CC12,c1c[nH]cn1,c1c[nH]cn1,NCS,NCS,X,2,1,1,1,1,0,N,N,N,N,N,N,-117.213147,0.309912
174,AYUKEM,OC(NC(O)c1cccs1)c1cccs1,OC(NC(O)c1cccs1)c1cccs1,[O-][Cl](=O)(=O)=O,[O-][Cl](=O)(=O)=O,X,X,2,2,1,1,0,0,O,O,O,O,O,O,128.7443,0.16556
178,AZIPIJ,ON(O)O,O,Cc1ccc2ccc3ccc(C)nc3c2n1,NCNCN,X,X,2,1,2,1,0,0,O,O,O,N,N,N,-17.84792,0.214979
179,850342,O,O,Nn1c(-c2ccccn2)nnc1-c1ccccn1,Nn1c(-c2ccccn2)nnc1-c1ccccn1,X,X,1,1,2,2,0,0,O,O,N,N,N,N,48.866628,0.03612
181,729582,Cc1cnc(C(O)O)cn1,Cc1cnc(C(O)O)cn1,O,O,X,X,2,2,1,1,0,0,O,O,O,N,O,N,-62.187716,0.277843
183,159101,C[SH](C)O,Cc1cc(CNO)c(O)c(N(O)O)c1,C[SH](C)O,Cc1cc(CNO)c(O)c(N(O)O)c1,X,X,1,2,1,2,0,0,O,O,N,O,O,N,48.59569,0.230621
184,BACNOJ,C[SH](C)O,ONCc1cc(-c2ccccc2)cc(N(O)O)c1O,C[SH](C)O,ONCc1cc(-c2ccccc2)cc(N(O)O)c1O,X,X,1,2,1,2,0,0,O,O,N,O,O,N,56.853167,0.184628
186,BACVIL,Oc1c(O)c2cccnc2c2ncccc12,Oc1c(O)c2cccnc2c2ncccc12,Oc1c(O)c2cccnc2c2ncccc12,X,X,X,2,2,2,0,0,0,N,N,N,N,N,N,76.202935,0.078334
188,BAFTEK,OS(O)(O)c1ccc(NCc2ccccn2)cc1,OS(O)(O)c1ccc(NCc2ccccn2)cc1,O,O,X,X,2,2,1,1,0,0,N,N,N,N,O,O,-0.604111,0.001211
189,BAGDUI,NC(O)c1cccnc1,NC(O)c1cccnc1,O,O,O,O,1,1,1,1,1,1,O,O,N,O,O,N,-4.313664,0.020803
190,BAGGAR,CC(NO)C(C)NCCCN,CC(NO)C(C)NCCCN,X,X,X,X,3,3,0,0,0,0,N,N,N,N,N,N,56.213437,0.242788
191,1105173,OC(O)O,NCCN,NCCN,X,X,X,2,2,2,0,0,0,O,O,N,N,N,N,98.600938,0.058088
192,BAHPUW,Cl,NCCCNCCN,CC(C)(N)CN,X,X,X,1,3,2,0,0,0,Cl,N,N,N,N,N,-1.828389,0.225156
193,1105431,CCS(C)C(O)O,CCS(C)C(O)O,O,O,X,X,2,2,1,1,0,0,S,O,O,S,O,O,50.66343,0.05465
194,BAKPOW,NCS,Cc1cccc(NC(O)c2ccccn2)c1,NCS,Cc1cccc(NC(O)c2ccccn2)c1,X,X,1,2,1,2,0,0,O,N,N,O,N,N,-0.676222,0.013911
195,2065376,NCS,Cc1cc(C)cc(NC(O)c2ccccn2)c1,NCS,Cc1cc(C)cc(NC(O)c2ccccn2)c1,X,X,1,2,1,2,0,0,O,N,N,O,N,N,2.143786,0.007029
196,BAKQIR,NCS,NCS,COc1ccc(NC(O)c2ccccn2)cc1,COc1ccc(NC(O)c2ccccn2)cc1,X,X,1,1,2,2,0,0,O,O,N,N,N,N,82.737991,0.288453
197,2065380,Cl,OC(Nc1ccccc1)c1ccccn1,Cl,OC(Nc1ccccc1)c1ccccn1,X,X,1,2,1,2,0,0,Cl,O,N,Cl,O,N,39.354433,0.18655
198,BAKRAK,O,OC(Nc1ccccc1)c1ccccn1,O,OC(Nc1ccccc1)c1ccccn1,X,X,1,2,1,2,0,0,O,O,N,O,O,N,-41.741408,0.320232
199,2065383,NCS,NCS,COc1cc(NC(O)c2ccccn2)cc(OC)c1,COc1cc(NC(O)c2ccccn2)cc(OC)c1,X,X,1,1,2,2,0,0,O,O,N,N,N,N,71.351502,0.094873
200,BAMDOM,NCS,Cn1ccnc1C(O)c1nccn1C,NCS,Cn1ccnc1C(O)c1nccn1C,X,X,1,2,1,2,0,0,N,N,N,N,N,N,2.479705,0.002457
204,BANWES,NCS,CCCC(O)NN,CCCC(O)NN,NCS,X,X,1,2,2,1,0,0,O,N,N,O,N,N,33.36907089,0.158797825
205,BANWIW,NCS,NNC(O)c1cccc(O)c1,NNC(O)c1cccc(O)c1,NCS,X,X,1,2,2,1,0,0,O,N,N,O,N,N,56.247094,0.18971
206,133096,c1ccc2c(c1)C1=NC2=NC2=NC(=NC3=NC(=NC4=NC(=N1)c1ccccc14)c1ccccc13)c1ccccc12,CN,CN,X,X,X,4,1,1,0,0,0,N,N,N,N,C,C,59.71560169,0.112905917
208,1510035,COC(O)c1cccc(C)c1NC(O)c1ccccn1,ON(O)O,COC(O)c1cccc(C)c1NC(O)c1ccccn1,ON(O)O,X,X,2,1,2,1,0,0,N,O,O,N,O,O,40.473768,0.076902
214,BDMGCO10,Br,Br,CONC(C)C(C)NO,CONC(C)C(C)NO,X,X,1,1,2,2,0,0,Br,Br,N,N,N,N,8.09823,0.139594
216,BEBDUI,CC1(N)CNCCNCCCNCCNC1,Cl,X,X,X,X,5,1,0,0,0,0,Cl,N,N,N,N,N,77.494631,0.101864
217,794826,OC(Nc1cc(Cl)c(Cl)cc1NC(O)c1ccccn1)c1ccccn1,Cl,Cl,X,X,X,4,1,1,0,0,0,Cl,Cl,N,N,N,N,93.603761,0.283077
219,1479093,OCc1cccc(CNNC(O)c2cc3ccccc3cc2O)n1,OCc1cccc(CNNC(O)c2cc3ccccc3cc2O)n1,X,X,X,X,3,3,0,0,0,0,N,N,O,N,N,O,-40.673082,0.268199
225,1552770,Cc1ccc(-c2cc(C3=NC(C)(C)CO3)nc(C3=NC(C)(C)CO3)c2)cc1,Cc1ccc(-c2cc(C3=NC(C)(C)CO3)nc(C3=NC(C)(C)CO3)c2)cc1,X,X,X,X,3,3,0,0,0,0,N,N,N,N,N,N,120.291605,0.018572
226,BELGEF,c1ccc2c(c1)C1=NC2=NC2=NC(=NC3=NC(=NC4=NC(=N1)c1ccccc14)c1ccccc13)c1ccccc12,CN,CN,X,X,X,4,1,1,0,0,0,N,N,C,N,N,C,94.806609,0.248722
228,BEMNIQ,Oc1ccccc1Sc1ccccc1O,Oc1ccccc1Sc1ccccc1O,X,X,X,X,3,3,0,0,0,0,S,O,O,S,O,O,-11.1425375,0.171851312
232,BENCIH,CC(NNC(O)Nc1ccccc1)c1ccccc1O,NNN,c1cnc2c(c1)ccc1cccnc12,X,X,X,3,1,2,0,0,0,O,O,N,N,N,N,42.47708266,0.130994457
233,909736,OC(O)C1CC=CCC1C(O)O,c1cnc2c(c1)ccc1cccnc12,O,O,O,X,1,2,1,1,1,0,N,N,O,O,O,O,101.390659,0.067565
234,BENFOR,OC(O)c1ccc(Cl)nc1,O,O,OC(O)c1ccc(Cl)nc1,O,O,1,1,1,1,1,1,O,O,O,O,O,O,122.307329,0.137549
235,1108851,OC1=NS(O)(O)c2ccccc21,O,O,O,O,OC1=NS(O)(O)c2ccccc21,1,1,1,1,1,1,O,O,N,O,O,N,85.520465,0.087325
236,BEQDEH,Cc1nn(-c2ccccc2)c(O)c1C(Nc1cccc2ccccc12)c1ccccc1,Cc1nn(-c2ccccc2)c(O)c1C(Nc1cccc2ccccc12)c1ccccc1,CN(C)CO,CN(C)CO,X,X,2,2,1,1,0,0,O,O,O,O,N,N,107.935778,0.179074
237,206514,NCS,CO,C1CNCCN1,NCS,CO,C1CNCCN1,1,1,1,1,1,1,O,N,N,O,N,N,120.066372,0.157806
238,BEQQAP,O,Oc1cccc(C(O)O)c1,NC(O)c1cccnc1,O,Oc1cccc(C(O)O)c1,NC(O)c1cccnc1,1,1,1,1,1,1,O,O,N,O,O,N,-68.773698,0.062321
239,225508,CC(C)O[PH](O)(NC(S)c1ccccc1)OC(C)C,CC(C)O[PH](O)(NC(S)c1ccccc1)OC(C)C,CC(C)O[PH](O)(NC(S)c1ccccc1)OC(C)C,CC(C)O[PH](O)(NC(S)c1ccccc1)OC(C)C,X,X,2,1,2,1,0,0,S,O,O,S,O,O,-99.348886,0.290445
240,BESXAZ,OC(O)CC(O)C(O)O,O,OC(O)CC(O)C(O)O,O,X,X,2,1,2,1,0,0,O,O,O,O,O,O,-33.272307,0.108543
241,1109323,O,O,COc1cc(CO)ccc1O,COc1cc(CO)ccc1O,X,X,1,1,2,2,0,0,O,O,O,O,O,O,20.17276256,0.164774718
242,BEXNIB10,NC(O)c1ccccn1,O,NC(O)c1ccccn1,O,X,X,2,1,2,1,0,0,O,O,N,O,N,O,6.898511,0.329317
243,844814,OCc1cccc(CO)n1,OC(O)c1cccc(C(O)O)n1,X,X,X,X,3,3,0,0,0,0,O,O,O,O,N,N,-12.668931,0.189384
245,163542,C(CNCCNCCCNCC1=CN=CN1)CNCC1CN=CN=1,X,X,X,X,X,6,0,0,0,0,0,N,N,N,N,N,N,77.591722,0.037238
246,BIGCUQ,Cl,Cl,OC(Nc1ccccc1NC(O)c1ccccn1)c1ccccn1,X,X,X,1,1,4,0,0,0,Cl,Cl,N,N,N,N,34.47100054,0.17266626
247,BIHCEA,CN1CCN(C)Cc2cccc(n2)CN(C)CCN(C)Cc2cccc(n2)C1,X,X,X,X,X,6,0,0,0,0,0,N,N,N,N,N,N,-4.830664,0.148374
248,235687,c1c[nH]c(-c2ncc[nH]2)n1,O,c1c[nH]c(-c2ncc[nH]2)n1,O,X,X,2,1,2,1,0,0,N,N,O,N,N,O,-20.515004,0.216346
249,BIKCUT,c1ccc(CN2CCN(Cc3ccccn3)CC2)nc1,ON(O)O,ON(O)O,X,X,X,4,1,1,0,0,0,N,N,O,N,N,O,-84.864983,0.018624
250,BIKMUD,c1ccc(CNC2CC(NCc3ccccn3)CC(NCc3ccccn3)C2)nc1,X,X,X,X,X,6,0,0,0,0,0,N,N,N,N,N,N,-8.551243,0.012765
252,BILBOQ,CC(C)(C)c1cc(O)c(O)c(C(C)(C)C)c1,NCc1ccncc1,CC(C)(C)c1cc(O)c(O)c(C(C)(C)C)c1,NCc1ccncc1,X,X,2,1,2,1,0,0,N,O,O,N,O,O,-22.664077,0.112011
254,BIMMUG,CC(C)CC(NC(O)C(N)O)C(O)O,c1ccc(-c2cccc(-c3ccccn3)n2)nc1,X,X,X,X,3,3,0,0,0,0,O,N,N,N,N,N,129.640345,0.001642
256,BINMES,O,OC(O)Cc1c[nH]c2ccccc12,OC(O)Cc1c[nH]c2ccccc12,c1cnc2c(c1)ccc1cccnc12,X,X,1,2,1,2,0,0,O,O,O,O,N,N,79.412141,0.104489
257,913725,CN1C(C(O)Nc2ccccn2)=C(O)c2ccccc2S1(O)O,CN(C)CO,CN1C(C(O)Nc2ccccn2)=C(O)c2ccccc2S1(O)O,CN(C)CO,X,X,2,1,2,1,0,0,O,N,O,O,N,O,4.4590219,0.110005013
261,1111566,O[PH](c1ccccc1)(c1ccccc1)c1ccccc1,ON(O)O,O[PH](c1ccccc1)(c1ccccc1)c1ccccc1,ON(O)O,X,X,1,2,1,2,0,0,O,O,O,O,O,O,-48.479486,0.303079
263,BIVPIF,NCC(O)NCC(O)O,ONO,CCNCCN,X,X,X,3,1,2,0,0,0,O,N,N,N,N,N,52.75526081,0.127956607
264,1111930,C1=CC=CN(O)C1C(O)(O),C1=CC=CN(O)C1C(O)(O),O,O,X,X,2,2,1,1,0,0,O,O,O,O,O,O,20.364608,0.072127
265,BIXBUG,NCC(NNc1ccccc1O)NNc1ccccc1O,c1ccncc1,c1ccncc1,X,X,X,4,1,1,0,0,0,O,O,N,N,N,N,39.93020268,0.12165302
266,BIXHIZ,OC(O)C(O)O,CC(NCCNC(C)c1ccccn1)c1ccccn1,X,X,X,X,2,4,0,0,0,0,O,O,N,N,N,N,70.625833,0.041091
267,2180261,OCc1cc(-c2ccccn2)nc(-c2ccccn2)c1,OCc1cc(-c2ccccn2)nc(-c2ccccn2)c1,X,X,X,X,3,3,0,0,0,0,N,N,N,N,N,N,121.030904,0.001589
268,BIYGUP,NCS,C1=CCN(O)C=C1CN,C1=CCN(O)C=C1CN,NCS,NCC1C=CCN(O)C=1,NCC1C=CCN(O)C=1,1,1,1,1,1,1,N,O,O,N,O,O,72.455884,0.069261
270,BIYHOG,CCCC(O)O,Cc1ncc[nH]1,CCCC(O)O,Cc1ncc[nH]1,X,X,2,1,2,1,0,0,O,O,N,O,O,N,-95.388702,0.280083
271,1890535,OC(O)c1c(Cl)cncc1Cl,O,c1cc(CCCc2ccncc2)ccn1,OC(O)c1c(Cl)cncc1Cl,O,c1cc(CCCc2ccncc2)ccn1,1,1,1,1,1,1,O,O,N,O,O,N,81.976034,0.20636
274,968431,OC(O)Cc1cn2ccccc2n1,O,OC(O)Cc1cn2ccccc2n1,O,X,X,2,1,2,1,0,0,O,N,O,O,N,O,87.239343,0.138182
276,BOHDEH,c1ccc(-c2ccccn2)nc1,OC(O)O,c1ccc(-c2ccccn2)nc1,X,X,X,2,2,2,0,0,0,N,N,O,O,N,N,41.67166127,0.150739192
278,BOKGUG,OC1=CC=CN=C1O,OC1=CC=CN=C1O,OC1=CC=CN=C1O,OC1=CC=CN=C1O,Cl,Cl,1,1,1,1,1,1,Cl,O,O,Cl,O,O,119.32822,0.196852
279,1889163,OC1=CC=CN=C1O,OC1=CC=CN=C1O,OC1=CC=CN=C1O,OC1=CC=CN=C1O,CCO,CCO,1,1,1,1,1,1,O,O,O,O,O,O,101.421241,0.144125
280,BOKKEU,N(P(=S)(c1ccccc1)c1ccccc1)P(=O)(c1ccccc1)c1ccccc1,N(P(=S)(c1ccccc1)c1ccccc1)P(=O)(c1ccccc1)c1ccccc1,CN(C)CO,CN(C)CO,X,X,2,2,1,1,0,0,O,S,O,O,S,O,94.299816,0.211739
281,BOKNUK,O,O,c1ccc(-c2cccc(-c3cccc(-c4ccccn4)n3)n2)nc1,X,X,X,1,1,4,0,0,0,O,O,N,N,N,N,-122.931238,0.215283
284,1881673,O,COC(O)NN,O,COC(O)NN,X,X,1,2,1,2,0,0,O,O,N,O,O,N,99.172991,0.312097
287,BOQNAW,OC(O)O,c1ccc(Nc2ccccn2)nc1,c1ccc(Nc2ccccn2)nc1,X,X,X,2,2,2,0,0,0,O,O,N,N,N,N,79.167538,0.215408
289,BOTQIL,NC(O)C(O)O,NCCN,NCCN,X,X,X,2,2,2,0,0,0,N,N,N,N,N,O,115.515492,0.094616
291,BOYKOS,Nc1c(C(O)O)cnn1-c1nc2ccccc2s1,Nc1c(C(O)O)cnn1-c1nc2ccccc2s1,O,O,O,O,1,1,1,1,1,1,O,O,O,O,O,O,83.46134,0.247589
293,BOZMAG,OCc1ccccn1,OCc1ccccn1,O,O,X,X,2,2,1,1,0,0,N,N,O,O,O,O,-84.041452,0.319236
296,1052807,CC(O)O,O,OCCCc1cccnc1,CC(O)O,O,OCCCc1cccnc1,1,1,1,1,1,1,O,O,N,O,O,N,34.36464387,0.15659479
297,1114855,C1=NC=C(N(O)O)N1,N,N,N,N,N,1,1,1,1,1,1,N,N,N,N,N,N,89.484516,0.035668
298,BOZXUM,C(NC1=CC=CC=C1)C1=C(O)CC(C)(C)C=C1O,C(NC1=CC=CC=C1)C1=C(O)CC(C)(C)C=C1O,CCO,CCO,X,X,2,2,1,1,0,0,O,O,N,O,O,N,106.196419,0.30231
299,1115030,Cl,[O-]/C(C\N1C=CCC=C1)c1ccccc1,CC(NO)C(C)NO,CC(NO)C(C)NO,X,X,1,1,2,2,0,0,Cl,N,N,N,N,C,11.63098177,0.169956292
302,BPYCXC,Br,Br,OCc1ccncc1,OCc1ccncc1,OCc1ccncc1,OCc1ccncc1,1,1,1,1,1,1,Br,Br,N,N,N,N,68.7851573,0.103864012
303,1115174,c1ccc(-c2ccccn2)nc1,c1ccc(-c2ccccn2)nc1,NCS,NCS,X,X,2,2,1,1,0,0,N,N,N,N,N,N,57.492003,0.084387
304,BTZPCO,Sc1nc2ccccc2s1,c1ccncc1,Sc1nc2ccccc2s1,c1ccncc1,X,X,2,1,2,1,0,0,S,N,N,S,N,N,65.453505,0.019424
305,1938156,OC(O)c1cccc(C(O)O)n1,O,O,c1ccncc1,X,X,3,1,1,1,0,0,O,O,O,O,N,N,-85.596766,0.321606
306,BUBQIA,c1cc(-c2n[nH]c(-c3ccncc3)n2)ccn1,OCO,O,c1cc(-c2n[nH]c(-c3ccncc3)n2)ccn1,OCO,O,1,1,1,1,1,1,N,O,O,N,O,O,-84.037631,0.240138
307,732481,Cl,Cc1cc(C)c(NC(C)c2cccc(-c3nc4ccccc4[nH]3)n2)c(C)c1,Cl,CO,X,X,1,3,1,1,0,0,Cl,N,N,N,Cl,O,-117.285139,0.327876
309,747872,c1c[nH]cn1,c1c[nH]cn1,c1c[nH]cn1,c1c[nH]cn1,c1c[nH]cn1,c1c[nH]cn1,1,1,1,1,1,1,N,N,N,N,N,N,-3.783401,0.106306
310,BUCZII,CC(C)O,CC(C)O,c1cnn(CCN(CCn2cccn2)CCn2cccn2)c1,X,X,X,1,1,4,0,0,0,O,O,N,N,N,N,28.12794052,0.209575657
311,BUKFAR,Cl,Cl,CN(NCc1c[nH]cn1)c1ccccn1,CO,X,X,1,1,3,1,0,0,Cl,Cl,N,N,N,O,90.723485,0.139576
312,1558281,NC(O)c1ccccn1,O,NC(O)c1ccccn1,O,X,X,2,1,2,1,0,0,O,N,O,O,N,O,85.168679,0.188134
313,BUVVIA,OC(O)c1ccc(C(O)O)nc1,c1ccc(-c2ccccn2)nc1,c1ccc(-c2ccccn2)nc1,X,X,X,2,2,2,0,0,0,O,N,N,N,N,N,121.39527,0.184404
314,2035294,Sc1ccccc1S,Cl,Cl,Cc1ccccn1,Cc1ccccn1,X,2,1,1,1,1,0,S,S,Cl,Cl,N,N,102.456071,0.22676
315,BUWNUE,Cc1ncc(CO)c(CNNC(N)N)c1O,N,N,N,X,X,3,1,1,1,0,0,N,N,N,N,O,N,40.6457821,0.121625935
316,1424853,c1ccc(CN(CCN(Cc2ccccn2)Cc2ccccn2)Cc2ccccn2)nc1,X,X,X,X,X,6,0,0,0,0,0,N,N,N,N,N,N,-99.186368,0.204453
317,BUZPUJ,Oc1ccc(C(O)O)nc1,O,Oc1ccc(C(O)O)nc1,O,X,X,2,1,2,1,0,0,O,N,O,O,N,O,-59.135372,0.31325
318,789307,Cc1ccc(S(O)(O)NC(C)C(O)O)cc1,OCO,c1cnc2c(c1)ccc1cccnc12,O,O,X,1,1,2,1,1,0,N,N,O,O,O,O,-111.142281,0.321591
319,CACZOV,OC(O)O,NCCN(CCN)CCN,X,X,X,X,2,4,0,0,0,0,O,O,N,N,N,N,74.464582,0.243696
321,916571,c1ccc(-c2ncc3ccccn23)nc1,Cl,Cl,c1ccc(-c2ncc3ccccn23)nc1,X,X,2,1,1,2,0,0,N,Cl,N,Cl,N,N,85.904133,0.289856
322,CAKKUW,OC(Nc1ccccc1OCCOc1ccccc1NC(O)c1ccccn1)c1ccccn1,X,X,X,X,X,6,0,0,0,0,0,O,O,N,N,N,N,-82.635455,0.116082
323,169593,C[SH](C)O,Cc1cnc(NC(O)C2=C(O)c3ccccc3S(O)(O)N2C)s1,C[SH](C)O,Cc1cnc(NC(O)C2=C(O)c3ccccc3S(O)(O)N2C)s1,X,X,1,2,1,2,0,0,O,N,O,O,N,O,113.57503,0.149561
324,CANGAB,Cc1nn(-c2ccccc2)c(O)c1C(O)c1ccccc1,Cc1nn(-c2ccccc2)c(O)c1C(O)c1ccccc1,CCO,CO,X,X,2,2,1,1,0,0,O,O,O,O,O,O,65.266452,0.070731
325,258483,O,O,C1=NN=CC1C=1C=CN=CC1,O,O,C=1C=C(C=2C=NNC2)C=CN1,1,1,1,1,1,1,O,O,N,O,O,N,112.326901,0.125595
326,CANRIW,OC(O)c1ccc(C(O)O)nc1,O,O,OC(O)c1ccc(C(O)O)nc1,X,X,2,1,1,2,0,0,O,O,O,O,N,N,-76.476238,0.286934
328,CAPYEB,OC(O)c1ccc(-c2cc(-c3ccc(C(O)O)cc3)nc(C(O)O)c2)cc1,OC(O)c1ccc(-c2cc(-c3ccc(C(O)O)cc3)nc(C(O)O)c2)cc1,O,O,X,X,2,2,1,1,0,0,O,O,N,O,N,O,-119.337469,0.185328
329,2065592,CN(C)CO,OC(OC(C(O)O)C(OC(O)c1ccccc1)C(O)O)c1ccccc1,O,O,O,O,1,1,1,1,1,1,O,O,O,O,O,O,117.96072,0.140653
330,CARQAR,OC(O)C1=CC=C(C[n]2C=CC=C(C(O)O)C2)C=C1,OC(O)C1=CC=C(C[n]2C=CC=C(C(O)O)C2)C=C1,O,O,O,O,1,1,1,1,1,1,O,O,O,O,O,O,75.132729,0.310914
331,282363,CC1CC(C)(C)NCCN(CC(O)O)C(C)CC(C)(C)NCCN1CC(O)O,X,X,X,X,X,6,0,0,0,0,0,O,O,N,N,N,N,91.822516,0.029803
332,CASMAM,O,O,NNNc1nc[nH]n1,O,O,NNNc1nc[nH]n1,1,1,1,1,1,1,O,O,N,O,O,N,51.825197,0.16217
333,282696,OC(O)c1ccc(C(O)O)nc1,O,OC(O)c1ccc(C(O)O)nc1,O,X,X,2,1,2,1,0,0,N,O,O,N,O,O,-66.742728,0.240652
334,CASYIF,Cl,COCc1cc(N(O)C(C)(C)C)ccn1,Cl,COCc1cc(N(O)C(C)(C)C)ccn1,X,X,1,2,1,2,0,0,Cl,O,N,Cl,O,N,-0.92395,0.039624
335,847603,Cl,Cl,CC(C)(C)C(O)Nc1cccc(CN(Cc2ccccn2)Cc2cccc(NC(O)C(C)(C)C)n2)n1,X,X,X,1,1,4,0,0,0,Cl,Cl,N,N,N,N,124.855654,0.242875
336,CAVYIJ,Br,Br,CC(C)(C)C(O)Nc1cccc(CN(Cc2ccccn2)Cc2cccc(NC(O)C(C)(C)C)n2)n1,X,X,X,1,1,4,0,0,0,Br,Br,N,N,N,N,130.002681,0.146411
337,847607,CC(C)(C)C(O)Nc1cccc(CN(Cc2ccccn2)Cc2cccc(NC(O)C(C)(C)C)n2)n1,NNN,NNN,X,X,X,4,1,1,0,0,0,N,N,N,N,N,N,133.113072,0.119693
338,CAWLIX,c1cc(-c2ccncc2)ccn1,OC(O)c1ccc(F)cc1,O,c1cc(-c2ccncc2)ccn1,OC(O)c1ccc(F)cc1,O,1,1,1,1,1,1,N,O,O,N,O,O,119.61469,0.282775
339,266379,CCCNC(NC(NC(O)N(C(C)C)C(C)C)N(C(C)C)C(C)C)c1cccc(C(NCCC)NC(NC(O)N(C(C)C)C(C)C)N(C(C)C)C(C)C)n1,Cl,X,X,X,X,5,1,0,0,0,0,N,N,O,N,O,Cl,18.754039,0.083619
341,1518781,Cl,COC(O)C12CN(C)CC(C(O)OC)(C(c3ccccn3)NC1c1ccccn1)C2(O)O,O,X,X,X,1,4,1,0,0,0,Cl,O,N,N,N,N,67.612627,0.151751
342,CAXJAP,COC(O)C12CN(C)CC(C(O)OC)(C(C3=CC=CC=N3)NC1C1=CC=CC=N1)C2(O)O,OC(O)c1ccccn1,X,X,X,X,4,2,0,0,0,0,O,N,N,N,N,N,61.544131,0.297626
343,1517402,NCS,NCCC(O)NCc1cccnc1,NCCC(O)NCc1cccnc1,NCS,NCCC(O)NCc1cccnc1,NCCC(O)NCc1cccnc1,1,1,1,1,1,1,N,N,N,N,N,N,104.780781,0.142045
344,CAYCIO,NCCSCCNC(O)CN,ONO,ONO,X,X,X,4,1,1,0,0,0,S,N,N,N,N,N,70.006031,0.092667
345,2117040,CC(C)(C)c1cc(O)c(O)c(C(C)(C)C)c1,c1ccc2c(CCc3ccncc3)cccc2c1,CC(C)(C)c1cc(O)c(O)c(C(C)(C)C)c1,c1ccc2c(CCc3ccncc3)cccc2c1,X,X,2,1,2,1,0,0,O,O,N,O,O,N,33.41245103,0.119101222
346,CAYSOM,CC(C)(C)c1cc(NCC(O)c2nc3cc(C(C)(C)C)cc(C(C)(C)C)c3o2)c(O)c(C(C)(C)C)c1,CC(C)(C)c1cc(NCC(O)c2nc3cc(C(C)(C)C)cc(C(C)(C)C)c3o2)c(O)c(C(C)(C)C)c1,X,X,X,X,3,3,0,0,0,0,O,O,N,N,N,N,35.487464,0.276895
347,819583,Oc1ccc(O)c(CN(CC(O)O)CC(O)O)c1,O,O,X,X,X,4,1,1,0,0,0,N,O,O,O,O,O,50.303838,0.1511
348,CAZKIZ,OC(NNC(CCc1ccccc1)c1ccccc1)c1ccccc1,OC(NNC(CCc1ccccc1)c1ccccc1)c1ccccc1,c1ccncc1,c1ccncc1,X,X,2,2,1,1,0,0,O,O,N,N,N,N,-97.408491,0.253529
350,CBENCO01,Cl,Cl,c1ccc2[nH]c(-c3cscn3)nc2c1,c1ccc2[nH]c(-c3cscn3)nc2c1,X,X,1,1,2,2,0,0,Cl,Cl,N,N,N,N,70.414578,0.043564
351,1121736,Cl,CC(NO)C(C)NO,Cl,CC(NO)C(C)NO,X,X,1,2,1,2,0,0,Cl,N,N,Cl,N,N,-18.61921056,0.107048702
352,CEBDIW,C1=CCN(O)C=C1C(O)O,O,O,C1=CCN(O)C=C1C(O)O,O,O,1,1,1,1,1,1,O,O,O,O,O,O,87.105076,0.176363
355,883182,CO,CO,c1cncc(-c2cc(-c3cccnc3)[nH]n2)c1,CO,CO,c1cncc(-c2cc(-c3cccnc3)[nH]n2)c1,1,1,1,1,1,1,O,O,N,O,O,N,65.972445,0.11755
356,CEDZAO,O,OC(O)c1c[nH]cn1,O,OC(O)c1c[nH]cn1,X,X,1,2,1,2,0,0,O,O,N,O,O,N,-62.011089,0.270754
357,907342,Nn1c(-c2ccccn2)nnc1-c1ccccn1,O,Nn1c(-c2ccccn2)nnc1-c1ccccn1,O,X,X,2,1,2,1,0,0,N,N,O,N,N,O,4.899016,0.029074
358,CEGXAO,NCS,c1cnc(-c2nnc(-c3cnccn3)o2)cn1,O,NCS,c1cnc(-c2nnc(-c3cnccn3)o2)cn1,O,1,1,1,1,1,1,O,N,N,O,N,N,117.917116,0.25078
359,1523696,Cl,Cl,C1Nc2nc(n[nH]2)-c2n[nH]c(n2)NCNc2nc(n[nH]2)-c2n[nH]c(n2)N1,X,X,X,1,1,4,0,0,0,Cl,Cl,N,N,N,N,-59.812042,0.323746
360,CEJVOD,NCS,CO,c1ccc2c(c1)nnn2CCn1nnc2ccccc21,NCS,CO,c1ccc2c(c1)nnn2CCn1nnc2ccccc21,1,1,1,1,1,1,O,N,N,O,N,N,79.725624,0.144353
361,1123181,C1CSCCSCCSCCSCCSCCS1,X,X,X,X,X,6,0,0,0,0,0,S,S,S,S,S,S,14.962677,0.171166
362,CEPHIR,O,CN(CCN(C)Cc1cccc(N(C)C)n1)Cc1cccc(N(C)C)n1,O,X,X,X,1,4,1,0,0,0,O,N,N,N,N,O,-5.052008,0.145454
363,1571741,Clc1cc(-c2ccccn2)nc(-c2ccccn2)c1,CC(C)c1cccc(C(C)C)c1O[PH](O)(O)O,CO,O,X,X,3,1,1,1,0,0,N,N,N,O,O,O,65.746938,0.120102
364,CERGUE,COc1ccc(NCc2cc(Cl)ccc2O)c(OC)c1,COc1ccc(NCc2cc(Cl)ccc2O)c(OC)c1,X,X,X,X,3,3,0,0,0,0,O,N,O,N,O,O,35.081769,0.242523
365,1477147,OCCN(CCO)CCO,OCCN(CCO)CCO,X,X,X,X,3,3,0,0,0,0,O,O,N,O,O,N,5.257961,0.20701
366,CETJIU,N1=NC(C)N(N)C1S,O,N1=NC(C)N(N)C1S,O,X,X,2,1,2,1,0,0,S,O,N,S,O,N,30.36447449,0.187580765
367,2211692,Cl,CC(O)c1ccc(N)cc1,O,Cl,CC(O)c1ccc(N)cc1,O,1,1,1,1,1,1,Cl,N,O,Cl,N,O,84.63758,0.312843
369,611630,Cc1ccc(-c2nc(-c3ccccn3)nc(-c3ccccn3)n2)cc1,Cc1ccc(-c2nc(-c3ccccn3)nc(-c3ccccn3)n2)cc1,X,X,X,X,3,3,0,0,0,0,N,N,N,N,N,N,143.079085,0.20011
370,CEXHAR,C(NC=1C(O)N(C=2C=CC=CC2)N(C)C1C)C1C=CC=CC=1O,C(NC=1C(O)N(C=2C=CC=CC2)N(C)C1C)C1C=CC=CC=1O,X,X,X,X,3,3,0,0,0,0,O,O,O,O,N,N,61.131823,0.152488
371,1580010,NCc1cccc(NC(O)Nc2ccccn2)c1,CO,NCc1cccc(NC(O)Nc2ccccn2)c1,CO,X,X,2,1,2,1,0,0,O,O,N,O,O,N,74.666239,0.313387
372,CEZYIS,COc1cccc(CO)c1O,COc1cccc(CO)c1O,c1ccc(-c2ccccn2)nc1,X,X,X,2,2,2,0,0,0,O,O,O,O,N,N,-51.684591,0.132956
373,267680,COc1cccc(CO)c1O,COc1cccc(CO)c1O,c1ccc(-c2ccccn2)nc1,X,X,X,2,2,2,0,0,0,O,O,O,O,N,N,-44.522356,0.325283
374,CICWIV,Cl,Cl,Oc1c(O)c2cccnc2c2ncccc12,c1ccncc1,c1ccncc1,X,1,1,2,1,1,0,Cl,Cl,N,N,N,N,28.513096,0.1757
375,649068,COC1OC(COCc2ccccn2)C(OCc2ccccc2)C(OCc2ccccn2)C1OCc1ccccn1,O,O,X,X,X,4,1,1,0,0,0,O,O,N,N,O,O,54.346159,0.096
376,CICYAO,c1ccc2c3c([nH]c2c1)CCc1cncnc1-3,CO,CO,c1ccc2c3c([nH]c2c1)CCc1cncnc1-3,CO,CO,1,1,1,1,1,1,N,O,O,N,O,O,4.583482,0.26043
377,619087,OC(O)c1cccc(Cl)c1,O,c1cnc2c(c1)ccc1cccnc12,c1cnc2c(c1)ccc1cccnc12,X,X,1,1,2,2,0,0,O,O,N,N,N,N,92.737445,0.164442
378,CIFBEA,NCS,NCS,CCCCn1nnc(-c2ccccn2)n1,CCCCn1nnc(-c2ccccn2)n1,X,X,1,1,2,2,0,0,N,N,N,N,N,N,-63.031019,0.232487
379,1852943,CC(C)Cn1c(-c2cccc(-c3nc4ccccc4n3CC(C)C)n2)nc2ccccc21,CC(C)Cn1c(-c2cccc(-c3nc4ccccc4n3CC(C)C)n2)nc2ccccc21,X,X,X,X,3,3,0,0,0,0,N,N,N,N,N,N,-46.841109,0.31561
380,CIGGAA,CC(O)Nc1cccc(NC(C)O)n1,CC(O)Nc1cccc(NC(C)O)n1,X,X,X,X,3,3,0,0,0,0,N,N,O,O,O,O,117.650251,0.124046
381,654308,CSC(S)NNCc1ccccn1,CSC(S)NNCc1ccccn1,X,X,X,X,3,3,0,0,0,0,S,S,N,N,N,N,-32.301859,0.291281
382,CIHHIN,COc1cc(-c2ccccn2)nc(-c2ccccn2)c1,COc1cc(-c2ccccn2)nc(-c2ccccn2)c1,X,X,X,X,3,3,0,0,0,0,N,N,N,N,N,N,-63.662975,0.315901
383,1537389,OC(O)c1ccc(-n2cncn2)cc1,O,O,OC(O)c1ccc(-n2cncn2)cc1,O,O,1,1,1,1,1,1,O,O,N,O,O,N,-88.166317,0.324256
384,CIKGOT,Cl,ONC1=C(NO)CCCC1,Cl,ONC1=C(NO)CCCC1,X,X,1,2,1,2,0,0,Cl,N,N,Cl,N,N,-26.173994,0.149368
386,CILZEF,Cl,Cl,c1cnc2c(c1)ccc1cccnc12,c1cnc2c(c1)ccc1cccnc12,X,X,1,1,2,2,0,0,Cl,Cl,N,N,N,N,108.737709,0.279962
387,1585632,c1cnc2c(c1)ccc1cccnc12,CO,Cl,c1cnc2c(c1)ccc1cccnc12,X,X,2,1,1,2,0,0,O,Cl,N,N,N,N,85.63592,0.204892
388,CILZOP,N(NC(C(O)O)C)C=1N=C(O)C(C)=NN1,N(NC(C(O)O)C)C=1N=C(O)C(C)=NN1,X,X,X,X,3,3,0,0,0,0,O,O,N,N,N,N,64.916415,0.161388
389,CIMTID,Nc1cncc(C(O)O)c1,O,O,Nc1cncc(C(O)O)c1,O,O,1,1,1,1,1,1,O,O,N,O,O,N,-54.426674,0.302602
391,2040561,Cl,Cl,c1ccc(-c2ccccn2)nc1,c1ccc(-c2ccccn2)nc1,X,X,1,1,2,2,0,0,Cl,Cl,N,N,N,N,65.865272,0.184359
392,CIZGOK,CC(NNC(O)c1ccccc1O)c1cnccn1,CC(NNC(O)c1ccccc1O)c1cnccn1,X,X,X,X,3,3,0,0,0,0,N,N,O,N,N,O,-32.251119,0.219638
393,1972740,[O-][Cl](=O)(=O)=O,[O-][Cl](=O)(=O)=O,C1CNCCNCCCNCCNC1,X,X,X,1,1,4,0,0,0,O,N,N,N,N,O,121.413031,0.20012
394,COAQAC,CC(O)O,O,O,CC(O)O,O,O,1,1,1,1,1,1,O,O,O,O,O,O,82.050612,0.327394
397,1128213,Oc1c(Cl)cc(Cl)cc1C(O)Nc1cc(Cl)c(Cl)cc1NC(O)c1cc(Cl)cc(Cl)c1O,CC(C)(C)c1ccncc1,CC(C)(C)c1ccncc1,X,X,X,4,1,1,0,0,0,O,O,N,N,N,N,19.78682478,0.149724752
399,1892045,Cc1ccc2cccc(O)c2n1,c1ccncc1,Cc1ccc2cccc(O)c2n1,c1ccncc1,X,X,2,1,2,1,0,0,O,N,N,O,N,N,-82.459121,0.302669
401,1128453,OCCN(CC(O)O)CC(O)O,OCCN(CC(O)O)CC(O)O,X,X,X,X,3,3,0,0,0,0,O,O,N,O,O,N,52.871976,0.028015
402,COFJEM10,C1=CC=C(CCSCCSCCC2=CC=CC=N2)N=C1,O,O,X,X,X,4,1,1,0,0,0,S,S,O,O,N,N,76.45101078,0.13607539
403,1884891,OCCOCCOCCO,ON(O)O,ON(O)O,X,X,X,4,1,1,0,0,0,O,O,O,O,O,O,-59.821388,0.321253
404,COFQAS,OCCO,CC(O)O,OCCO,CC(O)O,X,X,2,1,2,1,0,0,O,O,O,O,O,O,-87.202189,0.263506
405,COHIST10,NC(Cc1c[nH]cn1)C(O)O,NC(Cc1c[nH]cn1)C(O)O,X,X,X,X,3,3,0,0,0,0,N,N,N,N,O,O,-101.473793,0.240344
406,COKHIT,O[PH](C1=CC=CC=C1)(C1=CC=CC=N1)C1=CC=CC=N1,O[PH](C1=CC=CC=C1)(C1=CC=CC=N1)C1=CC=CC=N1,Cl,Cl,X,X,2,2,1,1,0,0,O,Cl,N,O,N,Cl,68.803381,0.024479
408,COMLAS,Cl,c1cc(C(n2cccn2)n2cccn2)nc(C(n2cccn2)n2cccn2)c1,X,X,X,X,1,5,0,0,0,0,Cl,N,N,N,N,N,57.654209,0.113782
410,CONWAD,ON(O)C12CNCCNCC(N(O)O)(CNCCNC1)CNCCNC2,X,X,X,X,X,6,0,0,0,0,0,N,N,N,N,N,N,78.06621829,0.098846225
410,CONWAD,ON(O)C12CNCCNCC(N(O)O)(CNCCNC1)CNCCNC2,X,X,X,X,X,6,0,0,0,0,0,N,N,N,N,N,N,78.06621829,0.098846225
410,CONWAD,ON(O)C12CNCCNCC(N(O)O)(CNCCNC1)CNCCNC2,X,X,X,X,X,6,0,0,0,0,0,N,N,N,N,N,N,78.06621829,0.098846225
410,CONWAD,ON(O)C12CNCCNCC(N(O)O)(CNCCNC1)CNCCNC2,X,X,X,X,X,6,0,0,0,0,0,N,N,N,N,N,N,78.06621829,0.098846225
411,COPHCO,OC(O)O,c1cnc2c(c1)ccc1cccnc12,c1cnc2c(c1)ccc1cccnc12,X,X,X,2,2,2,0,0,0,O,O,N,N,N,N,-6.00E-05,0.100332
413,COPQUU,Clc1cncc(Cl)c1Cl,CC(NO)C(C)NO,CC(NO)C(C)NO,ONO,X,X,1,2,2,1,0,0,N,N,N,N,N,N,5.759144563,0.100719312
414,1896300,Cc1cccc(CN(Cc2cccc(C)n2)Cc2cccc(C)n2)n1,C1=CC=CC(O)C(O)=C1,X,X,X,X,4,2,0,0,0,0,O,O,N,N,N,N,141.81793,0.056337
415,CORQAD,ONC(c1ccccc1)C(NO)c1ccccc1,ONC(c1ccccc1)C(NO)c1ccccc1,c1cnccn1,Br,X,X,2,2,1,1,0,0,N,N,N,N,N,Br,0.34967249,0.13856908
416,1996032,Cl,CC(NO)C(C)NO,CC(NO)C(C)NO,CN(C)c1ccncc1,X,X,1,2,2,0,1,0,Cl,N,N,N,N,N,-1.554480715,0.120156598
417,CORRIM,CC(NO)C(C)NO,CC(NO)C(C)NO,Cc1ccncc1,Br,X,X,2,2,1,1,0,0,N,N,N,N,N,Br,4.739028558,0.109094925
418,1129939,COc1ccccc1NCc1ccccc1O,COc1ccccc1NCc1ccccc1O,X,X,X,X,3,3,0,0,0,0,N,N,O,O,O,O,1.743733,0.000529
419,COSAPI10,NC(C)CNCC1=CC=CC=C1O,NC(C)CNCC1=CC=CC=C1O,X,X,X,X,3,3,0,0,0,0,O,N,N,O,N,N,27.81378437,0.17179658
420,697152,OC(O)c1ccc(C(O)O)nc1,O,OC(O)c1ccc(C(O)O)nc1,O,X,X,2,1,2,1,0,0,N,O,O,N,O,O,4.549174765,0.202453633
421,COSJOJ,C1=CC2=C(c3ccccc3)C3=NC(=C(c4ccccc4)C4=NC(=C(c5ccccc5)C5=NC(=C(c6ccccc6)C1=N2)C=C5)C=C4)C=C3,Fc1cc(F)c(F)c(S)c1F,Fc1cc(F)c(F)c(S)c1F,X,X,X,4,1,1,0,0,0,N,N,S,N,N,S,32.00940773,0.107495753
422,1130084,NCS,NCS,OCCN(CC=1N=C2C=CC=CC2N=1)CC=1N=C2C=CC=CC2N1,X,X,X,1,1,4,0,0,0,N,N,N,N,N,O,2.567284,0.010313
423,COTJED,Cl,c1csc(-n2cnnn2)n1,O,Cl,c1csc(-n2cnnn2)n1,O,1,1,1,1,1,1,Cl,N,O,Cl,N,O,-91.129703,0.316692
424,958304,Cl,Cc1cnc2c(ccc3c(C)c(C)cnc32)c1C,Cl,Cc1cnc2c(ccc3c(C)c(C)cnc32)c1C,X,X,1,2,1,2,0,0,Cl,N,N,Cl,N,N,64.027211,0.066828
426,COXPAG,NCS,NCS,Nc1nccs1,Nc1nccs1,Nc1nccs1,Nc1nccs1,1,1,1,1,1,1,N,N,N,N,N,N,90.94207776,0.16920154
427,1130539,c1ccc2scnc2c1,CN(C)CO,NCS,c1ccc2scnc2c1,CN(C)CO,NCS,1,1,1,1,1,1,N,O,N,N,O,N,120.234321,0.20912
428,COYLIM,CC(NO)C(C)NCCCNC(C)C(C)NO,NNN,NNN,X,X,X,4,1,1,0,0,0,N,N,N,N,N,N,97.315707,0.140368
429,CPMGDC,Cl,CC(NO)C(CCCCCCCCCCCCC(NO)C(C)NO)NO,c1ccncc1,X,X,X,1,4,1,0,0,0,Cl,N,N,N,N,N,6.007373172,0.126709715
430,1131921,Cl,NC(N)S,NC(N)S,Cl,NC(N)S,NC(N)S,1,1,1,1,1,1,Cl,S,S,Cl,S,S,-83.035432,0.325668
431,CTPCPM,OC(O)O,c1ccncc1,c1ccncc1,c1ccncc1,c1ccncc1,X,2,1,1,1,1,0,N,N,N,N,O,O,142.058889,0.019135
432,CUBJAK,P(c1ccccc1)(c1ccccc1)(c1ccccc1),CCOC(O)C(C)(C)C(O)OCC,CC(NO)C(C)NO,CC(NO)C(C)NO,X,X,1,1,2,2,0,0,P,N,N,N,N,C,4.913389265,0.145848925
433,CUKLEZ,P(c1ccccc1)(c1ccccc1)(c1ccccc1),CC,CC(NO)C(C)NO,CC(NO)C(C)NO,X,X,1,1,0,2,2,0,P,N,N,N,N,C,6.404787857,0.166377165
434,1133029,P(c1ccccc1)(c1ccccc1)(c1ccccc1),CCOC(O)C(C)(C)C(O)OCC,CC(NO)C(C)NO,CC(NO)C(C)NO,X,X,1,1,2,2,0,0,P,N,N,N,N,C,4.913389265,0.145848925
435,CULRIK,OS(O)(O)O,NCCN(CCN)CCN,N,X,X,X,1,4,1,0,0,0,N,N,N,N,N,O,90.251551,0.212862
436,1411689,c1ccc(-c2nc3c4nc(-c5ccccn5)c(-c5ccccn5)nc4c4nc(-c5ccccn5)c(-c5ccccn5)nc4c3nc2-c2ccccn2)nc1,ON(O)O,ON(O)O,X,X,X,4,1,1,0,0,0,N,O,N,N,N,O,-70.496325,0.321358
437,CUPHED,c1cc(-c2nc3ccccc3[nH]2)nc(-c2nc3ccccc3[nH]2)c1,NCS,NCS,CN(C)CO,X,X,3,1,1,1,0,0,N,N,N,N,N,O,108.325818,0.261131
439,CURSUG,Br,Br,c1ccncc1,c1ccncc1,c1ccncc1,c1ccncc1,1,1,1,1,1,1,Br,Br,N,N,N,N,146.598418,0.01985
441,1915444,Cl,Cl,COc1cccc2ccc(C(n3nc(C)cc3C)n3nc(C)cc3C)nc12,X,X,X,1,1,4,0,0,0,Cl,Cl,O,N,N,N,-62.940588,0.308292
442,CUVHAE,CC(NO)C(C)NCCNC(C)C(C)NO,Cn1ccnc1,Cn1ccnc1,X,X,X,4,1,1,0,0,0,N,N,N,N,N,N,29.801626,0.14738
443,751161,O[PH](O)(O)O,c1ccc(CCN(Cc2ccccn2)Cc2ccccn2)nc1,X,X,X,X,2,4,0,0,0,0,O,O,N,N,N,N,112.843265,0.119764
444,CUWTAQ,OC(O)c1cccc(C(O)O)n1,C[SH](C)O,O,C[SH](C)O,X,X,3,1,1,1,0,0,N,O,O,O,O,O,122.588413,0.180384
445,981314,OC(O)Cn1nnc2ccccc21,O,O,OC(O)Cn1nnc2ccccc21,O,O,1,1,1,1,1,1,O,O,N,O,O,N,81.948896,0.142553
449,CYZNIC10,CCN(CC)C(O)c1cccnc1,O,NCO,O,CCN(CC)C(O)c1cccnc1,NCO,1,1,1,1,1,1,O,N,N,O,N,N,-0.000646,0.02844
450,952379,Sc1nnc(-c2cccnc2)s1,O,CC(O)O,Sc1nnc(-c2cccnc2)s1,O,CC(O)O,1,1,1,1,1,1,O,N,O,N,O,O,-112.56169,0.250602
451,DADJAV01,NC[SeH],CCN(CC)c1nc(N(CC)CC)nc(N(c2ccccn2)c2ccccn2)n1,NC[SeH],CCN(CC)c1nc(N(CC)CC)nc(N(c2ccccn2)c2ccccn2)n1,X,X,1,2,1,2,0,0,N,N,N,N,N,N,-31.400587,0.04702
452,DAFDAP,CC(F)(F)F,CC(NO)C(C)NO,CC(NO)C(C)NO,NCc1ccncc1,X,X,1,2,2,1,0,0,N,N,N,N,N,C,4.120341295,0.152745303
453,DAFDET,P(c1ccccc1)(c1ccccc1)(c1ccccc1),CC(F)(F)F,CC(NO)C(C)NO,CC(NO)C(C)NO,X,X,1,1,2,2,0,0,P,N,N,N,N,C,8.760191343,0.149014815
454,1135313,COP(OC)OC,CC(F)(F)F,CC(NO)C(C)NO,CC(NO)C(C)NO,X,X,1,1,2,2,0,0,P,N,N,N,N,C,4.429416037,0.146651148
455,DAFHIB,OC(O)O,CC(N)N,CC(N)N,CC(N)N,CC(N)N,X,2,1,1,1,1,0,O,O,N,N,N,N,96.158581,0.263612
456,1049644,C1NC(CNCCP(O)(O)(O))CCC1,C1NC(CNCCP(O)(O)(O))CCC1,X,X,X,X,3,3,0,0,0,0,O,O,N,N,N,N,78.137199,0.14904
457,DAFYIT01,Sc1ccncc1,CC(O)O,O,O,Sc1ccncc1,CC(O)O,1,1,1,1,1,1,O,O,N,O,O,N,-25.650227,0.084815
458,256059,OC(O)c1nc[nH]c1C(O)O,O,OC(O)c1nc[nH]c1C(O)O,O,X,X,2,1,2,1,0,0,O,O,N,O,O,N,115.476023,0.065844
459,DAJHOO,OC(Nc1ccc(N(O)O)c2cccnc12)c1ccccc1,CC(O)O,c1ccc(-c2ccccn2)nc1,X,X,X,3,1,2,0,0,0,N,C,N,O,N,N,35.24498313,0.150663077
461,DAKZUK01,O,O,NC(O)c1cccnc1,O,O,NC(O)c1cccnc1,1,1,1,1,1,1,O,O,N,O,O,N,4.525391,0.166461
462,819076,c1ccccc1[Se]C(NC=O)C(NC=O)[Se]c2ccccc2,c1ccccc1[Se]C(NC=O)C(NC=O)[Se]c2ccccc2,c1ccccc1,Cl,X,X,2,2,1,1,0,0,N,N,N,Cl,N,N,7.156355263,0.105095847
463,DALHUV,c1ccccc1[Se]C(NC=O)C(NC=O)[Se]c2ccccc2,c1ccccc1[Se]C(NC=O)C(NC=O)[Se]c2ccccc2,c1ccccc1,C,X,X,2,2,1,1,0,0,C,N,N,N,N,N,2.27502822,0.137820898
464,819078,c1ccccc1[Se]C(NC=O)C(NC=O)[Se]c2ccccc2,c1ccccc1[Se]C(NC=O)C(NC=O)[Se]c2ccccc2,c1ccccc1,Cc1ccccc1,X,X,2,2,1,1,0,0,C,N,N,N,N,N,5.132990675,0.1539116
466,821029,Cl,c1ccc(CN(CCN(Cc2ccccn2)Cc2ccccn2)Cc2ccccn2)cc1,X,X,X,X,1,5,0,0,0,0,Cl,N,N,N,N,N,37.287455,0.226919
467,DANRIU,CC(NO)C(C)NO,c1cnc2c(c1)ccc1cccnc12,c1cnc2c(c1)ccc1cccnc12,X,X,X,2,2,2,0,0,0,N,N,N,N,N,N,60.020773,0.167969
469,DASCEG,c1c[nH]c(-c2ncc[nH]2)n1,c1c[nH]c(-c2ncc[nH]2)n1,OC(O)c1ccccc1C(O)O,X,X,X,2,2,2,0,0,0,N,N,N,N,O,O,-113.893697,0.233349
471,DATCXO,CSC(S)NNC(C)C(C)NO,CSC(S)NNC(C)C(C)NO,X,X,X,X,3,3,0,0,0,0,S,S,N,N,N,N,18.15715757,0.134388595
472,830316,OC(O)c1ccc(C(O)O)nc1,c1cnc2c(c1)ccc1cccnc12,O,O,X,X,2,2,1,1,0,0,N,N,N,O,O,O,121.216986,0.16738
474,1551260,CCC1=CC=CC(C(C)C)C1NC(O)C1CC2CCCC2[N+]1(O)CCC[N+]1(O)C2CCCC2CC1C(O)NC1C(C(C)C)=CC=CC=1C(C)C,C1CCOC1,C1CCOC1,X,X,X,4,1,1,0,0,0,O,O,O,O,O,O,-5.846301,0.033022
476,820536,Oc1cccc(NC(O)c2cccc(C(O)Nc3cccc(O)c3)n2)c1,Oc1cccc(NC(O)c2cccc(C(O)Nc3cccc(O)c3)n2)c1,X,X,X,X,3,3,0,0,0,0,N,N,N,N,N,N,41.13064123,0.065434408
477,DAWXUW,OC(Nc1ccc2c(c1)OCO2)c1cccc(C(O)Nc2ccc3c(c2)OCO3)n1,OC(Nc1ccc2c(c1)OCO2)c1cccc(C(O)Nc2ccc3c(c2)OCO3)n1,X,X,X,X,3,3,0,0,0,0,N,N,N,N,N,N,22.92917017,0.082214043
478,1529276,c1ccc(-c2nc(-c3ccccn3)c(-c3ccccn3)nc2-c2ccccn2)nc1,c1ccc(-c2nc(-c3ccccn3)c(-c3ccccn3)nc2-c2ccccn2)nc1,X,X,X,X,3,3,0,0,0,0,N,N,N,N,N,N,72.856593,0.087244
479,DAYDUF,c1ccc(-c2nc(-c3ccccn3)c(-c3ccccn3)nc2-c2ccccn2)nc1,c1ccc(-c2nc(-c3ccccn3)c(-c3ccccn3)nc2-c2ccccn2)nc1,X,X,X,X,3,3,0,0,0,0,N,N,N,N,N,N,-1.132767,0.034997
480,293964,O,OC(O)COc1ccc(C(O)O)cc1,c1cc(-c2ccncc2)ccn1,O,OC(O)COc1ccc(C(O)O)cc1,c1cc(-c2ccncc2)ccn1,1,1,1,1,1,1,O,O,N,O,O,N,86.450503,0.168903
481,DAZLIZ,CC(NO)C(C)NO,CC(NO)C(C)NO,c1ccncc1,CCOC(O)CCC(C)OO,X,X,2,2,1,1,0,0,N,N,N,N,N,O,18.28400517,0.1225608
482,2047954,OC(O)c1cc(Cn2ccc(C(O)O)n2)cc(C(O)O)c1,c1cnc2c(c1)ccc1cccnc12,OC(O)c1cc(Cn2ccc(C(O)O)n2)cc(C(O)O)c1,X,X,X,2,2,2,0,0,0,O,N,N,N,O,N,83.736529,0.192738
483,DEBSEK,OCc1ccc2ccc3ccc(CO)nc3c2n1,OCc1ccc2ccc3ccc(CO)nc3c2n1,X,X,X,X,3,3,0,0,0,0,N,O,N,N,O,N,-90.506895,0.146974
484,252136,NCS,c1cn[nH]c1,c1cn[nH]c1,NCS,c1cn[nH]c1,c1cn[nH]c1,1,1,1,1,1,1,N,N,N,N,N,N,74.195303,0.07726
485,DEFSOY,O,O,O,O,OC(O)C1=CC=CC(C2=NN=NN2)=C1,OC(O)C1=CC=CC(C2=NN=NN2)=C1,1,1,1,1,1,1,O,O,O,O,N,N,80.637244,0.093816
486,DEFWIU,NCS,OC(c1ccccc1)c1ccncc1,OC(c1ccccc1)c1ccncc1,NCS,OC(c1ccccc1)c1ccncc1,OC(c1ccccc1)c1ccncc1,1,1,1,1,1,1,N,N,N,N,N,N,132.242756,0.184839
487,601173,OC(O)CS,c1ccc2[nH]cnc2c1,c1ccc2[nH]cnc2c1,c1ccc2[nH]cnc2c1,CC(O)O,X,2,1,1,1,1,0,S,N,N,N,O,O,97.892602,0.092444
488,DEFYOF,Cc1cccc(Nc2ccccc2C(O)O)c1C,Cc1cccnc1,CO,Cc1cccc(Nc2ccccc2C(O)O)c1C,Cc1cccnc1,CO,1,1,1,1,1,1,N,O,O,N,O,O,105.17022,0.286014
490,DEHDAX,c1ccc(NCc2ccccn2)cc1,c1ccc(NCc2ccccn2)cc1,c1ccc(NCc2ccccn2)cc1,X,X,X,2,2,2,0,0,0,N,N,N,N,N,N,59.418155,0.085896
491,283144,OP(O)O,OP(O)O,CN(C)CC(O)O,O,O,X,1,1,2,1,1,0,O,O,O,N,O,O,-65.812139,0.24645
493,807486,Cc1ccc2ccc3ccc(C)nc3c2n1,COc1cccc(CO)c1O,COc1cccc(CO)c1O,X,X,X,2,2,2,0,0,0,N,N,O,O,O,O,-74.588135,0.266004
494,DELVAS,CN(C)CCO,CN(C)CCO,CC(O)O,CC(O)O,X,X,2,2,1,1,0,0,N,N,O,O,O,O,113.377762,0.157152
495,2122244,ONC(Nc1ccccc1)C(NO)Nc1ccccc1,CCN(CC)C(O)c1cccnc1,ONC(Nc1ccccc1)C(NO)Nc1ccccc1,CCN(CC)C(O)c1cccnc1,X,X,2,1,2,1,0,0,N,N,N,N,N,N,14.152924,0.091708115
496,DELYUS,ONC(Nc1ccccc1)C(NO)Nc1ccccc1,Cc1cccnc1,ONC(Nc1ccccc1)C(NO)Nc1ccccc1,Cc1cccnc1,X,X,2,1,2,1,0,0,N,N,N,N,N,N,16.64911461,0.08608762
497,2122242,ONC(Nc1ccccc1)C(NO)Nc1ccccc1,CCOC(O)c1cccnc1,ONC(Nc1ccccc1)C(NO)Nc1ccccc1,CCOC(O)c1cccnc1,X,X,2,1,2,1,0,0,N,N,N,N,N,N,18.08155475,0.080576707
498,DEPLES,NC(O)CN1CCN(CC(N)O)CCN(CC(N)O)CC1,X,X,X,X,X,6,0,0,0,0,0,O,O,O,N,N,N,-115.611516,0.03718
499,1586386,CC(O)CN1CCN(CC(C)O)CCN(CC(C)O)CC1,X,X,X,X,X,6,0,0,0,0,0,O,O,O,N,N,N,-105.430051,0.317047
500,DEPSOJ,C[SH](C)O,C[SH](C)O,C[SH](C)O,C[SH](C)O,C[SH](C)O,C[SH](C)O,1,1,1,1,1,1,O,O,O,O,O,O,60.696445,0.121339
501,628036,OCc1ccc(O)c(CNCC(O)O)c1,O,O,O,X,X,3,1,1,1,0,0,N,O,O,O,O,O,-109.314112,0.192492
503,1578285,CN1CCN(C)CCN(Cc2cc(CN)ccn2)CC1,CCN,CCN,X,X,X,4,1,1,0,0,0,N,N,N,N,N,N,112.924301,0.179735
508,DEWHOF,Cl,COc1ccc(-n2cc(-c3ccccn3)nn2)cc1,Cl,COc1ccc(-n2cc(-c3ccccn3)nn2)cc1,X,X,1,2,1,2,0,0,Cl,N,N,Cl,N,N,39.924391,0.289021
509,DEYMEZ,CCC(NO)C(C)(C)N,CCC(NO)C(C)(C)N,CC(O)O,CC(O)O,X,X,2,2,1,1,0,0,O,O,N,N,N,N,153.140404,0.02431
510,1850916,Cl,CN(N)C(N)O,Cl,CN(N)C(N)O,X,X,1,2,1,2,0,0,Cl,O,N,Cl,O,N,47.277402,0.054167
514,DHLHCO,NC(Cc1c[nH]cn1)C(O)O,NC(Cc1c[nH]cn1)C(O)O,X,X,X,X,3,3,0,0,0,0,N,N,N,N,O,O,-116.008138,0.016585
515,620371,CC=1N=C(C)C(C(O)O)=C(C2=CC=CS2)C1C(O)O,O,O,CC=1N=C(C)C(C(O)O)=C(C2=CC=CS2)C1C(O)O,O,O,1,1,1,1,1,1,O,O,O,O,O,O,-85.707994,0.330942
516,DIBYUJ,NC(O)c1cccnc1,OC(O)c1cccc(C(O)O)n1,O,O,X,X,1,3,1,1,0,0,N,N,O,O,O,O,84.013008,0.289105
518,DIDJIJ,NCCCN,NCCCN,OC(O)O,X,X,X,2,2,2,0,0,0,N,N,N,N,O,O,125.168873,0.088585
519,DIFKEI01,CC(NO)C(C)NO,CC(NO)C(C)NO,Cc1ccncc1,CCCN,X,X,2,2,1,1,0,0,N,N,N,N,N,C,1.471690052,0.147028735
520,139760,c1cnc2c(c1)ccc1cccnc12,NC(N)S,Cl,Cl,O,X,2,1,1,1,1,0,N,N,S,Cl,Cl,O,97.617036,0.068068
521,DIGMUB,CN1CCN(CCN(CCN1C(=O)C)C(=O)C)C,CN1CCN(CCN(CCN1C(=O)C)C(=O)C)C,NCS,NCS,O,O,1,1,1,1,1,1,O,O,N,O,O,N,99.689626,0.235216
523,DIJQET,OC(O)COCC(O)O,O,CC(C)(C)c1ccnc(-c2cc(C(C)(C)C)ccn2)c1,X,X,X,3,1,2,0,0,0,O,O,O,O,N,N,58.580643,0.185431
524,629952,OC(O)COCC(O)O,O,c1ccc(-c2nccnc2-c2ccccn2)nc1,X,X,X,3,1,2,0,0,0,O,O,O,O,N,N,48.526472,0.245554
526,DIMMOB10,Cl,CSC(S)NNC(C)C(C)NO,CSC(S)NNC(C)C(C)NO,Cc1cncc(C)n1,X,X,1,2,2,1,0,0,Cl,N,N,N,N,N,15.53094612,0.18405959
527,DIMMUH10,Br,CC(NO)C(C)NO,CC(NO)C(C)NO,Cc1cncc(C)n1,X,X,1,2,2,1,0,0,Br,N,N,N,N,N,0.020823,0.047489
530,906194,c1cc(-c2nnc(-c3ccncc3)[nH]2)nc(-c2nnc(-c3ccncc3)[nH]2)c1,c1cc(-c2nnc(-c3ccncc3)[nH]2)nc(-c2nnc(-c3ccncc3)[nH]2)c1,X,X,X,X,3,3,0,0,0,0,N,N,N,N,N,N,24.18201085,0.134957495
531,DIQJEW,Nc1ccccc1N1CCNCCN(c2ccccc2N)CCNCC1,X,X,X,X,X,6,0,0,0,0,0,N,N,N,N,N,N,37.013436,0.224376
532,909653,Cc1cc(NC(O)c2ccccn2)c(NC(O)c2ccccn2)cc1C,C1CCNCC1,NNN,X,X,X,4,1,1,0,0,0,N,N,N,N,N,N,36.85500966,0.17116664
533,DISDOA,Cc1cc(NC(O)c2ccccn2)c(NC(O)c2ccccn2)cc1C,C1COCCN1,NNN,X,X,X,4,1,1,0,0,0,N,N,N,N,N,N,32.36056561,0.18347549
534,647853,Oc1ccc(C(O)O)cc1N(O)O,O,O,Oc1ccc(C(O)O)cc1N(O)O,O,O,1,1,1,1,1,1,O,O,O,O,O,O,-121.129784,0.272257
535,DITJUL,Oc1ccccc1CNCCNCc1ccccc1O,CCCCN,CCCCN,X,X,X,4,1,1,0,0,0,O,O,N,N,N,N,38.235105,0.133904
536,639656,O,O,O,O,C=1C=C(NC=2C=CN=CC=2)C=CN1,C=1C=C(NC=2C=CN=CC=2)C=CN1,1,1,1,1,1,1,O,O,N,O,O,N,68.881187,0.141523
538,1881900,Cl,Cl,CC(NO)C(C)NO,CC(NO)C(C)NO,X,X,1,1,2,2,0,0,Cl,Cl,N,N,N,N,7.308433975,0.12380386
540,837046,COc1cccc(CNCCN(C)C)c1O,COc1cccc(CNCCN(C)C)c1O,NNN,X,X,X,3,2,1,0,0,0,O,O,N,N,N,N,49.28368,0.180405
541,DIYDOE,O,O,O,O,OCc1ccccc1OCC(O)O,OCc1ccccc1OCC(O)O,1,1,1,1,1,1,O,O,O,O,O,O,-106.583897,0.21821
542,932105,Cc1cccnc1,Cc1cccnc1,OC(O)Cc1ccccc1Nc1c(Cl)cccc1Cl,OC(O)Cc1ccccc1Nc1c(Cl)cccc1Cl,X,X,1,1,2,2,0,0,N,N,O,O,O,O,80.997476,0.246181
543,DIZBOF,c1cnc2c(c1)ccc1cccnc12,c1cnc2c(c1)ccc1cccnc12,OC(O)c1ccc(COc2ccccc2C(O)O)cc1,O,X,X,2,2,1,1,0,0,N,N,N,N,O,O,116.071479,0.156279
547,1899212,OC(O)Cc1ccccc1Nc1c(Cl)cccc1Cl,c1cnc2c(c1)ccc1cccnc12,OC(O)Cc1ccccc1Nc1c(Cl)cccc1Cl,X,X,X,2,2,2,0,0,0,O,O,N,N,O,O,-107.623768,0.321182
548,DOBYOL,OC(O)Cc1ccccc1Nc1c(Cl)cccc1Cl,c1ccc(-c2ccccn2)nc1,OC(O)Cc1ccccc1Nc1c(Cl)cccc1Cl,X,X,X,2,2,2,0,0,0,O,O,N,N,O,O,96.674782,0.267635
549,1899214,OC(O)Cc1ccccc1Nc1c(Cl)cccc1Cl,OC(O)Cc1ccccc1Nc1c(Cl)cccc1Cl,c1ccc(Nc2ccccn2)nc1,X,X,X,2,2,2,0,0,0,O,O,O,O,N,N,-62.559827,0.125774
550,DOBYUR,OC(O)Cc1ccccc1Nc1c(Cl)cccc1Cl,OC(O)Cc1ccccc1Nc1c(Cl)cccc1Cl,c1ccc(Nc2ccccn2)nc1,X,X,X,2,2,2,0,0,0,O,O,O,O,N,N,-62.559827,0.125774
551,1889941,OC(O)c1cccc(C(O)NNC(O)c2ccccc2)n1,OC(O)c1cccc(C(O)NNC(O)c2ccccc2)n1,X,X,X,X,3,3,0,0,0,0,O,N,N,O,N,N,42.28234097,0.125557087
552,DOCZEB,Oc1ccccc1CNCc1ccco1,Oc1ccccc1CNCc1ccco1,Oc1ccccc1CNCc1ccco1,X,X,X,2,2,2,0,0,0,O,O,O,N,N,N,39.634618,0.190697
553,DOFKEO10,NC(S)NN(CC(O)O)CC(O)O,CC(NO)C(C)NO,NC(S)NN(CC(O)O)CC(O)O,CC(NO)C(C)NO,X,X,1,2,1,2,0,0,S,N,N,S,N,N,3.578621098,0.14241045
557,DOJSUS,CC(C)(C)c1cc(Nc2cc(Cl)ccc2O)c(O)c(C(C)(C)C)c1,CC(C)(C)c1cc(Nc2cc(Cl)ccc2O)c(O)c(C(C)(C)C)c1,X,X,X,X,3,3,0,0,0,0,O,O,O,N,N,O,44.32936677,0.151119575
558,DOJTIF,OC(O)CNC(O)c1ccccn1,C=1N=C(CNCC2=NC=CC2)CC1,X,X,X,X,3,3,0,0,0,0,O,N,N,N,N,N,9.91896085,0.14952402
559,701043,c1ccc2[nH]c(CN3CCOCCOCCN(Cc4nc5ccccc5[nH]4)CCOCCOCC3)nc2c1,X,X,X,X,X,6,0,0,0,0,0,O,O,N,N,N,N,75.524333,0.17703
563,103355,c1ccc2c(c1)C1=NC2=NC2=NC(=NC3=NC(=NC4=NC(=N1)c1ccccc14)c1ccccc13)c1ccccc12,CN,CN,X,X,X,4,1,1,0,0,0,N,N,C,N,N,C,37.61299495,0.127388743
564,DOVZAP,c1ccc2c(c1)C1=NC2=NC2=NC(=NC3=NC(=NC4=NC(=N1)c1ccccc14)c1ccccc13)c1ccccc12,CN,CN,X,X,X,4,1,1,0,0,0,N,N,C,N,N,C,53.14141269,0.096674757
565,620439,NCS,Cc1cc(C)n(-c2ccc(Cl)nn2)n1,NCS,Cc1cc(C)n(-c2ccc(Cl)nn2)n1,X,X,1,2,1,2,0,0,N,N,N,N,N,N,-49.496292,0.303541
566,DOXSIT,Cl,O,Cc1cccc(-c2cccc(-c3cccc(-c4cccc(C)n4)n3)n2)n1,X,X,X,1,1,4,0,0,0,Cl,O,N,N,N,N,42.08608,0.259277
567,744253,c1cnc2c(c1)ccc1cccnc12,CC(C)(C)C(O)O,CC(C)(C)C(O)O,O,X,X,2,2,1,1,0,0,O,O,O,O,N,N,57.603799,0.162888
568,DUCFAJ,NCS,OC(NNCc1ccccn1)c1ccccc1,NCS,OC(NNCc1ccccn1)c1ccccc1,X,X,1,2,1,2,0,0,N,N,N,N,N,N,64.774082,0.071955
569,DUCJEQ,NCS,CC(O)NC(C)O,CC(O)NC(C)O,NCS,X,X,1,2,2,1,0,0,O,N,O,O,O,N,-93.059126,0.330497
570,DUCJIU,CC(O)NC(C)O,O,CC(O)NC(C)O,O,X,X,2,1,2,1,0,0,O,O,O,O,O,O,75.716657,0.296627
572,DUCTON,OC(NNC(c1ccccc1)c1ccccc1)c1ccccc1,OC(NNC(c1ccccc1)c1ccccc1)c1ccccc1,c1cnc2c(c1)ccc1cccnc12,X,X,X,2,2,2,0,0,0,O,O,N,N,N,N,57.777197,0.172271
573,1950585,Oc1ccccc1C(O)NNC(c1ccccc1)c1ccccc1,Oc1ccccc1C(O)NNC(c1ccccc1)c1ccccc1,c1cnc2c(c1)ccc1cccnc12,X,X,X,2,2,2,0,0,0,O,O,N,N,N,N,64.228679,0.175657
574,DUDSIG,NCS,NCS,Cc1cc(C)n(CN(CCNc2ccccc2)Cn2nc(C)cc2C)n1,X,X,X,1,1,4,0,0,0,N,N,N,N,N,N,117.231409,0.100758
575,972357,Cl,NCc1ccccc1-c1ccc(Cn2cncn2)cc1,NCc1ccccc1-c1ccc(Cn2cncn2)cc1,Cl,NCc1ccccc1-c1ccc(Cn2cncn2)cc1,NCc1ccccc1-c1ccc(Cn2cncn2)cc1,1,1,1,1,1,1,Cl,N,N,Cl,N,N,94.413775,0.189794
576,DUFTAZ,CC12CNCCN=C(O)C(CN)(CNCCNC1)CNCCNC2,X,X,X,X,X,6,0,0,0,0,0,N,N,N,N,N,N,-1.808956,0.249906
577,1952409,CC(CNCc1c[nH]cn1)(CNCc1c[nH]cn1)CNCc1c[nH]cn1,X,X,X,X,X,6,0,0,0,0,0,N,N,N,N,N,N,-119.936723,0.091124
578,DUHHAR,c1cnc2c(c1)ccc1cccnc12,c1cnc2c(c1)ccc1cccnc12,OC(O)c1cccc(-c2cc(C(O)O)c(C(O)O)cc2-c2cccc(C(O)O)c2)c1,X,X,X,2,2,2,0,0,0,N,N,N,N,O,O,87.516198,0.101164
579,1983381,Cl,CC(c1ccccn1)(c1ccccn1)c1cccc(Cc2cccc(-c3ccccn3)n2)n1,X,X,X,X,1,5,0,0,0,0,Cl,N,N,N,N,N,-47.52663,0.324144
580,DUHMUP,OS(O)(O)c1ccccc1NCc1ccccn1,OS(O)(O)c1ccccc1NCc1ccccn1,X,X,X,X,3,3,0,0,0,0,O,N,N,O,N,N,-45.702623,0.122589
581,DUJKOI,CC(C)(N)C(N(O))C,CC(C)(N)C(N(O))C,ONO,ONO,X,X,2,2,1,1,0,0,N,N,N,N,N,N,99.619843,0.03467
582,DUJKOI,CC(C)(N)C(N(O))C,CC(C)(N)C(N(O))C,ONO,ONO,X,X,2,2,1,1,0,0,N,N,N,N,N,N,99.619843,0.03467
583,716439,OC(NNc1ccccc1)NNc1ccccc1,CO,OC(NNc1ccccc1)NNc1ccccc1,CO,X,X,2,1,2,1,0,0,N,O,O,N,O,O,-50.777056,0.330841
584,DULSAG,OCCN(CCO)C(CO)(CO)CO,OS(O)(O)O,X,X,X,X,5,1,0,0,0,0,N,O,O,O,O,O,-115.791264,0.184122
585,764994,c1ccc(C(c2ccccc2)(n2cccn2)n2cccn2)cc1,ON(O)O,ON(O)O,X,X,X,2,2,2,0,0,0,N,N,O,O,O,O,-17.815326,0.308908
587,1146510,CC(O)NNCc1ccc[nH]1,CC(O)NNCc1ccc[nH]1,O,O,X,X,2,2,1,1,0,0,O,O,N,O,O,N,77.406012,0.17916
589,766668,c1cnc2c(c1)ccc1cccnc12,c1cnc2c(c1)ccc1cccnc12,OC(O)O,X,X,X,2,2,2,0,0,0,N,N,N,N,O,O,28.97087002,0.078132402
590,DUQCEY,O,OC(O)c1nccnc1C(O)O,O,OC(O)c1nccnc1C(O)O,X,X,1,2,1,2,0,0,O,O,N,O,O,N,83.567207,0.103763
591,788210,COc1ccc(C(O)O)cc1,NC(O)c1cccnc1,O,COc1ccc(C(O)O)cc1,NC(O)c1cccnc1,O,1,1,1,1,1,1,O,O,N,O,O,N,95.233777,0.23574
592,DURCUR,OC(O)c1ccc(-c2cnc(-c3ccc(C(O)O)cc3)c(C(O)O)c2)cc1,c1cnc2c(c1)ccc1cccnc12,c1cnc2c(c1)ccc1cccnc12,O,X,X,1,2,2,1,0,0,N,N,N,N,O,O,111.670649,0.262479
593,1407742,OS(O)(O)C1=CC=C(C=2C=C(C=3C=CC=NC=3)NC(C=3C=CC=NC=3)C=2)C(S(O)(O)O)=C1,OS(O)(O)C1=CC=C(C=2C=C(C=3C=CC=NC=3)NC(C=3C=CC=NC=3)C=2)C(S(O)(O)O)=C1,O,O,O,O,1,1,1,1,1,1,N,O,O,N,O,O,40.06645901,0.123156615
594,DUWWUN,OC(O)CN1CCCN(CC(O)O)CCC1,O,X,X,X,X,5,1,0,0,0,0,N,N,C,O,O,O,36.895591,0.169737
595,1147577,Cl,Cl,c1ccc(-c2ccccn2)nc1,c1ccc(-c2ccccn2)nc1,X,X,1,1,2,2,0,0,Cl,Cl,N,N,N,N,64.442845,0.169181
596,DUZMOC,c1ccc(-c2nnc(-c3cccnc3)n2-c2ccncc2)nc1,O,c1ccc(-c2nnc(-c3cccnc3)n2-c2ccncc2)nc1,O,X,X,2,1,2,1,0,0,N,N,O,N,N,O,43.142224,0.146327
597,221152,NC(S)NNCc1ncc[nH]1,C=1N=C(CNNC(S)N)NC1,X,X,X,X,3,3,0,0,0,0,S,N,N,S,N,N,24.16293082,0.175171467
598,EBEHUP,CCc1nc2ccccc2[nH]1,S,CCc1nc2ccccc2[nH]1,CCc1nc2ccccc2[nH]1,S,CCc1nc2ccccc2[nH]1,1,1,1,1,1,1,N,S,N,N,S,N,81.71957,0.022647
600,EBEYER,NCS,NC(O)c1ccccn1,NCS,NC(O)c1ccccn1,X,X,1,2,1,2,0,0,O,N,N,O,N,N,85.322343,0.279486
601,EBIJOO,c1cc2nc(c1)CNc1ccccc1OCCCCOc1ccccc1NC2,ON(O)O,ON(O)O,X,X,X,3,1,2,0,0,0,N,N,N,O,O,O,-73.976399,0.273222
602,219190,NCS,O,CC(Cc1ccncn1)c1cccnc1,NCS,O,CC(Cc1ccncn1)c1cccnc1,1,1,1,1,1,1,O,N,N,O,N,N,92.923448,0.168017
603,EBOFUX,NCS,CO,CC(Cc1ccncn1)c1cccnc1,NCS,CO,CC(Cc1ccncn1)c1cccnc1,1,1,1,1,1,1,O,N,N,O,N,N,84.188652,0.267413
604,904016,c1ccc(-c2ccncc2)cc1,Cl,c1ccc(-c2ccncc2)cc1,c1ccc(-c2ccncc2)cc1,Cl,c1ccc(-c2ccncc2)cc1,1,1,1,1,1,1,N,Cl,N,N,Cl,N,131.510072,0.066785
605,ECIJOS,c1ccc(-c2cc(N3CCCC3)cc(-c3ccccn3)n2)nc1,c1ccc(-c2cc(N3CCCC3)cc(-c3ccccn3)n2)nc1,X,X,X,X,3,3,0,0,0,0,N,N,N,N,N,N,-79.451374,0.253756
606,622217,CC(C)c1nc([PH](O)(c2c[nH]c(C(C)C)n2)c2c[nH]c(C(C)C)n2)c[nH]1,O,ON(O)O,X,X,X,3,1,2,0,0,0,O,O,O,N,N,N,85.000176,0.257168
607,EDAQUV,NCS,NCS,CC(O)c1ccncc1,CC(O)c1ccncc1,CC(O)c1ccncc1,CC(O)c1ccncc1,1,1,1,1,1,1,N,N,N,N,N,N,125.804793,0.211243
608,2154142,CC(O)CC(C)O,c1cc2ccc3ccc(-c4ccncc4)c4ccc(c1)c2c34,CC(O)CC(C)O,c1cc2ccc3ccc(-c4ccncc4)c4ccc(c1)c2c34,X,X,2,1,2,1,0,0,O,O,N,O,O,N,84.603069,0.099477
609,EDETIT,O,O,Cc1cc(C)n2ncnc2n1,O,O,Cc1cc(C)n2ncnc2n1,1,1,1,1,1,1,O,O,N,O,O,N,4.258823,0.124939
612,654743,OC(O)c1ccc(Br)cc1,OC(O)c1ccc(Br)cc1,NC(O)c1cccnc1,NC(O)c1cccnc1,O,O,1,1,1,1,1,1,O,O,N,O,O,N,116.820793,0.263319
613,EDUTON,OC(O)CS(O)(O)c1ccc(N(O)O)cc1,c1cnc2c(c1)ccc1cccnc12,O,O,O,X,1,2,1,1,1,0,N,N,O,O,O,O,-20.467682,0.035326
616,1883573,Cc1cccc(C(O)O)n1,Cc1cnc[nH]1,Cc1cccc(C(O)O)n1,Cc1cnc[nH]1,X,X,2,1,2,1,0,0,O,N,N,O,N,N,84.799931,0.173231
617,EFOZOQ,OC(O)c1ccc(-c2cncnc2)cc1,O,O,OC(O)c1ccc(-c2cncnc2)cc1,O,O,1,1,1,1,1,1,O,O,N,O,O,N,-5.871713,0.217851
618,187307,P(c1ccccc1)(c1ccccc1)(c1ccccc1),C1=CC2=C(c3ccccc3)C3=NC(=C(c4ccccc4)C4=NC(=C(c5ccccc5)C5=NC(=C(c6ccccc6)C1=N2)C=C5)C=C4)C=C3,N(O)O,X,X,X,1,4,1,0,0,0,P,N,N,N,N,N,51.4409169,0.127383815
619,EFUJOF,NC(O)c1cccnc1,NC(O)c1cccnc1,Oc1ccccc1C(O)O,Oc1ccccc1C(O)O,O,O,1,1,1,1,1,1,N,N,O,O,O,O,-95.905634,0.330975
621,EGEPOX,O[PH](O)(Nc1ccccn1)Nc1ccccn1,O[PH](O)(Nc1ccccn1)Nc1ccccn1,X,X,X,X,3,3,0,0,0,0,N,N,O,N,N,O,83.869837,0.323988
622,908756,CC(C)n1c(-c2cccc(C(C)(C)O)n2)nc2ccccc21,CC(C)n1c(-c2cccc(C(C)(C)O)n2)nc2ccccc21,X,X,X,X,3,3,0,0,0,0,N,O,N,O,N,N,61.400907,0.142571
623,EGIYEA,CC(O)c1cccc(-c2nc3ccccc3n2C(C)C)n1,CC(O)c1cccc(-c2nc3ccccc3n2C(C)C)n1,X,X,X,X,3,3,0,0,0,0,N,N,O,N,O,N,63.947224,0.118834
624,183914,O,Oc1ccccn1,Oc1ccccn1,O,Oc1ccccn1,Oc1ccccn1,1,1,1,1,1,1,O,O,O,O,O,O,74.718784,0.253655
625,EHAWUH,c1ccc2c(c1)nc(-c1cscn1)n2CCCn1c(-c2cscn2)nc2ccccc21,c1ccc2c(c1)nc(-c1cscn1)n2CCCn1c(-c2cscn2)nc2ccccc21,OC(O)c1cccc(N(O)O)c1C(O)O,X,X,X,2,2,2,0,0,0,O,O,N,N,N,N,80.53908,0.139738
626,760028,CCCc1nc(C(O)O)c(C(O)O)[nH]1,O,CCCc1nc(C(O)O)c(C(O)O)[nH]1,O,X,X,2,1,2,1,0,0,N,O,O,N,O,O,83.96625,0.2133
627,EHIPEQ,c1ccc(Nc2ccccn2)nc1,NCNCN,c1ccc(Nc2ccccn2)nc1,NCNCN,X,X,2,1,2,1,0,0,N,N,N,N,N,N,105.619171,0.29063
628,2027376,CC(C)NC(C)c1cccc(-c2cccc(C(C)NC(C)C)n2)n1,O[SH](C(F)(F)(F))(O)O,O[SH](C(F)(F)(F))(O)O,X,X,X,4,1,1,0,0,0,N,N,O,N,N,O,-111.79958,0.176006
629,EHOMIA,c1ccc(-c2ccccn2)nc1,OC(O)c1ccco1,OC(O)c1ccco1,X,X,X,2,2,2,0,0,0,N,N,O,O,O,O,74.095367,0.296086
630,1448197,CC(C)(C)c1cc(O)c(O)c(C(C)(C)C)c1,NCc1ccncc1,CC(C)(C)c1cc(O)c(O)c(C(C)(C)C)c1,NCc1ccncc1,X,X,2,1,2,1,0,0,N,O,O,N,O,O,-22.307803,0.112573
631,EJUPAC,CC(C)(C)c1cc(O)c(O)c(C(C)(C)C)c1,ON(O)c1ccncc1,CC(C)(C)c1cc(O)c(O)c(C(C)(C)C)c1,ON(O)c1ccncc1,X,X,2,1,2,1,0,0,N,O,O,N,O,O,5.976149168,0.101190902
632,222815,OC(O)CC(O)O,c1ccc2[nH]cnc2c1,c1ccc2[nH]cnc2c1,c1ccc2[nH]cnc2c1,c1ccc2[nH]cnc2c1,X,2,1,1,1,1,0,O,O,N,N,N,N,119.070262,0.038309
633,EKISOI,Oc1ccc(N(O)O)c2cccnc12,c1ccncc1,Oc1ccc(N(O)O)c2cccnc12,c1ccncc1,X,X,2,1,2,1,0,0,N,O,N,N,O,N,60.819294,0.128535
634,761538,P(C)(C)(C),P(C)(C)(C),Cc1ccc(NCc2ccccc2F)cc1,C,F,X,1,1,1,2,1,0,P,P,F,N,C,C,51.066514,0.029556
635,EKOKIZ,Fc1ccccc1CNc1ccccc1,C,F,P(C)(C)(C),P(C)(C)(C),X,2,1,1,1,1,0,C,C,F,N,P,P,65.272429,0.017833
636,2053061,c1ccc(CN(Cc2ccccn2)Cc2nccc3ccccc23)nc1,Cl,Cl,X,X,X,4,1,1,0,0,0,N,Cl,Cl,N,N,N,128.996278,0.066719
637,EKUMIH,CC(C)COc1cc(Cl)c(Cl)c(CNC2CCCCC2NCc2c(O)c(OCC(C)C)cc(Cl)c2Cl)c1O,O,CO,X,X,X,4,1,1,0,0,0,O,O,O,O,N,N,13.280236,0.213854
638,179906,C1=C(C(=O)NC(=O)N1)C(=O)O,O,O,O,O,X,2,1,1,1,1,0,O,O,O,O,O,N,117.332353,0.108949
639,ELAHII,C1=C(C(=O)NC(=O)N1)C(=O)O,NCCN,NCCN,X,X,X,2,2,2,0,0,0,O,N,N,N,N,N,90.103364,0.096698
640,ELIMER,c1ccncc1,OCc1ccccc1O,c1ccncc1,OCc1ccccc1O,X,X,1,2,1,2,0,0,N,O,O,N,O,O,-0.018342,0.290171
641,222653,c1ccc(NNc2ccc(-c3cc(-c4ccccn4)nc(-c4ccccn4)c3)cc2)cc1,c1ccc(NNc2ccc(-c3cc(-c4ccccn4)nc(-c4ccccn4)c3)cc2)cc1,X,X,X,X,3,3,0,0,0,0,N,N,N,N,N,N,64.44567339,0.026411532
642,EMASAM,OC(O)Cc1c[nH]cn1,OC(O)Cc1c[nH]cn1,O,O,X,X,2,2,1,1,0,0,O,O,O,O,N,N,80.181877,0.264242
643,182955,c1ccc(-c2nc(-c3ccccn3)c(-c3ccccn3)nc2-c2ccccn2)nc1,c1ccc(-c2nc(-c3ccccn3)c(-c3ccccn3)nc2-c2ccccn2)nc1,X,X,X,X,3,3,0,0,0,0,N,N,N,N,N,N,32.2164164,0.11382955
644,EMIPAS,Cc1cccc(-c2cc(-c3ccccc3)cc(-c3cccc(C)n3)n2)n1,Cc1cccc(-c2cc(-c3ccccc3)cc(-c3cccc(C)n3)n2)n1,X,X,X,X,3,3,0,0,0,0,N,N,N,N,N,N,114.615599,0.159328
644,EMIPAS,Cc1cccc(-c2cc(-c3ccccc3)cc(-c3cccc(C)n3)n2)n1,Cc1cccc(-c2cc(-c3ccccc3)cc(-c3cccc(C)n3)n2)n1,X,X,X,X,3,3,0,0,0,0,N,N,N,N,N,N,114.615599,0.159328
644,EMIPAS,Cc1cccc(-c2cc(-c3ccccc3)cc(-c3cccc(C)n3)n2)n1,Cc1cccc(-c2cc(-c3ccccc3)cc(-c3cccc(C)n3)n2)n1,X,X,X,X,3,3,0,0,0,0,N,N,N,N,N,N,114.615599,0.159328
644,EMIPAS,Cc1cccc(-c2cc(-c3ccccc3)cc(-c3cccc(C)n3)n2)n1,Cc1cccc(-c2cc(-c3ccccc3)cc(-c3cccc(C)n3)n2)n1,X,X,X,X,3,3,0,0,0,0,N,N,N,N,N,N,114.615599,0.159328
645,ENCOPH,O[PH](O)(O)O,NCCN,NCCN,X,X,X,2,2,2,0,0,0,O,O,N,N,N,N,87.041237,0.032037
646,1472702,ON(O)O,c1ccc(-c2cn(-c3ccccn3)nn2)nc1,ON(O)O,c1ccc(-c2cn(-c3ccccn3)nn2)nc1,X,X,1,2,1,2,0,0,O,N,N,O,N,N,37.24001,0.228277
646,1472702,ON(O)O,c1ccc(-c2cn(-c3ccccn3)nn2)nc1,ON(O)O,c1ccc(-c2cn(-c3ccccn3)nn2)nc1,X,X,1,2,1,2,0,0,O,N,N,O,N,N,37.24001,0.228277
646,1472702,ON(O)O,c1ccc(-c2cn(-c3ccccn3)nn2)nc1,ON(O)O,c1ccc(-c2cn(-c3ccccn3)nn2)nc1,X,X,1,2,1,2,0,0,O,N,N,O,N,N,37.24001,0.228277
646,1472702,ON(O)O,c1ccc(-c2cn(-c3ccccn3)nn2)nc1,ON(O)O,c1ccc(-c2cn(-c3ccccn3)nn2)nc1,X,X,1,2,1,2,0,0,O,N,N,O,N,N,37.24001,0.228277
647,ENETIB,Cc1nn(-c2cccc(-n3nc(C)c(C)c3C)n2)c(C)c1C,ON(O)O,O,O,X,X,3,1,1,1,0,0,N,N,N,O,O,O,87.181994,0.192828
648,1003672,Cc1[nH]ncc1C(O)O,O,CN(C)CO,Cc1[nH]ncc1C(O)O,O,CN(C)CO,1,1,1,1,1,1,O,O,N,O,O,N,72.242316,0.030544
649,ENPXCO,CC(NO)C(O)c1ccccc1,NCCN,NCCN,X,X,X,2,2,2,0,0,0,N,O,N,N,N,N,75.93216,0.249965
650,742699,NC(N)O,NC(N)O,NC(N)O,NC(N)O,NC(N)O,O,1,1,1,1,1,1,O,O,O,O,O,O,131.112264,0.109922
652,1048001,c1cc(-c2cc(-c3cnccn3)nc(-c3cnccn3)c2)ccn1,c1cc(-c2cc(-c3cnccn3)nc(-c3cnccn3)c2)ccn1,X,X,X,X,3,3,0,0,0,0,N,N,N,N,N,N,126.89458,0.116853
652,1048001,c1cc(-c2cc(-c3cnccn3)nc(-c3cnccn3)c2)ccn1,c1cc(-c2cc(-c3cnccn3)nc(-c3cnccn3)c2)ccn1,X,X,X,X,3,3,0,0,0,0,N,N,N,N,N,N,126.89458,0.116853
652,1048001,c1cc(-c2cc(-c3cnccn3)nc(-c3cnccn3)c2)ccn1,c1cc(-c2cc(-c3cnccn3)nc(-c3cnccn3)c2)ccn1,X,X,X,X,3,3,0,0,0,0,N,N,N,N,N,N,126.89458,0.116853
652,1048001,c1cc(-c2cc(-c3cnccn3)nc(-c3cnccn3)c2)ccn1,c1cc(-c2cc(-c3cnccn3)nc(-c3cnccn3)c2)ccn1,X,X,X,X,3,3,0,0,0,0,N,N,N,N,N,N,126.89458,0.116853
653,EPIFAL,Oc1ccccc1C(O)c1ccccc1,Oc1ccccc1C(O)c1ccccc1,c1ccc(-c2ccccn2)nc1,X,X,X,2,2,2,0,0,0,O,O,O,O,N,N,-49.726934,0.276677
654,721692,Oc1ccccc1C(O)c1ccccc1,Oc1ccccc1C(O)c1ccccc1,c1cnc2c(c1)ccc1cccnc12,X,X,X,2,2,2,0,0,0,O,O,O,O,N,N,-63.447932,0.190918
655,EPISAA,OC(O)c1cccc(-c2cc(C(O)O)n[nH]2)c1,O,OC(O)c1cccc(-c2cc(C(O)O)n[nH]2)c1,O,X,X,2,1,2,1,0,0,O,O,N,O,O,N,-2.992627,0.006091
655,EPISAA,OC(O)c1cccc(-c2cc(C(O)O)n[nH]2)c1,O,OC(O)c1cccc(-c2cc(C(O)O)n[nH]2)c1,O,X,X,2,1,2,1,0,0,O,O,N,O,O,N,-2.992627,0.006091
655,EPISAA,OC(O)c1cccc(-c2cc(C(O)O)n[nH]2)c1,O,OC(O)c1cccc(-c2cc(C(O)O)n[nH]2)c1,O,X,X,2,1,2,1,0,0,O,O,N,O,O,N,-2.992627,0.006091
655,EPISAA,OC(O)c1cccc(-c2cc(C(O)O)n[nH]2)c1,O,OC(O)c1cccc(-c2cc(C(O)O)n[nH]2)c1,O,X,X,2,1,2,1,0,0,O,O,N,O,O,N,-2.992627,0.006091
656,796576,CSC(S)NNc1c(O)[nH]c2ccccc12,CSC(S)NNc1c(O)[nH]c2ccccc12,X,X,X,X,3,3,0,0,0,0,N,N,O,O,S,S,-7.235772865,0.183804667
657,EQOMUU01,CCCC(CCC)C(O)O,CCCC(CCC)C(O)O,Nc1ccccn1,Nc1ccccn1,X,X,2,2,1,1,0,0,N,N,O,O,O,O,-29.862538,0.229868
658,229024,CO,CO,NCS,NCS,c1cc(CCc2ccncn2)cc(CCc2ccncn2)c1,c1cc(CCc2ccncn2)cc(CCc2ccncn2)c1,1,1,1,1,1,1,O,O,N,N,N,N,82.242674,0.297194
659,EQUJUV,CCN(Cc1ccccc1O)Cc1ccccc1S,CCN(Cc1ccccc1O)Cc1ccccc1S,X,X,X,X,3,3,0,0,0,0,S,S,O,O,N,N,-70.104868,0.151919
660,828495,OC(O)c1nc(CCc2nc(C(O)O)c(C(O)O)[nH]2)[nH]c1C(O)O,O,O,X,X,X,4,1,1,0,0,0,N,N,O,O,O,O,-74.308385,0.328145
661,EROMAZ,CCOC(S)S,CCOC(S)S,c1cnc2c(c1)ccc1cccnc12,X,X,X,2,2,2,0,0,0,S,S,S,S,N,N,-71.005674,0.009157
662,194431,Cl,Oc1c(O)c2cccnc2c2ncccc12,Oc1c(O)c2cccnc2c2ncccc12,O,X,X,1,2,2,1,0,0,Cl,N,N,N,N,O,77.60162306,0.1656909
663,ESUZUN,CC(O)CC(C)O,O,c1ccc2[nH]cnc2c1,CC(O)CC(C)O,X,X,2,1,1,2,0,0,O,O,O,N,O,O,107.04549,0.06113
664,813709,c1ccncc1,c1ccncc1,c1ccncc1,c1ccncc1,P(S)(OC(C)(C))(OC(C)(C))(O),P(S)(OC(C)(C))(OC(C)(C))(O),1,1,1,1,1,1,N,N,O,N,N,O,71.37439012,0.152914923
665,EVIQUX,CC(O)CC(C)O,CC(O)CC(C)O,OC(Nc1cccc2cccnc12)c1ccccc1,X,X,X,2,2,2,0,0,0,O,O,O,O,N,N,49.988257,0.09966
666,840039,O,CC(c1ccccn1)(c1ccccn1)c1cccc(C(C)(c2ccccn2)c2ccccn2)n1,X,X,X,X,1,5,0,0,0,0,O,N,N,N,N,N,-74.088043,0.283948
667,EWOWUL,Fc1cc(-c2cc(-c3ccccn3)nc(-c3ccccn3)c2)cc(F)c1F,Fc1cc(-c2cc(-c3ccccn3)nc(-c3ccccn3)c2)cc(F)c1F,X,X,X,X,3,3,0,0,0,0,N,N,N,N,N,N,62.32187667,0.09097049
668,2079236,c1ccc(-c2cc(-c3ccccn3)nc(-c3ccccn3)c2)cc1,c1ccc(-c2cc(-c3ccccn3)nc(-c3ccccn3)c2)cc1,X,X,X,X,3,3,0,0,0,0,N,N,N,N,N,N,73.30514103,0.058382815
669,EWOXEW,COc1ccc(-c2cc(-c3ccccn3)nc(-c3ccccn3)c2)cc1C(F)(F)F,COc1ccc(-c2cc(-c3ccccn3)nc(-c3ccccn3)c2)cc1C(F)(F)F,X,X,X,X,3,3,0,0,0,0,N,N,N,N,N,N,-37.804083,0.085945
670,2079238,FC(F)(F)c1cccc(-c2cc(-c3ccccn3)nc(-c3ccccn3)c2)c1,FC(F)(F)c1cccc(-c2cc(-c3ccccn3)nc(-c3ccccn3)c2)c1,X,X,X,X,3,3,0,0,0,0,N,N,N,N,N,N,113.368121,0.007191
671,EWOXOG,COc1cc(OC)cc(-c2cc(-c3ccccn3)nc(-c3ccccn3)c2)c1,COc1cc(OC)cc(-c2cc(-c3ccccn3)nc(-c3ccccn3)c2)c1,X,X,X,X,3,3,0,0,0,0,N,N,N,N,N,N,150.471558,0.011108
672,2079250,Fc1cc(F)cc(-c2cc(-c3ccccn3)nc(-c3ccccn3)c2)c1,Fc1cc(F)cc(-c2cc(-c3ccccn3)nc(-c3ccccn3)c2)c1,X,X,X,X,3,3,0,0,0,0,N,N,N,N,N,N,112.370783,0.148196
673,EWOZEY,c1ccc(-c2cc(-c3ccccn3)nc(-c3ccccn3)c2)cc1,c1ccc(-c2cc(-c3ccccn3)nc(-c3ccccn3)c2)cc1,X,X,X,X,3,3,0,0,0,0,N,N,N,N,N,N,37.72040707,0.098568177
674,2079232,Fc1cccc(F)c1-c1cc(-c2ccccn2)nc(-c2ccccn2)c1,Fc1cccc(F)c1-c1cc(-c2ccccn2)nc(-c2ccccn2)c1,X,X,X,X,3,3,0,0,0,0,N,N,N,N,N,N,121.016722,0.072306
675,EWUBIK,COc1ccc(-c2cc(-c3ccccn3)nc(-c3ccccn3)c2)cc1,COc1ccc(-c2cc(-c3ccccn3)nc(-c3ccccn3)c2)cc1,X,X,X,X,3,3,0,0,0,0,N,N,N,N,N,N,136.092469,0.005429
676,2079244,COc1ccccc1-c1cc(-c2ccccn2)nc(-c2ccccn2)c1,COc1ccccc1-c1cc(-c2ccccn2)nc(-c2ccccn2)c1,X,X,X,X,3,3,0,0,0,0,N,N,N,N,N,N,73.274344,0.152874
677,EWUZON,S(CCn3cnc4c3cccc4CC)(CCn3cnc4c3cccc4CC),S(CCn3cnc4c3cccc4CC)(CCn3cnc4c3cccc4CC),X,X,X,X,3,3,0,0,0,0,S,N,N,S,N,N,53.924543,0.024148
678,1477729,OC(O)c1cc(N(O)O)cc(N(O)O)c1,c1ccncc1,c1ccncc1,O,OC(O)c1cc(N(O)O)cc(N(O)O)c1,O,1,1,1,1,1,1,O,N,N,O,O,O,116.546067,0.196993
679,EXIFAS,OC(CC(O)C(F)(F)F)C(F)(F)F,OC(CC(O)C(F)(F)F)C(F)(F)F,CC1(C)N=C(C(N)O)N(O)C1(C)C,X,X,X,2,2,2,0,0,0,O,O,O,O,N,O,-16.27341025,0.1889781
680,1453786,CC(C)NNC(O)OCc1ccccc1,NCS,CC(C)NNC(O)OCc1ccccc1,NCS,X,X,2,1,2,1,0,0,N,O,N,N,O,N,-68.792571,0.27169
681,EXITIQ,CCC(CC)NNC(O)OCc1ccccc1,NCS,CCC(CC)NNC(O)OCc1ccccc1,NCS,X,X,2,1,2,1,0,0,O,N,N,O,N,N,-74.829137,0.255576
681,EXITIQ,CCC(CC)NNC(O)OCc1ccccc1,NCS,CCC(CC)NNC(O)OCc1ccccc1,NCS,X,X,2,1,2,1,0,0,O,N,N,O,N,N,-74.829137,0.255576
681,EXITIQ,CCC(CC)NNC(O)OCc1ccccc1,NCS,CCC(CC)NNC(O)OCc1ccccc1,NCS,X,X,2,1,2,1,0,0,O,N,N,O,N,N,-74.829137,0.255576
681,EXITIQ,CCC(CC)NNC(O)OCc1ccccc1,NCS,CCC(CC)NNC(O)OCc1ccccc1,NCS,X,X,2,1,2,1,0,0,O,N,N,O,N,N,-74.829137,0.255576
682,2082367,CC(O)CC(O)C(F)(F)F,CN(C)CCN(C)C,CC(O)CC(O)C(F)(F)F,X,X,X,2,2,2,0,0,0,O,O,N,N,O,O,113.352316,0.073351
683,EXOZAS,OC(O)c1cc2ccccc2cn1,CO,OC(O)c1cc2ccccc2cn1,CO,X,X,2,1,2,1,0,0,O,O,N,O,O,N,-75.00101,0.326623
684,2075316,CC(C)(C)c1cc(CN(CCO)CCN(CCO)Cc2cc(C(C)(C)C)cc(C(C)(C)C)c2O)c(O)c(C(C)(C)C)c1,X,X,X,X,X,6,0,0,0,0,0,O,O,O,O,N,N,38.871071,0.318739
685,EYAKIZ,c1ccc(-c2ccccn2)nc1,c1ccc(-c2ccccn2)nc1,CC(O)O,X,X,X,2,2,2,0,0,0,N,N,N,N,O,O,51.970964,0.234533
686,832181,NCS,O,Cc1cccnc1,NCS,O,Cc1cccnc1,1,1,1,1,1,1,N,O,N,N,O,N,96.887785,0.105618
687,EYAROM,NCS,Cc1cccnc1,Cc1cccnc1,NCS,Cc1cccnc1,Cc1cccnc1,1,1,1,1,1,1,N,N,N,N,N,N,79.24748412,0.175929192
687,EYAROM,NCS,Cc1cccnc1,Cc1cccnc1,NCS,Cc1cccnc1,Cc1cccnc1,1,1,1,1,1,1,N,N,N,N,N,N,79.24748412,0.175929192
687,EYAROM,NCS,Cc1cccnc1,Cc1cccnc1,NCS,Cc1cccnc1,Cc1cccnc1,1,1,1,1,1,1,N,N,N,N,N,N,79.24748412,0.175929192
687,EYAROM,NCS,Cc1cccnc1,Cc1cccnc1,NCS,Cc1cccnc1,Cc1cccnc1,1,1,1,1,1,1,N,N,N,N,N,N,79.24748412,0.175929192
688,2098677,Nc1ccc(C(O)O)cc1,O,c1ccncc1,Nc1ccc(C(O)O)cc1,O,c1ccncc1,1,1,1,1,1,1,O,O,N,O,O,N,94.197422,0.284875
689,EYOZEY,OC(O)c1cccc(-c2cccc(C(O)O)n2)n1,O,O,X,X,X,4,1,1,0,0,0,N,N,O,O,O,O,-120.625722,0.119441
690,726659,O,O,c1cc(Cn2cccn2)nc(Cn2cccn2)c1,O,X,X,1,1,3,1,0,0,O,O,N,N,N,O,74.50287,0.320284
691,EZIROU,CO,CNC(O)C(C)N(C)CCN(C)C(C)C(O)NC,CO,X,X,X,1,4,1,0,0,0,O,O,N,O,N,O,65.857443,0.195086
692,756979,OC(O)c1ccccc1N(O)O,NC(O)c1cccnc1,O,OC(O)c1ccccc1N(O)O,NC(O)c1cccnc1,O,1,1,1,1,1,1,N,O,O,N,O,O,96.800327,0.161881
693,FADFID,CC(O)CC(C)O,C1CN2CCC1CC2,C1CN2CCC1CC2,CC(O)CC(C)O,X,X,2,1,1,2,0,0,O,N,O,N,O,O,124.299911,0.111042
694,FADGEX,NC(N)O,NC(N)O,NC(N)O,NC(N)O,O,O,1,1,1,1,1,1,O,O,O,O,O,O,103.900083,0.139523
695,2023698,Cc1ncc(N(O)O)n1CCO,Cc1ncc(N(O)O)n1CCO,OC(O)c1ccccc1,OC(O)c1ccccc1,O,O,1,1,1,1,1,1,O,O,N,O,O,N,94.634196,0.22727
696,FAHPIQ,c1c[nH]c(-c2ncc[nH]2)n1,OC(O)c1ccc(-c2ccc(C(O)O)cc2C(O)O)cc1,c1c[nH]c(-c2ncc[nH]2)n1,OC(O)c1ccc(-c2ccc(C(O)O)cc2C(O)O)cc1,X,X,2,1,2,1,0,0,N,N,O,N,N,O,51.006011,0.130785
697,FAJSIV,OC(O)c1cc(C(O)O)nc(C(O)O)c1,OC(O)c1cc(C(O)O)nc(C(O)O)c1,X,X,X,X,3,3,0,0,0,0,N,O,O,N,O,O,104.539468,0.14272
698,FALFAZ,CC(NO)C(C)NO,CC(NO)C(C)NO,c1ccncc1,CCCN,X,X,2,2,1,1,0,0,N,N,N,N,N,C,2.551617965,0.134203063
700,FAPRET,C1(C)=C(C)NOB(F)ONC(C)=C(C)NOB(F)ON1,CO,CO,X,X,X,4,1,1,0,0,0,N,N,O,N,N,O,38.260978,0.103384
701,FAPXIE,c1ccncc1,CC(O)O,O,c1ccncc1,CC(O)O,O,1,1,1,1,1,1,N,O,O,N,O,O,123.780694,0.213954
702,1474746,CC(C)N(C(C)C)C(O)c1ccccn1,Cl,CC(C)N(C(C)C)C(O)c1ccccn1,Cl,X,X,2,1,2,1,0,0,N,O,Cl,N,O,Cl,44.657766,0.226545
703,FAQYAA,C[SH](C)O,C[SH](C)O,C[SH](C)O,C[SH](C)O,C[SH](C)O,C[SH](C)O,1,1,1,1,1,1,O,O,O,O,O,O,63.855594,0.078823
704,1453295,CN(C)CO,CN(C)CO,CN(C)CO,CN(C)CO,CN(C)CO,CN(C)CO,1,1,1,1,1,1,O,O,O,O,O,O,114.634448,0.216642
705,FARNOB,NCCNCCNCCNCCN,O[SH](O)O,X,X,X,X,5,1,0,0,0,0,N,N,N,N,N,S,-0.038945,0.139918
706,1006284,Br,CCOC(O)c1cn[nH]c1N,CCOC(O)c1cn[nH]c1N,Br,CCOC(O)c1cn[nH]c1N,CCOC(O)c1cn[nH]c1N,1,1,1,1,1,1,Br,N,N,Br,N,N,82.839851,0.094724
707,FASKAO,NCS,NC(c1ccccc1)c1ccccn1,NCS,NC(c1ccccc1)c1ccccn1,X,X,1,2,1,2,0,0,N,N,N,N,N,N,42.719298,0.224141
708,155181,NCS,NC(c1ccccc1)c1ccccn1,NCS,NC(c1ccccc1)c1ccccn1,X,X,1,2,1,2,0,0,N,N,N,N,N,N,42.719296,0.224141
709,FATGAI,c1ccc(NNNc2ccccc2)cc1,c1ccncc1,c1ccc(NNNc2ccccc2)cc1,c1ccncc1,X,X,2,1,2,1,0,0,N,N,N,N,N,N,80.369017,0.22227
710,FATJEP,Cl,S,CC(C)(C)CNCC(C)(C)C,CC(C)(C)CNCC(C)(C)C,Cl,S,1,1,1,1,1,1,Cl,S,N,Cl,S,N,25.17876,0.198437
711,FATPIZ,Cl,Cc1cncc(C)n1,ONCCNO,ONCCNO,X,X,1,1,2,2,0,0,Cl,N,N,N,N,N,17.40435675,0.108275875
712,234642,c1cnc2c(c1)ccc1cccnc12,OC(O)CC(O)O,O,O,X,X,2,2,1,1,0,0,N,N,O,O,O,O,100.667105,0.110309
713,FAZWOU,Cc1ccc(S(O)(O)Nc2cccc3ocnc23)cc1,CC(O)CC(C)O,Cc1ccc(S(O)(O)Nc2cccc3ocnc23)cc1,CC(O)CC(C)O,X,X,1,2,1,2,0,0,O,O,N,O,O,N,80.144001,0.093139
714,2170461,COc1ccc(CNC(CN)C(CN)NCc2ccccn2)cc1,COc1ccc(CNC(CN)C(CN)NCc2ccccn2)cc1,X,X,X,X,3,3,0,0,0,0,N,N,N,N,N,N,-69.408846,0.222679
715,FEBFUR,Cc1cc(C)c(CNC(CN)C(CN)NCc2ccccn2)c(C)c1,Cc1cc(C)c(CNC(CN)C(CN)NCc2ccccn2)c(C)c1,X,X,X,X,3,3,0,0,0,0,N,N,N,N,N,N,-4.471603463,0.16253137
716,101475,CC(CN)(CN)c1cccc(C(C)(CN)CN)n1,C,X,X,X,X,5,1,0,0,0,0,N,N,N,C,N,N,-48.664932,0.318404
719,FEHSES,c1ccncc1,ON(O)O,O,c1ccncc1,ON(O)O,O,1,1,1,1,1,1,N,O,O,N,O,O,83.263511,0.289131
721,FEJPOC,Cl,O,ON(O)C12CN3CN(CN(C3)C1)C2,Cl,O,ON(O)C12CN3CN(CN(C3)C1)C2,1,1,1,1,1,1,Cl,O,N,Cl,O,N,120.610094,0.092654
722,111862,O,O,c1cc(CCc2ccncc2)ccn1,O,O,c1cc(CCc2ccncc2)ccn1,1,1,1,1,1,1,O,O,N,O,O,N,64.55334236,0.151777265
723,FELFOV,Cc1c(Cl)cccc1Nc1ccccc1C(O)O,Cc1c(Cl)cccc1Nc1ccccc1C(O)O,Cc1ccc2ccc3ccc(C)nc3c2n1,X,X,X,2,2,2,0,0,0,O,O,O,O,N,N,-106.747148,0.211229
724,1154550,Cl,Cc1ccc(N)cc1,ONC(c1ccccc1)C(NO)c1ccccc1,ONC(c1ccccc1)C(NO)c1ccccc1,X,X,1,1,2,2,0,0,Cl,N,N,N,N,N,7.102255063,0.146756462
725,FEPCAI,Cl,Cl,c1cnc2c(OCCCOc3cccc4cccnc34)cccc2c1,X,X,X,1,1,4,0,0,0,Cl,Cl,O,N,O,N,46.594561,0.305758
726,114401,CC(NO)C(C)NO,CC(NO)C(C)NO,Cn1ccnc1,CC,X,X,2,2,1,1,0,0,N,N,N,N,N,C,15.61563456,0.16717742
727,FEPRAT,CC(NO)C(C)NO,CC(NO)C(C)NO,CCN,Cn1ccnc1,X,X,2,2,1,1,0,0,N,N,N,N,N,C,10.79486909,0.135161703
728,114404,Cl,CC(NO)C(C)NO,Cn1ccnc1,CC(NO)C(C)NO,X,X,1,2,1,2,0,0,Cl,N,N,N,N,N,2.486798977,0.096043233
729,FEPRIF,COC(O)Cn1cc(-c2ccccn2)nn1,COC(O)Cn1cc(-c2ccccn2)nn1,O,O,X,X,2,2,1,1,0,0,N,N,N,O,N,O,15.56635189,0.16780921
730,FEPRUR,OCCn1cc(-c2ccccn2)nn1,CO,OCCn1cc(-c2ccccn2)nn1,CO,X,X,2,1,2,1,0,0,O,N,N,O,N,N,32.257585,0.052524
731,959761,NCCNCCN,NCCNCCN,X,X,X,X,3,3,0,0,0,0,N,N,N,N,N,N,74.710706,0.208226
732,FEQSIH,CC(O)CC(O)OC1CCCCC1,c1ccncc1,c1ccncc1,CC(O)CC(O)OC1CCCCC1,X,X,2,1,1,2,0,0,O,O,N,N,O,O,-24.764286,0.277013
733,231274,OC(O)c1ccc(-n2cnnc2)cc1,O,O,O,OC(O)c1ccc(-n2cnnc2)cc1,O,1,1,1,1,1,1,N,O,O,O,N,O,150.990409,0.026691
734,FERWEH,Cl,NCS,c1ccc(-c2ccccn2)nc1,c1ccc(-c2ccccn2)nc1,X,X,1,1,2,2,0,0,Cl,N,N,N,N,N,68.749104,0.117719
735,1440607,OCCc1ccccn1,OC(O)Cc1ccccc1Nc1c(Cl)cccc1Cl,OCCc1ccccn1,OC(O)Cc1ccccc1Nc1c(Cl)cccc1Cl,X,X,2,1,2,1,0,0,N,O,O,N,O,O,101.496202,0.258975
736,FETKEY,Cl,P(CC)(CC)CCP(CC)CC,P(CC)(CC)CCP(CC)CC,c1ccncc1,CC(C)(C)c1ccccc1,X,1,1,1,1,2,0,Cl,P,P,N,C,C,21.6295899,0.195322675
737,FEWNUQ,NC(S)NN(CC(O)O)CC(O)O,c1cnc2c(c1)ccc1cccnc12,X,X,X,X,4,2,0,0,0,0,S,O,O,N,N,N,15.29258343,0.16140817
739,FEZBOC,O,O,OC(O)COc1cccc(OCC(O)O)c1,O,O,OC(O)COc1cccc(OCC(O)O)c1,1,1,1,1,1,1,O,O,O,O,O,O,92.276308,0.309354
740,263283,NSC(C)(C)CC(O)(O)N,NCCN,NCCN,X,X,X,2,2,2,0,0,0,N,N,N,N,N,N,119.569767,0.095637
742,2204825,c1ccc(-c2cc(-c3ccccn3)nc(-c3ccccn3)c2)cc1,c1ccc(-c2cc(-c3ccccn3)nc(-c3ccccn3)c2)cc1,X,X,X,X,3,3,0,0,0,0,N,N,N,N,N,N,51.61454638,0.075154192
743,FICNOU,OS(O)(O)O,O,O,O,c1cnc2c(c1)ccc1cccnc12,X,1,1,1,1,2,0,O,O,O,O,N,N,41.27802527,0.116418945
745,FIDNAJ,CC(C)(C)c1cc(Cn2c(O)c(NNC(N)S)c3ccccc32)cc(C(C)(C)C)c1O,CC(C)(C)c1cc(Cn2c(O)c(NNC(N)S)c3ccccc32)cc(C(C)(C)C)c1O,X,X,X,X,3,3,0,0,0,0,N,N,O,O,S,S,62.994632,0.218692
747,FIGGEI,OS(O)(O)O,c1ccc(-c2nc(-c3ccccn3)nc(-c3ccccn3)n2)nc1,O,O,X,X,1,3,1,1,0,0,N,N,N,O,O,O,88.417978,0.144366
748,1156270,Cc1cc(C)n(CN(Cn2nc(C)cc2C)c2ccccc2)n1,ON(O)O,ON(O)O,X,X,X,3,2,1,0,0,0,N,N,N,O,O,O,-14.193003,0.159998
749,FIJZOR,Cc1cc(C)nc(NS(O)(O)c2ccc(N)cc2)n1,c1ccncc1,Cc1cc(C)nc(NS(O)(O)c2ccc(N)cc2)n1,c1ccncc1,X,X,2,1,2,1,0,0,N,N,N,N,N,N,-0.003344,0.322365
750,902345,OC(=O)c1ccc(cc1)CNCCc2ccc(cc2)C(=O)O,O,O,O,O,O,1,1,1,1,1,1,O,O,O,O,O,O,114.932097,0.276538
751,FILHEP,Cl,Cl,CN(Cc1ccccn1)Cc1cccc(-c2ccccn2)n1,X,X,X,1,1,4,0,0,0,Cl,Cl,N,N,N,N,-42.945648,0.277681
753,FINROL,O[SH](C(F)(F)(F))(O)O,CC(c1ccccn1)(c1cccc(-c2ccccn2)n1)c1cccc(-c2ccccn2)n1,X,X,X,X,1,5,0,0,0,0,O,N,N,N,N,N,-59.313526,0.114656
754,716893,O,OC(O)Cn1nnc(-c2ccccn2)n1,O,OC(O)Cn1nnc(-c2ccccn2)n1,X,X,1,2,1,2,0,0,O,N,N,O,N,N,19.22121725,0.166743738
756,922395,c1cncnc1-c2nc(c3ccc(O)cc3)nn2[H],c1cncnc1-c2nc(c3ccc(O)cc3)nn2[H],O,O,X,X,2,2,1,1,0,0,N,N,O,N,N,O,8.25526451,0.170019715
757,FIRQAZ,c1cnc2c(c1)ccc1cccnc12,c1cnc2c(c1)ccc1cccnc12,OC(O)O,X,X,X,2,2,2,0,0,0,N,N,N,N,O,O,103.329963,0.229347
758,899095,c1cc(-c2nc3ccccc3[nH]2)nc(-c2nc3ccccc3[nH]2)c1,c1cc(-c2nc3ccccc3[nH]2)nc(-c2nc3ccccc3[nH]2)c1,X,X,X,X,3,3,0,0,0,0,N,N,N,N,N,N,94.579888,0.038147
760,1867829,Cc1nccn1Cc1ccccc1,Cc1nccn1Cc1ccccc1,NCC(CN)CN,Cc1nccn1Cc1ccccc1,Cc1nccn1Cc1ccccc1,NCC(CN)CN,1,1,1,1,1,1,N,N,N,N,N,N,36.70632141,0.112410703
761,FISKIE,c1ccc(Cn2ccnc2)cc1,c1ccc(Cn2ccnc2)cc1,NCC(CN)CN,c1ccc(Cn2ccnc2)cc1,c1ccc(Cn2ccnc2)cc1,NCC(CN)CN,1,1,1,1,1,1,N,N,N,N,N,N,68.088658,0.024628
762,131390,c1ccccc1CC(S)NNCc1c(OCCOc2c(CNNC(S)SCc3ccccc3)cccc2)cccc1,X,X,X,X,X,6,0,0,0,0,0,S,S,O,O,N,N,-45.184491,0.056773
763,FIZHUR,O=c1[n]c2ncnc2c(n1),O,O,O,O,O,1,1,1,1,1,1,N,O,O,O,O,O,72.274143,0.147864
764,269016,CC(NO)C(C)NO,CC(NO)C(C)NO,CCC(N)O,CC(N)c1ccccc1,X,X,2,2,1,1,0,0,N,N,N,N,N,C,14.71530643,0.18660754
765,FOCLEQ,Cc1cc(C)n(Cc2cccc(Cn3nc(C)cc3C)n2)n1,Cc1cc(C)n(Cc2cccc(Cn3nc(C)cc3C)n2)n1,X,X,X,X,3,3,0,0,0,0,N,N,N,N,N,N,3.5103,0.320169
766,274403,O,O,Oc1ccc(C(O)O)cc1,Oc1ccc(C(O)O)cc1,c1cnc2c(c1)ccc1cccnc12,X,1,1,1,1,2,0,O,O,O,O,N,N,123.990145,0.07211
767,FOHWOO,CC(O)CC(C)O,CC(O)CC(C)O,ONO,O,X,X,2,2,1,1,0,0,O,O,O,O,O,N,82.678468,0.324955
768,1580473,[H]C1=C(C2=NC1C(C3=NC(C4=C(C)[C@@H](C(F)(F)F)C([C@@H](C5=C([H])C([H])C([C@H]2C6=C(C(F)=C(C(F)=C6F)F)F)=N5)C7=C(C(F)=C(C(F)=C7F)F)F)=N4)=C(C3C(F)(F)F)[H])C8=C(F)C(F)=C(F)C(F)=C8F)[H],c1ccncc1,c1ccncc1,X,X,X,4,1,1,0,0,0,N,N,N,N,N,N,41.17939078,0.129394382
769,FOKGER,CCl,CC(NO)C(C)NO,CC(NO)C(C)NO,c1ccncc1,X,X,1,2,2,1,0,0,N,N,N,N,N,C,6.256193833,0.148984005
770,109438,CCl,CC(NO)C(C)NO,CC(NO)C(C)NO,Cn1ccnc1,X,X,1,2,2,1,0,0,N,N,N,N,N,C,7.930793233,0.117151153
771,FONDAO,OC(O)COc1ccccc1C(O)O,O,O,O,X,X,3,1,1,1,0,0,O,O,O,O,O,O,-130.963202,0.154199
772,1015530,OS(O)(O)Cc1cccc(-c2cccc(CS(O)(O)O)n2)n1,O,O,X,X,X,4,1,1,0,0,0,N,N,O,O,O,O,94.609693,0.093971
773,FOPRAD,CN,CN,CC(NO)C(C)NO,CC(NO)C(C)NO,X,X,1,1,2,2,0,0,C,C,N,N,N,N,25.37089436,0.075376187
774,657960,CC(NO)C(NCc1ccccc1N)c1ccccc1,CC(NO)C(NCc1ccccc1N)c1ccccc1,X,X,X,X,3,3,0,0,0,0,N,N,N,N,N,N,47.91698225,0.130884895
775,FOTRAI,O,Oc1c(O)c2cccnc2c2ncccc12,O,O,O,X,1,2,1,1,1,0,O,O,N,N,O,O,70.74025346,0.150540867
776,741481,Cl,c1ccc(-c2ccnc(Sc3nccc(-c4ccccn4)n3)n2)nc1,Cl,X,X,X,1,4,1,0,0,0,Cl,N,N,N,N,Cl,13.73901,0.058627
778,1159774,CC(NO)C(C)NO,CC(NO)C(C)NO,Cc1cc2ncn(C)c2cc1C,C1C2CC3CC(C1)CC(C2)C3,X,X,2,2,1,1,0,0,N,N,N,N,N,C,9.60993046,0.137771358
779,FOXCOM,COC(O)NN,COC(O)NN,NCS,NCS,X,X,2,2,1,1,0,0,N,O,N,O,N,N,89.746963,0.258427
780,929867,CCOC(O)NN,NCS,CCOC(O)NN,NCS,X,X,2,1,2,1,0,0,N,N,O,N,N,O,58.356913,0.322072
782,651585,NCS,NCS,C1CN2CCN1CC2,NCS,NCS,C1CN2CCN1CC2,1,1,1,1,1,1,N,N,N,N,N,N,0.800708,0.266918
783,FOZKIP,c1ccc(NCc2cccc(CNc3ccccc3)n2)cc1,c1ccc(NCc2cccc(CNc3ccccc3)n2)cc1,X,X,X,X,3,3,0,0,0,0,N,N,N,N,N,N,102.761602,0.122362
784,FSMICO,OO,CC(C)(NCc1cccc(F)c1O)C(C)(C)NCc1cccc(F)c1O,Cn1ccnc1,X,X,X,1,4,1,0,0,0,O,N,O,N,O,N,26.10148182,0.15008502
785,615944,NCCN,NCCN,NNN,NNN,X,X,2,2,1,1,0,0,N,N,N,N,N,N,77.590486,0.211837
788,FUGKIC,Cl,OCCn1cnnn1,OCCn1cnnn1,Cl,OCCn1cnnn1,OCCn1cnnn1,1,1,1,1,1,1,Cl,N,N,Cl,N,N,105.637603,0.316523
789,685785,C1(=O)NC(=O)NC1(C1=CC=CC=C1)(C1=CC=CC=C1),C1(=O)NC(=O)NC1(C1=CC=CC=C1)(C1=CC=CC=C1),NCCN,NCCN,X,X,1,1,2,2,0,0,N,N,N,N,N,N,133.098038,0.038556
790,FULDOF,CC(O)NCC(O)O,O,O,CC(O)NCC(O)O,O,O,1,1,1,1,1,1,O,O,O,O,O,O,-101.604298,0.25914
791,969397,OC(O)c1cc(OCc2ccccn2)cc(C(O)O)c1,O,O,OC(O)c1cc(OCc2ccccn2)cc(C(O)O)c1,O,O,1,1,1,1,1,1,O,O,O,O,O,O,99.142553,0.132402
792,FUNLIJ,CC(O)CC(C)NCCNCc1ccccc1O,CC,O,X,X,X,4,1,1,0,0,0,O,N,N,O,C,O,26.89096765,0.134693965
793,253069,CC(C)(C)N(O)c1c(Cl)cncc1Cl,NCS,CCN,CC(C)(C)N(O)c1c(Cl)cncc1Cl,NCS,CCN,1,1,1,1,1,1,N,N,N,N,N,N,0.002509,0.000807
794,FURBIF,OC(O)CCC(O)O,O,O,Cc1ccc(-c2ccc(C)cn2)nc1,X,X,2,1,1,2,0,0,O,O,O,O,N,N,-69.929321,0.021474
795,1449384,NCS,Cc1cnc2c(ccc3c(C)c(C)cnc32)c1C,NCS,Cc1cnc2c(ccc3c(C)c(C)cnc32)c1C,X,X,1,2,1,2,0,0,N,N,N,N,N,N,45.24885401,0.157081685
796,FUSJUZ,c1ccc(NNC(NNc2nc3ccccc3s2)c2ccccc2)cc1,c1ccc(NNC(NNc2nc3ccccc3s2)c2ccccc2)cc1,X,X,X,X,3,3,0,0,0,0,N,N,N,N,N,N,17.48386237,0.110091175
797,1405988,c1nn(Cn2cpcn2)cp1,Cl,c1nn(Cn2cpcn2)cp1,Cl,X,X,2,1,2,1,0,0,Cl,N,N,Cl,N,N,-77.630365,0.284972
798,FUTKUA,CC1=C(O)C=C(C(O)C)C(=O)O1,CC1=C(O)C=C(C(O)C)C(=O)O1,CN(C)CO,CN(C)CO,X,X,2,2,1,1,0,0,O,O,O,O,O,O,102.827487,0.232715
799,1161799,CC(NO)C(C)NO,CC(NO)C(C)NO,Nc1ccccc1,CC,X,X,2,2,1,1,0,0,N,N,N,N,N,C,0.964147547,0.112251415
800,FUVDAB,CC(NO)C(C)NO,CC(NO)C(C)NO,Nc1ccccc1,CCC,X,X,2,2,1,1,0,0,N,N,N,N,N,C,14.46371824,0.183383375
801,1161888,O[SH](O)CCC[SH](O)O,NCCNCCNCCN,X,X,X,X,2,4,0,0,0,0,S,S,N,N,N,N,0.025541,0.002414
802,FUWGUZ,CC(O)CC(C)O,CC(O)CC(C)O,c1ccc(-c2ccccn2)nc1,X,X,X,2,2,2,0,0,0,O,O,O,O,N,N,125.23853,0.085785
803,839359,NC(NO)C(N)NO,NC(NO)C(N)NO,NC(NO)C(N)NO,X,X,X,2,2,2,0,0,0,N,N,N,N,N,N,4.198189,0.209623
804,FUZPAT,Cc1cccc(Nc2ccccc2C(O)O)c1C,Cc1cccc(Nc2ccccc2C(O)O)c1C,c1ccc(Nc2ccccn2)nc1,X,X,X,2,2,2,0,0,0,N,N,O,O,O,O,-62.352401,0.166427
805,214149,CC(NO)C(C)NO,CC(NO)C(C)NO,c1ccncc1,CCCCCC,X,X,2,2,1,1,0,0,N,N,N,N,N,C,6.828601465,0.121636635
806,GAGVOB,Nc1nncs1,OC(O)C1C2CCC(O2)C1C(O)O,O,O,X,X,1,3,1,1,0,0,N,O,O,O,O,O,80.665461,0.135666
807,1919653,Oc1ccccc1CNNc1ccccn1,Oc1ccccc1CNNc1ccccn1,X,X,X,X,3,3,0,0,0,0,N,N,N,N,O,O,43.507807,0.082694
808,GAKREQ,CC1=CC(O)=NS(O)(O)O1,O,O,CC1=CC(O)=NS(O)(O)O1,O,O,1,1,1,1,1,1,N,O,O,N,O,O,82.438294,0.197344
809,227325,NS(c1ccccc1)(c1ccccc1),NS(c1ccccc1)(c1ccccc1),NS(c1ccccc1)(c1ccccc1),NS(c1ccccc1)(c1ccccc1),NS(c1ccccc1)(c1ccccc1),NS(c1ccccc1)(c1ccccc1),1,1,1,1,1,1,N,N,N,N,N,N,-104.821758,0.195708
810,GALQET,Fc1c(F)c(F)c(Cn2cc(CN(Cc3cn(Cc4c(F)c(F)c(F)c(F)c4F)nn3)Cc3cn(Cc4c(F)c(F)c(F)c(F)c4F)nn3)nn2)c(F)c1F,Fc1c(F)c(F)c(Cn2cc(CN(Cc3cn(Cc4c(F)c(F)c(F)c(F)c4F)nn3)Cc3cn(Cc4c(F)c(F)c(F)c(F)c4F)nn3)nn2)c(F)c1F,X,X,X,X,3,3,0,0,0,0,N,N,N,N,N,N,12.62467356,0.172897143
811,260879,C1=NNCN1C1=NCN=N1,C1=NNCN1C1=NCN=N1,NCS,NCS,O,O,1,1,1,1,1,1,O,N,N,O,N,N,-30.715677,0.291199
812,GANLIS,OC(O)C(O)C(O)C(O)O,OC(O)C(O)C(O)C(O)O,O,O,X,X,2,2,1,1,0,0,O,O,O,O,O,O,-132.415449,0.154799
813,867950,ONC(c1ccccc1)C(NO)c1ccccc1,ONC(c1ccccc1)C(NO)c1ccccc1,c1ccncc1,CCCC,X,X,2,2,1,1,0,0,N,N,N,N,N,C,7.060126253,0.117532453
814,GANSUL,CC(NO)C(C)NO,CC(NO)C(C)NO,c1ccncc1,CCCC,X,X,2,2,1,1,0,0,C,N,N,N,N,N,12.18681088,0.125885862
815,867976,CC(NO)C(C)NO,CC(NO)C(C)NO,c1ccncc1,Cc1ccc(-c2ccc(C)cc2)cc1,X,X,2,2,1,1,0,0,C,N,N,N,N,N,8.69485731,0.138151078
816,GANZOM,Cl,CC(NO)C(C)NO,CC(NO)C(C)NO,CCOC(O)c1ccncc1,X,X,1,2,2,1,0,0,Cl,N,N,N,N,N,10.75198408,0.112731885
817,1444132,COc1ccccc1NCc1ccccc1O,COc1ccccc1NCc1ccccc1O,X,X,X,X,3,3,0,0,0,0,O,N,O,O,N,O,-49.954409,0.324972
818,GASCIN,Oc1ccccc1CNc1ccccc1Oc1ccccc1-c1ccccc1Oc1ccccc1NCc1ccccc1O,X,X,X,X,X,6,0,0,0,0,0,O,O,O,O,N,N,-63.364292,0.279156
819,264660,Oc1ccccc1CNc1ccccc1Oc1ccc2ccccc2c1-c1c(Oc2ccccc2NCc2ccccc2O)ccc2ccccc12,X,X,X,X,X,6,0,0,0,0,0,O,O,N,O,O,N,74.58298,0.328963
820,GAVREB,OC(O)c1cccc2cccnc12,CO,OC(O)c1cccc2cccnc12,CO,X,X,2,1,2,1,0,0,O,O,N,O,O,N,-102.755076,0.271825
821,289756,Nc1nc(-c2csc(N)n2)cs1,NCC(O)O,NCC(O)O,X,X,X,2,2,2,0,0,0,O,N,N,N,O,N,-13.783002,0.262059
822,GAWLIA,OC(O)c1cc(C(O)O)cc(C(O)O)c1,c1cnc2c(c1)ccc1cccnc12,OC(O)c1cc(C(O)O)cc(C(O)O)c1,X,X,X,2,2,2,0,0,0,O,O,N,N,O,O,-37.559492,0.151915
823,GAWQUR,Cc1nn(-c2ccccc2)c(O)c1C(C)O,CCO,Cc1nn(-c2ccccc2)c(O)c1C(C)O,CCO,X,X,2,1,2,1,0,0,O,O,O,O,O,O,72.009581,0.312713
824,1164586,CC(NO)C(C)NCCCNC(C)C(C)NO,O,CCC,X,X,X,4,1,1,0,0,0,O,N,N,N,N,C,6.631875188,0.152246812
825,GAZTOQ,Cn1Ccnc2c1c(=O)n(c(=O)n2C)C,Cn1Ccnc2c1c(=O)n(c(=O)n2C)C,O,O,X,X,2,1,2,1,0,0,O,N,O,O,N,O,-18.841141,0.266862
827,GCVINC10,ClCC(c1ccc(Cl)cc1)c1ccc(Cl)cc1,CC(NO)C(C)NO,c1ccncc1,CC(NO)C(C)NO,X,X,1,2,1,2,0,0,C,N,N,N,N,N,3.233932453,0.169792302
828,1533249,OCc1cccc(CO)n1,OCc1cccc(CO)n1,X,X,X,X,3,3,0,0,0,0,O,O,O,O,N,N,-3.812666,0.306087
829,GECKIK,P(c1ncccc1)(c1ncccc1)(c1ncccc1),P(c1ncccc1)(c1ncccc1)(c1ncccc1),X,X,X,X,3,3,0,0,0,0,N,N,N,N,N,N,-3.193871,0.26718
830,2046278,NNN,c1ccc(Nc2ccccn2)nc1,c1ccc(Nc2ccccn2)nc1,NNN,X,X,1,2,2,1,0,0,N,N,N,N,N,N,113.446053,0.14865
831,GEHGIM,NCS,OCc1ccncc1,O,NCS,OCc1ccncc1,O,1,1,1,1,1,1,N,N,O,N,N,O,-97.611978,0.33161
832,1455775,NCS,NCS,OCc1ccncc1,OCc1ccncc1,OCc1ccncc1,OCc1ccncc1,1,1,1,1,1,1,N,N,N,N,N,N,131.411751,0.183784
833,GEHZOL,Cn1cnc2c1c(=O)n(c(=O)n2C)C,Cn1cnc2c1c(=O)n(c(=O)n2C)C,O,O,O,O,1,1,1,1,1,1,N,O,O,N,O,O,98.1595,0.258844
836,GELBOQ01,Cc1ccc(NCc2ccccc2O)cc1,Cc1ccc(NCc2ccccc2O)cc1,Cc1ccc(NCc2ccccc2O)cc1,X,X,X,2,2,2,0,0,0,O,O,O,N,N,N,90.223501,0.017351
837,286184,Oc1ccc(N(O)O)cc1C(O)O,O,O,O,O,O,1,1,1,1,1,1,O,O,O,O,O,O,97.012752,0.063738
838,GELPIY,N1(O)C(C)(C)C(C)(C)N(O)C1=C1CN(C)CC1,N1(O)C(C)(C)C(C)(C)N(O)C1=C1CN(C)CC1,CC(C)(C)C(O)O,CC(C)(C)C(O)O,X,X,1,1,2,2,0,0,O,O,N,O,O,N,33.489714,0.081529
839,2176486,P(C1=CC=CC=C1)(C1=CC=CC=C1)CCCN(C)C1=CC=CC=C1C(C)NCCCP(C1=CC=CC=C1)(C1=CC=CC=C1),Cl,X,X,X,X,5,1,0,0,0,0,Cl,P,P,N,N,C,59.567447,0.003417
840,GEMMOA,CC(NO)C(C)NCCCNC(C)C(C)NO,Cc1cc2ncn(C)c2cc1C,C,X,X,X,4,1,1,0,0,0,N,N,N,N,N,C,13.44096489,0.141989532
841,1165903,CC(NO)C(C)NCCCNC(C)C(C)NO,Cc1cc2ncn(C)c2cc1C,CC,X,X,X,4,1,1,0,0,0,N,N,N,N,N,C,17.9027761,0.163603225
842,GEMSOK,Cl,c1ccc(-c2c[nH]nn2)nc1,Cl,c1ccc(-c2c[nH]nn2)nc1,X,X,1,2,1,2,0,0,Cl,N,N,Cl,N,N,43.801114,0.278415
843,2177960,O,c1ccc(-c2c[nH]nn2)nc1,O,c1ccc(-c2c[nH]nn2)nc1,X,X,1,2,1,2,0,0,O,N,N,O,N,N,4.889641,0.002663
844,GENGEM,CC(NO)C(C)NO,CC(NO)C(C)NO,c1ccncc1,Cc1ccccc1C,X,X,2,2,1,1,0,0,N,N,N,N,N,C,7.531892973,0.134184888
845,602782,CC(NO)C(C)NO,CC(NO)C(C)NO,c1ccncc1,Cc1ccc2ccccc2c1,X,X,2,2,1,1,0,0,N,N,N,N,N,C,8.577371698,0.1395846
846,GENWAZ,COC(O)c1ccc(CNCCN(CCNCc2ccc(C(O)OC)cn2)CCNCc2ccc(C(O)OC)cn2)nc1,X,X,X,X,X,6,0,0,0,0,0,N,N,N,N,N,N,10.631091,0.003267
847,2000816,NCNCN,CCn1ccnc1,CCn1ccnc1,NCNCN,CCn1ccnc1,CCn1ccnc1,1,1,1,1,1,1,N,N,N,N,N,N,65.39882829,0.114353517
848,GEPBEI,O=P(O)(Oc1ccccc1)OC2=CC=CC=C2,O=P(O)(Oc1ccccc1)OC2=CC=CC=C2,O=P(O)(Oc1ccccc1)OC2=CC=CC=C2,O=P(O)(Oc1ccccc1)OC2=CC=CC=C2,CN(C)CO,CN(C)CO,1,1,1,1,1,1,O,O,O,O,O,O,39.762006,0.176605
849,279322,NCS,Nn1c(-c2ccccn2)nnc1-c1ccccn1,NCS,Nn1c(-c2ccccn2)nnc1-c1ccccn1,X,X,1,2,1,2,0,0,N,N,N,N,N,N,-51.528985,0.320475
850,GERQIG,c1ccc(CNCCN(CCNCc2ccccn2)CCNCc2ccccn2)nc1,X,X,X,X,X,6,0,0,0,0,0,N,N,N,N,N,N,31.39291,0.050082
851,604193,c1cnc2c(c1)ccc1cccnc12,c1cnc2c(c1)ccc1cccnc12,OS(O)(O)c1ccc2cc(S(O)(O)O)ccc2c1,O,X,X,2,2,1,1,0,0,N,N,N,N,O,O,99.005651,0.215262
852,GETQOL,OP(O)O,NCCN(CCN)CCN,N,X,X,X,1,4,1,0,0,0,O,N,N,N,N,N,-85.908469,0.228621
853,1506036,Cc1ccnc(N[PH](O)(O)Nc2cc(C)ccn2)c1,Cc1ccnc(N[PH](O)(O)Nc2cc(C)ccn2)c1,X,X,X,X,3,3,0,0,0,0,N,N,O,N,N,O,99.732812,0.289846
854,GEVFOE,N1=CCN(C)C1,N1=CCN(C)C1,N1=CCN(C)C1,N1=CCN(C)C1,N1=CCN(C)C1,N1=CCN(C)C1,1,1,1,1,1,1,N,N,N,N,N,N,101.2021959,0.10736689
855,883538,COc1ccc(cc1)C(=O)O,COc1ccc(cc1)C(=O)O,c1c[nH]cn1,c1c[nH]cn1,O,X,2,1,1,1,1,0,N,N,O,O,O,O,109.165867,0.144661
856,GEVHIA,c1cnc2c(c1)ccc1cccnc12,OC(O)c1cc(C(O)O)cc(C(O)O)c1,OC(O)c1cc(C(O)O)cc(C(O)O)c1,O,O,X,2,1,1,1,1,0,N,N,O,O,O,O,-74.161496,0.309692
858,2120487,CC(NNC(O)c1cn[nH]c1)c1ccccn1,CC(NNC(O)c1cn[nH]c1)c1ccccn1,X,X,X,X,3,3,0,0,0,0,O,O,N,N,N,N,62.054166,0.023246
859,GEWVAF,O=C(O)C1=CC=CN1,NCCN,NCCN,X,X,X,2,2,2,0,0,0,O,N,N,N,N,N,102.937782,0.07624
860,881870,OC(O)c1cc(-c2ccccn2)nc(-c2ccccn2)c1,OC(O)c1cc(-c2ccccn2)nc(-c2ccccn2)c1,X,X,X,X,3,3,0,0,0,0,N,N,N,N,N,N,75.69694943,0.06524729
861,GEZNEE,OC(O)CN(CCN(CC(O)O)CC(O)O)CC(O)O,CC(NO)C(C)NO,X,X,X,X,4,2,0,0,0,0,O,O,N,N,N,N,-63.818405,0.202886
862,GIBDAW,OS(O)(O)O,N1C=NC2NNCC=2C(=O)1,N1C=NC2NNCC=2C(=O)1,O,O,O,1,1,1,1,1,1,O,N,N,O,O,O,84.933557,0.224175
863,879604,ONO,ONO,NCCNCCO,NCCNCCO,X,X,1,1,2,2,0,0,N,N,N,N,N,N,97.840133,0.25159
864,GICBEB,Cl,NCCNCCCl,NCCNCCCl,ONO,X,X,1,2,2,1,0,0,Cl,N,N,N,N,N,83.722551,0.043776
865,631154,FC(F)(F)c1ccnc(S)n1,FC(F)(F)c1ccnc(S)n1,FC(F)(F)c1ccnc(S)n1,X,X,X,2,2,2,0,0,0,S,S,S,N,N,N,-1.653820288,0.15139934
866,GIHLIS,NCCN,NCCNCCN,ONO,X,X,X,2,3,1,0,0,0,N,N,N,N,N,N,95.882435,0.203463
867,GIHYEB,C1NC(=O)C2=CNNNC2N1,C1NC(=O)C2=CNNNC2N1,O,O,Cl,Cl,1,1,1,1,1,1,Cl,O,N,Cl,O,N,79.605183,0.075625
868,915701,O,O,OC(O)c1cccc(C(O)O)n1,Nc1ncnc2[nH]cnc12,X,X,1,1,3,1,0,0,O,O,N,O,O,N,112.728416,0.266292
869,GILTAY,OC(O)c1cccc(C(O)O)n1,O,O,Nc1ncnc2[nH]cnc12,X,X,3,1,1,1,0,0,N,O,O,O,O,N,103.821066,0.13499
870,915699,OC(O)c1cccc(C(O)O)n1,Nc1ncnc2[nH]cnc12,O,O,X,X,3,1,1,1,0,0,N,O,O,N,O,O,94.859851,0.013803
871,GIPMIB,Oc1nc(SCC)nc2nccnc12,Oc1nc(SCC)nc2nccnc12,O,O,X,X,2,2,1,1,0,0,O,O,N,O,O,N,4.548681,0.00024
872,1847711,NCS,CN(C)c1ccncc1,O,NCS,CN(C)c1ccncc1,O,1,1,1,1,1,1,N,N,O,N,N,O,91.06728,0.247215
873,GIQNUS,NCS,CO,CN(C)c1ccncc1,NCS,CO,CN(C)c1ccncc1,1,1,1,1,1,1,N,O,N,N,O,N,100.532474,0.322165
874,1847713,NCS,CN(C)c1ccncc1,CCN,NCS,CN(C)c1ccncc1,CCN,1,1,1,1,1,1,N,N,N,N,N,N,87.039778,0.144891
875,GISHOG,O,O,c1c[nH]c(-c2ncc[nH]2)n1,c1c[nH]c(-c2ncc[nH]2)n1,X,X,1,1,2,2,0,0,O,O,N,N,N,N,37.889243,0.045428
876,677450,OC(CC(O)C(F)(F)F)c1ccc(F)cc1,c1ccncc1,OC(CC(O)C(F)(F)F)c1ccc(F)cc1,c1ccncc1,X,X,2,1,2,1,0,0,N,O,O,N,O,O,88.432978,0.027634
877,GITVAK,CC(C)(C)c1cc(O)c(O)c(C(C)(C)C)c1,CC(C)(C)c1cc(O)c(O)c(C(C)(C)C)c1,CC1CCNCC1,CC1CCNCC1,X,X,2,2,1,1,0,0,O,O,O,O,N,N,27.66008968,0.16149912
879,GIWLUU,Nc1nc(-c2ccncc2)cc(-c2ccccn2)n1,Nc1nc(-c2ccncc2)cc(-c2ccccn2)n1,O,O,X,X,2,2,1,1,0,0,N,N,N,N,O,O,88.782335,0.144651
880,841629,O,NC(O)c1ccccn1,O,NC(O)c1ccccn1,X,X,1,2,1,2,0,0,O,O,N,O,O,N,-7.837893,0.082405
881,GIXFEZ,CCN(CC)CCNCc1cc(Cl)ccc1O,CCN(CC)CCNCc1cc(Cl)cc(Br)c1O,NNN,X,X,X,2,3,1,0,0,0,O,O,N,N,N,N,52.601945,0.147924
884,GIXYUH,P(C)(C)(C),P(C)(C)(C),Cc1cc(CO)c(O)c(C(C)(C)C)c1,CC(O)O,X,X,1,1,2,2,0,0,P,P,O,O,O,C,66.056526,0.046523
885,1169209,NCC(O)O,NCC(O)O,NCCO,X,X,X,2,2,2,0,0,0,N,N,N,O,O,O,49.61248394,0.139243912
886,GLCOEN,NCC(O)O,NCCN(CCN)(CCN),X,X,X,X,2,4,0,0,0,0,O,N,N,N,N,N,62.363349,0.150645
889,1169325,CC(NO)C(C)NO,N,CC(NO)C(C)NO,N,X,X,2,1,2,1,0,0,N,N,N,N,N,N,0.051449,0.029505
890,GLXCOA10,N,CC(NO)C(C)NO,N,CC(NO)C(C)NO,X,X,1,2,1,2,0,0,N,N,N,N,N,N,14.15036989,0.09636822
891,1169412,C,NN1C=CC=CN1,CC(NO)C(C)NO,CC(NO)C(C)NO,X,X,1,1,2,2,0,0,C,N,N,N,N,N,4.228029265,0.152911057
892,GOBHEK,NCCN,OC(CC(O)c1ccccc1)c1ccccc1,OC(CC(O)c1ccccc1)c1ccccc1,X,X,X,2,2,2,0,0,0,N,N,O,O,O,O,81.720471,0.040969
893,653265,CC(NNC(N)S)c1nc2ccccc2[nH]1,CC(NNC(N)S)c1nc2ccccc2[nH]1,X,X,X,X,3,3,0,0,0,0,S,S,N,N,N,N,27.4568899,0.100491232
894,GODDIM,OC(O)c1ccc2ccccc2n1,O,OC(O)c1ccc2ccccc2n1,O,X,X,2,1,2,1,0,0,O,O,N,O,O,N,-80.644034,0.288268
895,GODDOS,OC(O)C(O)Cc1c[nH]cn1,OC(O)C(O)Cc1c[nH]cn1,X,X,X,X,3,3,0,0,0,0,O,O,N,O,O,N,-96.800147,0.260055
897,705931,OCc1ccccc1O,OCc1ccccc1O,O,O,X,X,2,2,1,1,0,0,O,O,O,O,O,O,-125.682759,0.187252
898,GOGJAO,c1ccc(COc2cnccn2)nc1,NCS,O,c1ccc(COc2cnccn2)nc1,NCS,O,1,1,1,1,1,1,N,N,O,N,N,O,-112.450033,0.270012
899,1914033,c1ccc(-c2cnc[nH]2)cc1,c1ccc(-c2cnc[nH]2)cc1,NCS,c1ccc(-c2cnc[nH]2)cc1,c1ccc(-c2cnc[nH]2)cc1,NCS,1,1,1,1,1,1,N,N,N,N,N,N,97.610271,0.028721
900,GOHCEO,c1ccncc1,c1ccncc1,COc1ccc(C(C)O)c(O)c1,COc1ccc(C(C)O)c(O)c1,X,X,1,1,2,2,0,0,N,N,O,O,O,O,110.916167,0.263261
901,GOJCEN,Oc1c(CNCCNCc2cccc(C(O)O)c2O)cccc1C(O)O,c1ccncc1,c1ccncc1,X,X,X,4,1,1,0,0,0,O,N,N,O,N,N,0.77158674,0.204428123
902,709655,CC(C)C(O)O,CC(C)C(O)O,O,c1cnc2c(c1)ccc1cccnc12,X,X,1,2,1,2,0,0,O,O,O,O,N,N,64.035177,0.057375
903,GOJLEY,CCN,CCN,CCN,CCN,CCN,CCN,1,1,1,1,1,1,N,N,N,N,N,N,162.507367,0.005861
905,816100,c1cnc2c(c1)ccc1ccc(-n3nccn3)nc12,ON(O)O,O,O,X,X,3,1,1,1,0,0,N,N,N,O,O,O,71.693933,0.254945
906,GOKGIY,Cl,c1ccncc1,Cl,c1ccncc1,c1ccncc1,c1ccncc1,1,1,1,1,1,1,Cl,N,Cl,N,N,N,132.208232,0.110471
908,GOLRUV,NC(O)c1cccnc1,O,O,NC(O)c1cccnc1,O,O,1,1,1,1,1,1,O,O,N,O,O,N,67.852256,0.318512
909,968694,OS(O)(O)c1cccc2cnccc12,O,O,OS(O)(O)c1cccc2cnccc12,O,O,1,1,1,1,1,1,O,O,N,O,O,N,52.71764634,0.152830318
910,GOWYIA,NS(c1ccccc1)(c1ccccc1),NS(c1ccccc1)(c1ccccc1),NS(c1ccccc1)(c1ccccc1),NS(c1ccccc1)(c1ccccc1),NS(c1ccccc1)(c1ccccc1),NS(c1ccccc1)(c1ccccc1),1,1,1,1,1,1,N,N,N,N,N,N,-37.65148009,0.146931973
911,987451,OS(O)(O)O,C1(C(NO)(C(=O)(O)))CSC(N)N1,O,O,O,X,1,2,1,1,1,0,N,O,O,O,O,O,-117.96209,0.19987
912,GOYWUO,c1ccc(-c2nc3ccccc3s2)nc1,NCS,c1ccc(-c2nc3ccccc3s2)nc1,NCS,X,X,2,1,2,1,0,0,N,N,N,N,N,N,-4.905585455,0.18929101
914,GOZJEM,c1ccc(-c2ccccn2)nc1,c1ccc(-c2ccccn2)nc1,NNN,NNN,X,X,2,2,1,1,0,0,N,N,N,N,N,N,61.8987393,0.133215485
915,1842663,OCO,O,N4C(=C5N=C6C=CCC=C6N5)CCC=C4C1=CCC(=C3NC2C=CC=CC=2N3)C=N1,X,X,X,1,1,4,0,0,0,O,O,N,N,N,N,-106.494145,0.281785
916,GUCMOG,NCCN(CCN)CCN,N,OS(O)(O)O,X,X,X,4,1,1,0,0,0,N,N,N,N,N,O,81.151022,0.224436
917,GUGTEH,O,CCN,O,O,CCN,O,1,1,1,1,1,1,O,N,O,O,N,O,57.620161,0.147369
918,GUGYOW,Nc1ccccc1N,OC(CC(O)C(F)(F)F)C(F)(F)F,Nc1ccccc1N,OC(CC(O)C(F)(F)F)C(F)(F)F,X,X,1,2,1,2,0,0,N,O,O,N,O,O,126.430798,0.08619
919,719402,NNCO,O,NNCO,O,X,X,2,1,2,1,0,0,N,O,O,N,O,O,46.084912,0.193503
920,GUJSOT,CC(NO)C(C)NO,CC(NO)C(C)NO,CC(N)c1ccccc1,CN,X,X,2,2,1,1,0,0,N,N,N,N,N,C,-26.567855,0.162999
921,GUJSUZ,CC(NO)C(C)NO,CC(NO)C(C)NO,ONO,CC(N)c1ccccc1,X,X,2,2,1,1,0,0,N,N,N,N,N,N,-0.077393318,0.146676785
922,GUJSUZ,CC(NO)C(C)NO,CC(NO)C(C)NO,ONO,CC(N)c1ccccc1,X,X,2,2,1,1,0,0,N,N,N,N,N,N,-0.077393318,0.146676785
923,GUJTEK,CC(NO)C(C)NO,CC(NO)C(C)NO,CC(N)c1ccccc1,CN,X,X,2,2,1,1,0,0,N,N,N,N,N,C,5.843412295,0.174595962
924,GUJTIO,CC(NO)C(C)NO,CC(NO)C(C)NO,CC(N)c1ccccc1,ONO,X,X,2,2,1,1,0,0,N,N,N,N,N,N,4.480898635,0.166136182
925,1055618,COc1ccc2c(c1)[nH]ccC2CC(=O)O,COc1ccc2c(c1)[nH]ccC2CC(=O)O,c1ccc(-c2ccccn2)nc1,X,X,X,2,2,2,0,0,0,O,O,O,O,N,N,51.003805,0.330877
926,GULQIP,O,OC(O)c1ccc(OCc2ccncc2)cc1,O,O,OC(O)c1ccc(OCc2ccncc2)cc1,O,1,1,1,1,1,1,O,O,N,O,O,N,40.27724564,0.153026772
927,1984767,CC(CC(N)C(O)O)NCCCN,NCCCN,X,X,X,X,2,4,0,0,0,0,N,N,N,N,N,O,72.562497,0.20614
928,GUNHON,N(S(=O)(=O)C(F)(F)F)(S(=O)(=O)C(F)(F)F),N(S(=O)(=O)C(F)(F)F)(S(=O)(=O)C(F)(F)F),N1(CC#N)C=CC=C1,N1(CC#N)C=CC=C1,O,O,1,1,1,1,1,1,N,O,O,N,O,O,58.097023,0.049613
929,736744,OS(O)(C(F)(F)(F))NS(O)(O)C(F)(F)(F),OS(O)(C(F)(F)(F))NS(O)(O)C(F)(F)(F),C(F)(F)(F)S(O)(O)NS(O)(O)C(F)(F)(F),C(F)(F)(F)S(O)(O)NS(O)(O)C(F)(F)(F),X,X,1,1,2,2,0,0,O,O,O,O,O,O,44.0577633,0.119178857
930,GUQVOD,CC(NO)C(C)NO,CC(NO)C(C)NO,CCC(O)N(C)C,CC(N)c1ccccc1,X,X,2,2,1,1,0,0,N,N,N,N,N,C,-24.960384,0.164935
931,730595,Cl,NC(O)CCNCCCNCCC(N)O,O,X,X,X,1,4,1,0,0,0,Cl,O,O,O,N,N,83.649102,0.095387
933,1972741,C1CNCCNCCCNCCNC1,CCN,CCN,X,X,X,4,1,1,0,0,0,N,N,N,N,N,N,107.012301,0.201741
935,GUWGEL,COC(O)C(Cc1ccccc1)NC(c1ccc(Cl)cc1)c1c(C)nn(-c2ccccc2)c1O,COC(O)C(Cc1ccccc1)NC(c1ccc(Cl)cc1)c1c(C)nn(-c2ccccc2)c1O,X,X,X,X,3,3,0,0,0,0,O,O,N,O,O,N,44.086671,0.074395
936,775083,c1ccc(-c2ccccn2)nc1,c1ccc(-c2ccccn2)nc1,Oc1c2ccc(S(O)(O)O)cc2c(O)c2ccc(S(O)(O)O)cc12,O,X,X,2,2,1,1,0,0,N,N,N,N,O,O,99.574649,0.129243
937,GUWYIH,OS(O)(O)CS(O)(O)O,O,c1cnc2c(c1)ccc1cccnc12,O,X,X,2,1,2,1,0,0,O,O,O,N,O,N,101.684187,0.216605
939,GUYDUC,CCOC(O)NNC(CCC(O)O)C(O)O,CCOC(O)NNC(CCC(O)O)C(O)O,X,X,X,X,3,3,0,0,0,0,O,O,N,O,O,N,114.181944,0.090242
940,996318,Cl,CC(NO)C(C)NO,CC(NO)C(C)NO,c1cc(-c2ccncc2)ccn1,X,X,1,2,2,1,0,0,Cl,N,N,N,N,N,4.094234388,0.118463575
941,GUYSAU,c1cnc2c(c1)ccc1cccnc12,O,O,O,O,X,2,1,1,1,1,0,N,N,O,O,O,O,110.274376,0.203116
943,GXMPYC10,CC(NO)C(C)NO,c1ccncc1,C,CC(NO)C(C)NO,X,X,2,1,1,2,0,0,C,N,N,N,N,N,11.61600948,0.149419087
945,HABKIF,N1CCC(C(O)(O))CC1,N1CCC(C(O)(O))CC1,O,O,O,O,1,1,1,1,1,1,O,O,O,O,O,O,6.527334,0.032374
946,1990165,OC(O)c1cncc(-n2ccnc2)c1,O,O,OC(O)c1cncc(-n2ccnc2)c1,O,O,1,1,1,1,1,1,N,O,O,N,O,O,75.5213631,0.152869928
947,HAFQIO,NCS,c1cnc(-c2ncccn2)nc1,NCS,c1cnc(-c2ncccn2)nc1,X,X,1,2,1,2,0,0,N,N,N,N,N,N,-0.038908,0.013213
948,HAFSAI,NC(=O)CN1C(O)CCC1,NC(=O)CN1C(O)CCC1,Cl,Cl,O,O,1,1,1,1,1,1,Cl,O,O,Cl,O,O,106.785985,0.213331
949,870644,CCNC(O)NCC,CCNC(O)NCC,CCNC(O)NCC,CCNC(O)NCC,CCNC(O)NCC,CCNC(O)NCC,1,1,1,1,1,1,O,O,O,O,O,O,82.256806,0.039906
950,HAHKEJ,CCNC(O)NCC,CCNC(O)NCC,CCNC(O)NCC,CCNC(O)NCC,CCNC(O)NCC,CCNC(O)NCC,1,1,1,1,1,1,O,O,O,O,O,O,4.873329,0.293528
951,1171676,O,CC(O)Nc1nc[nH]n1,O,CC(O)Nc1nc[nH]n1,X,X,1,2,1,2,0,0,O,O,N,O,O,N,71.251863,0.197099
952,HAJPEO,c1c[nH]c(-c2ncc[nH]2)n1,c1c[nH]c(-c2ncc[nH]2)n1,c1c[nH]c(-c2ncc[nH]2)n1,X,X,X,2,2,2,0,0,0,N,N,N,N,N,N,-3.556808,0.166472
953,241410,OC(CC(O)c1ccccc1)c1ccccc1,NC(O)c1ccncc1,OC(CC(O)c1ccccc1)c1ccccc1,NC(O)c1ccncc1,X,X,2,1,2,1,0,0,O,O,N,O,O,N,100.63692,0.30203
954,HALJEL,N1C(C)(C)C(C)(C)NC1=C1C=CNC=C1,N1C(C)(C)C(C)(C)NC1=C1C=CNC=C1,Cc1ccc(C(O)O)cc1,Cc1ccc(C(O)O)cc1,O,O,1,1,1,1,1,1,O,O,N,O,N,N,-25.915529,0.316404
955,2020777,c1ccc(NCc2cccc(NNc3ccccc3)n2)cc1,c1ccc(NCc2cccc(NNc3ccccc3)n2)cc1,X,X,X,X,3,3,0,0,0,0,N,N,N,N,N,N,18.08324942,0.12724267
961,HATJOC,C,CC(NO)C(NO)c1ccccc1,CC(NO)C(NO)c1ccccc1,c1ccncc1,X,X,1,2,2,1,0,0,C,N,N,N,N,N,9.724220583,0.168088895
963,HATMIC,OC(O)c1cncc(Oc2ccc(C(O)O)c(C(O)O)c2)c1,O,O,OC(O)c1cncc(Oc2ccc(C(O)O)c(C(O)O)c2)c1,O,O,1,1,1,1,1,1,N,O,O,N,O,O,45.86548796,0.142519808
964,2106191,OC(O)c1cccc(-c2ccccc2)n1,OC(O)c1cccc(-c2ccccc2)n1,c1cnc2c(c1)ccc1cccnc12,X,X,X,2,2,2,0,0,0,O,O,N,N,N,N,60.134574,0.120397
965,HAWVEH,Cc1nn(-c2ccccc2)c(O)c1C(Nc1ccc(F)cc1)c1ccccc1,CCO,Cc1nn(-c2ccccc2)c(O)c1C(Nc1ccc(F)cc1)c1ccccc1,CCO,X,X,2,1,2,1,0,0,N,O,O,N,O,O,-127.050402,0.328994
967,HAXPIJ,Cc1ccc(-c2c(C(O)O)cc(OCC(O)O)c3cc(C)ccc23)cc1,O,O,Cc1ccc(-c2c(C(O)O)cc(OCC(O)O)c3cc(C)ccc23)cc1,O,O,1,1,1,1,1,1,O,O,O,O,O,O,108.344686,0.194718
968,880051,N1C=CC(C2N=C(C3C=NC=CN3)NN=2)=CC=1,N1C=CC(C2N=C(C3C=NC=CN3)NN=2)=CC=1,O,O,X,X,2,2,1,1,0,0,O,N,N,O,N,N,42.91596,0.218457
970,2004092,NCS,NCS,CC(C)(C)N1Cc2cccc(n2)CN(C(C)(C)C)Cc2cccc(n2)C1,X,X,X,1,1,4,0,0,0,N,N,N,N,N,N,-108.087987,0.275997
971,HEBDAX,NC[SeH],NC[SeH],CC(C)(C)N1Cc2cccc(n2)CN(C(C)(C)C)Cc2cccc(n2)C1,X,X,X,1,1,4,0,0,0,N,N,N,N,N,N,109.451496,0.250123
972,2004098,NCC(CN)CN,CC(C)(C)N1Cc2cccc(n2)CN(C(C)(C)C)Cc2cccc(n2)C1,NCC(CN)CN,X,X,X,1,4,1,0,0,0,N,N,N,N,N,N,-0.620162,0.022416
973,HEBKAA,CC(C)(C)c1ccc(C(C)(C)C)c(O)c1O,c1ccc(-c2ccccn2)nc1,CC(C)(C)c1ccc(C(C)(C)C)c(O)c1O,X,X,X,2,2,2,0,0,0,O,O,N,N,O,O,14.84859293,0.146866835
974,256246,N1C(C)(C)C(C)(C)NC1=C1C=CNC=C1,N1C(C)(C)C(C)(C)NC1=C1C=CNC=C1,NCNCN,NCNCN,O,O,1,1,1,1,1,1,N,N,O,N,N,O,104.74303,0.329952
975,HECVIX,c1ccc(C(NNCc2ccccn2)C(NNCc2ccccn2)c2ccccc2)cc1,NCS,NCS,X,X,X,4,1,1,0,0,0,N,N,N,N,N,N,-32.697943,0.233461
976,1480988,CC(NNC(c1ccccc1)C(NNC(C)c1ccccn1)c1ccccc1)c1ccccn1,NCS,NCS,X,X,X,4,1,1,0,0,0,N,N,N,N,N,N,-32.058972,0.263754
977,HECWAQ,c1ccc(C(NNC(c2ccccc2)C(NNC(c2ccccc2)c2ccccn2)c2ccccc2)c2ccccn2)cc1,NCS,NCS,X,X,X,4,1,1,0,0,0,N,N,N,N,N,N,-39.142974,0.10548
979,HEDQUF,c1c(C(=O)O)[nH]c(=O)[nH]c1=O,c1c(C(=O)O)[nH]c(=O)[nH]c1=O,c1ccc(-c2ccccn2)nc1,X,X,X,2,2,2,0,0,0,N,O,N,O,N,N,24.54891286,0.162591797
980,298548,C1CSCCN1,OC(CC(O)c1ccccc1)c1ccccc1,C1CSCCN1,OC(CC(O)c1ccccc1)c1ccccc1,X,X,1,2,1,2,0,0,O,N,O,O,N,O,34.42874855,0.134840355
981,HELGAG,C1=CC=C(C)C(O)=N1,C1=CC=C(C)C(O)=N1,C1=CC=C(C)C(O)=N1,C1=CC=C(C)C(O)=N1,ON(O)O,ON(O)O,1,1,1,1,1,1,O,O,O,O,O,O,94.575792,0.043396
982,HELHUB,NCCCSCCNCCCS,ONO,ONO,X,X,X,4,1,1,0,0,0,S,S,N,N,N,N,101.067779,0.332404
983,296793,OC(Nc1ccccc1)c1ccccn1,O,OC(Nc1ccccc1)c1ccccn1,O,X,X,2,1,2,1,0,0,O,O,N,O,O,N,-24.94210241,0.199188155
984,HENHAK,Cc1ccc(N(N)C(O)c2ccccn2)cc1,Cc1ccc(N(N)C(O)c2ccccn2)cc1,Cc1ccc(N(N)C(O)c2ccccn2)cc1,X,X,X,2,2,2,0,0,0,O,O,O,N,N,N,45.49064954,0.129091797
985,212428,NCS,NCS,CC(C)(C)N(O)c1ccncc1,CC(C)(C)N(O)c1ccncc1,CC(C)(C)N(O)c1ccncc1,CC(C)(C)N(O)c1ccncc1,1,1,1,1,1,1,N,N,N,N,N,N,102.0271617,0.14386766
987,HEPHIT,CC(NO)C(C)NO,c1ccncc1,CC(NO)C(C)NO,c1ccncc1,X,X,2,1,2,1,0,0,N,N,N,N,N,N,0.002675,0.000214
988,1455251,CCOC(N)c1ccc(N)cn1,CCOC(N)c1ccc(N)cn1,CCOC(N)c1ccc(N)cn1,X,X,X,2,2,2,0,0,0,N,N,N,N,N,N,51.83416743,0.108883125
989,HEQLEY,c1ccc(NNc2ccc3ccc4ccc(NNc5ccccc5)nc4c3n2)cc1,c1ccc(NNc2ccc3ccc4ccc(NNc5ccccc5)nc4c3n2)cc1,X,X,X,X,3,3,0,0,0,0,N,N,N,N,N,N,9.919586,0.000433
990,2212026,Oc1cc(O)c(C(O)O)c(O)c1,O,O,Oc1cc(O)c(C(O)O)c(O)c1,O,O,1,1,1,1,1,1,O,O,O,O,O,O,90.80825,0.117168
991,HERFAM,Cl,Cl,CC(NO)C(C)NCCNC(C)C(C)NO,X,X,X,1,1,4,0,0,0,Cl,Cl,N,N,N,N,26.316001,0.21767
992,646793,CC(NO)C(C)NCCNC(C)C(C)NO,Cl,Cl,X,X,X,4,1,1,0,0,0,N,N,N,N,Cl,Cl,27.356102,0.22922
994,614216,OS(O)(O)CCNCc1ccccn1,OS(O)(O)CCNCc1ccccn1,X,X,X,X,3,3,0,0,0,0,O,N,N,O,N,N,82.468969,0.219729
995,HESLIE,CC(C)(C)c1ccc(C(C)(C)C)c(O)c1O,Cc1cccc(CN(Cc2ccccn2)Cc2cccc(C)n2)n1,X,X,X,X,2,4,0,0,0,0,O,O,N,N,N,N,97.135902,0.145469
996,2178435,CC(C)(C)c1cc(Nc2ccccc2S)c(O)c(C(C)(C)C)c1,CC(C)(C)c1cc(Nc2ccccc2S)c(O)c(C(C)(C)C)c1,X,X,X,X,3,3,0,0,0,0,S,S,O,O,N,N,37.50427754,0.148076017
997,HEWBOB,O,OC(O)c1ccccc1N(O)O,c1ccncc1,O,OC(O)c1ccccc1N(O)O,c1ccncc1,1,1,1,1,1,1,O,O,N,O,O,N,110.56162,0.2809
998,275381,c1cnn(Cn2cccn2)c1,c1cnn(Cn2cccn2)c1,NNN,NNN,X,X,2,2,1,1,0,0,N,N,N,N,N,N,85.170887,0.32857
999,HEXFAR,CC1(C)N=C(C(Cl)C(O)C(F)(F)F)C(C)(C)N1O,CO,CC1(C)N=C(C(Cl)C(O)C(F)(F)F)C(C)(C)N1O,CO,X,X,2,1,2,1,0,0,O,N,O,O,N,O,3.828280983,0.139520398
1000,2174535,COC(O)c1cc(-c2cn(-c3ccccn3)nn2)nc(-c2cn(-c3ccccn3)nn2)c1,COC(O)c1cc(-c2cn(-c3ccccn3)nn2)nc(-c2cn(-c3ccccn3)nn2)c1,X,X,X,X,3,3,0,0,0,0,N,N,N,N,N,N,-61.109162,0.26458
1001,HEXSIM,CC(NNC(O)c1ccccc1)c1ccc(-c2ccccn2)s1,C[SH](C)O,CC(NNC(O)c1ccccc1)c1ccc(-c2ccccn2)s1,C[SH](C)O,X,X,2,1,2,1,0,0,O,O,N,O,O,N,-5.716756102,0.182576485
1002,2207757,CS(O)(O)O,O,O,CS(O)(O)O,O,O,1,1,1,1,1,1,O,O,O,O,O,O,106.064597,0.279595
1003,HEYWEQ,COC(O)c1cc(-n2cccn2)nc(-n2cccn2)c1,COC(O)c1cc(-n2cccn2)nc(-n2cccn2)c1,X,X,X,X,3,3,0,0,0,0,N,N,N,N,N,N,-91.38149,0.192889
1004,1175653,NCC(C1=NCCC1)C1=NCCC1,NCC(C1=NCCC1)C1=NCCC1,CC(O)O,X,X,X,2,2,2,0,0,0,N,N,N,N,O,O,79.503325,0.236826
1005,HGLECO10,CC(CCCCCCC(NO)C(C)NO)CCCCCCC(NO)C(C)NO,c1ccncc1,X,X,X,X,5,1,0,0,0,0,N,N,N,N,N,C,0.000844,0.014555
1006,1175848,CC(NO)C(C)NO,Cn1ccnc1,CC(NO)C(C)NO,O,X,X,2,1,2,1,0,0,N,N,N,N,N,O,7.871136322,0.165685652
1007,HIBNAK,OS(O)(c1ccccc1)N(Cc1ccccn1)C1CCCCC1NCc1ccccn1,CCN,CCN,X,X,X,4,1,1,0,0,0,N,N,N,N,N,C,95.358719,0.237315
1008,614623,COC1OC(COCc2ccccn2)C(OCc2ccccn2)C1OCc1ccccn1,X,X,X,X,X,6,0,0,0,0,0,O,O,O,N,N,N,-46.346749,0.256551
1009,HIDZAX,CC(c1ccccn1)(c1ccccn1)c1cccc(C(C)(c2ccccn2)c2ccccn2)n1,CC(C)(C)c1ccncc1,X,X,X,X,5,1,0,0,0,0,N,N,N,N,N,N,67.753954,0.260876
1010,652488,c1c(C(O)(O))[nH]c(=O)[nH]c1=O,c1c[nH]cn1,c1c[nH]cn1,O,O,X,2,1,1,1,1,0,N,N,N,O,O,O,118.193657,0.114508
1011,HIFMUF,NC(O)c1cccnc1,OC(O)c1ccc(F)cc1,O,NC(O)c1cccnc1,OC(O)c1ccc(F)cc1,O,1,1,1,1,1,1,N,O,O,N,O,O,117.367208,0.264445
1012,HIGPUI,C1C=CNC1=CNN=CC1=CC=CN1,Cl,c1ccncc1,c1ccncc1,X,X,3,1,1,1,0,0,Cl,N,N,N,N,N,62.10006832,0.11533491
1013,1817973,[Cl](=O)(=O)(=O)[O-],CC(C)c1cccc(C(C)C)c1NC(C)c1cccc(C(S)NC(C)C(C)(C)C)n1,O,O,X,X,1,3,1,1,0,0,O,O,O,N,N,N,74.347976,0.134976
1014,HIGYUR,OC(O)c1cc(N(O)O)cc(N(O)O)c1,OC(O)c1cc(N(O)O)cc(N(O)O)c1,O,O,O,O,1,1,1,1,1,1,O,O,O,O,O,O,109.683037,0.15866
1015,1871036,Nn1c(-c2ccccn2)nnc1-c1ccccn1,NNN,Nn1c(-c2ccccn2)nnc1-c1ccccn1,NNN,X,X,2,1,2,1,0,0,N,N,N,N,N,N,-34.969658,0.291353
1016,HILQAW,NCS,NCS,CCNC(S)C1=NCCS1,CCNC(S)C1=NCCS1,X,X,1,1,2,2,0,0,N,N,N,N,N,N,99.291341,0.237008
1019,672670,OCc1ccccn1,NCS,OCc1ccccn1,NCS,X,X,2,1,2,1,0,0,N,N,O,N,N,O,51.091011,0.279366
1020,HIQGET,O,OC(O)c1ccccc1,NC(O)c1cccnc1,O,OC(O)c1ccccc1,NC(O)c1cccnc1,1,1,1,1,1,1,O,O,N,O,O,N,118.540477,0.263416
1021,672673,Oc1ccccc1CNc1cccc2ccccc12,Oc1ccccc1CNc1cccc2ccccc12,OCN(C)C,OCN(C)C,X,X,2,2,1,1,0,0,N,N,O,O,O,O,-0.485023843,0.195604568
1022,HIQNUT,OCCN(CCO)CCO,OCCN(CCO)CCO,X,X,X,X,3,3,0,0,0,0,N,O,O,N,O,O,37.667399,0.319414
1023,2257024,NCS,Nc1nccc(-c2cccnc2)n1,O,NCS,Nc1nccc(-c2cccnc2)n1,O,1,1,1,1,1,1,N,N,O,N,N,O,111.832505,0.257949
1024,HIQPEG,NCS,Nc1nccc(-c2cccnc2)n1,Nc1nccc(-c2cccnc2)n1,NCS,Nc1nccc(-c2cccnc2)n1,Nc1nccc(-c2cccnc2)n1,1,1,1,1,1,1,N,N,N,N,N,N,104.284444,0.203103
1025,672768,COc1ccc(C(O)CC(O)C(F)(F)F)cc1,c1ccncc1,COc1ccc(C(O)CC(O)C(F)(F)F)cc1,c1ccncc1,X,X,2,1,2,1,0,0,N,O,O,N,O,O,112.365692,0.064261
1026,HIRGIA,CC(NO)C(C)NO,CC(NO)C(C)NO,CCC(O)OC(C)(C)C,c1ccncc1,X,X,2,2,1,1,0,0,N,N,N,N,N,C,-2.438885445,0.195791723
1027,1856353,OC(c1cccc(-n2cccn2)n1)(c1cccc(-n2cccn2)n1)c1cccc(-n2cccn2)n1,X,X,X,X,X,6,0,0,0,0,0,N,N,N,N,N,N,-128.003453,0.001693
1029,676008,Oc1ccccc1CNCc1ccccn1,Oc1ccccc1CNCc1ccccn1,X,X,X,X,3,3,0,0,0,0,N,N,O,N,N,O,15.48284553,0.171339258
1030,HITWIS,Oc1ccc(NCc2ccccn2)cc1C(O)O,O,Oc1ccc(NCc2ccccn2)cc1C(O)O,O,X,X,2,1,2,1,0,0,O,N,N,O,N,N,-52.640703,0.303458
1031,271745,c1ccc(-c2ccn(Cc3cccc4ccccc34)n2)nc1,c1ccc(-c2ccn(Cc3cccc4ccccc34)n2)nc1,c1ccc(-c2ccn(Cc3cccc4ccccc34)n2)nc1,X,X,X,2,2,2,0,0,0,N,N,N,N,N,N,92.234515,0.10067
1032,HIVWEQ,O=C(Nc1ccc2c(c1)C(=O)c1c(cccc1C2=O))NCCN3C=NC=N3,O=C(Nc1ccc2c(c1)C(=O)c1c(cccc1C2=O))NCCN3C=NC=N3,O=C(Nc1ccc2c(c1)C(=O)c1c(cccc1C2=O))NCCN3C=NC=N3,O=C(Nc1ccc2c(c1)C(=O)c1c(cccc1C2=O))NCCN3C=NC=N3,NCS,NCS,1,1,1,1,1,1,N,N,N,N,N,N,111.778858,0.130483
1033,650511,OC(O)c1ccccc1,OC(O)c1ccccc1,c1ccncc1,c1ccncc1,O,X,2,1,1,1,1,0,O,O,O,N,O,N,-120.796251,0.291149
1034,HIZDEC,C(P(c1ccccc1)(c1ccccc1)(O))CP(c1ccccc1)(c1ccccc1)(O),CC(C)CCc1c(O)c(O)c2ccccc2c1O,CC(C)CCc1c(O)c(O)c2ccccc2c1O,X,X,X,2,2,2,0,0,0,P,O,O,O,O,O,12.67639125,0.159689075
1035,658831,C1=CC=C2N(CC(O)(=O))C(=O)C=NC2=C1,C1=CC=C2N(CC(O)(=O))C(=O)C=NC2=C1,O,O,O,O,1,1,1,1,1,1,O,O,O,O,O,O,79.604694,0.285885
1038,HONBOC,CCOC(O)c1ccncc1,O,O,CCOC(O)c1ccncc1,O,O,1,1,1,1,1,1,N,O,O,N,O,O,62.020068,0.147875
1039,681495,OS(O)(O)c1nccc(-c2ccncc2)n1,O,O,OS(O)(O)c1nccc(-c2ccncc2)n1,O,O,1,1,1,1,1,1,N,O,O,N,O,O,37.45450489,0.139300603
1040,HOSTAL,OCc1ccc(C(O)O)cc1,CCN(CC)C(O)c1cccnc1,O,OCc1ccc(C(O)O)cc1,CCN(CC)C(O)c1cccnc1,O,1,1,1,1,1,1,O,O,N,O,O,N,124.575767,0.219208
1041,1009580,OC(O)c1nc[nH]c1C(O)O,O,OC(O)c1nc[nH]c1C(O)O,O,X,X,2,1,2,1,0,0,N,O,O,N,O,O,102.660478,0.205288
1042,HOVLAH,OC(=O)C1=CC(=O)NC(=O)N1,NC(=O)C1=CC=CNC1,O,O,O,X,1,2,1,1,1,0,O,O,O,O,N,N,127.722713,0.061963
1044,HOWKIN,CC(NO)C(C)NO,CC(NO)C(C)NO,CCCN,C1CCNCC1,X,X,2,2,1,1,0,0,N,N,N,N,C,N,17.61783623,0.154354682
1045,1869522,Cl,CC(NO)C(C)NO,CC(NO)C(C)NO,C1=CC=CC=C1CNCC1=CC=NC=C1,X,X,1,2,2,1,0,0,Cl,N,N,N,N,N,10.91974841,0.12041863
1046,HOWNIT,CC(NO)C(C)NO,Cl,CC(NO)C(C)NO,C1=CC(O)=CC=C1CCNCC1=CC=NC=C1,X,X,2,1,2,1,0,0,N,Cl,N,N,N,N,1.062425208,0.108343303
1047,694264,c1cnc2sccc2c1,NCS,c1cnc2sccc2c1,c1cnc2sccc2c1,NCS,c1cnc2sccc2c1,1,1,1,1,1,1,N,N,N,N,N,N,-120.062334,0.331888
1048,HOZBEF,Nc1ncc2ncn(CCC(O)O)c2n1,O,O,Nc1ncc2ncn(CCC(O)O)c2n1,O,O,1,1,1,1,1,1,O,O,N,O,O,N,4.540785,0.145721
1049,1034350,CC1=CC(=O)N2CC(=O)NC2=N1,CC1=CC(=O)N2CC(=O)NC2=N1,O,O,O,O,1,1,1,1,1,1,N,O,O,N,O,O,83.073213,0.106701
1050,HUBFOB,Cc1cc(O)nc(S)n1,CC(O)O,O,O,O,X,2,1,1,1,1,0,N,O,O,O,O,O,-80.993714,0.266459
1051,747120,OCc1ccc(O)c(CNCCS(O)(O)O)c1,O,O,O,X,X,3,1,1,1,0,0,O,O,O,O,O,N,-115.67825,0.300183
1052,HUCWIN,c1ccc(-c2nc(-c3ccccn3)c(-c3ccccn3)nc2-c2ccccn2)nc1,c1ccc(-c2nc(-c3ccccn3)c(-c3ccccn3)nc2-c2ccccn2)nc1,X,X,X,X,3,3,0,0,0,0,N,N,N,N,N,N,74.986225,0.109413
1053,202279,OCCc1ccccn1,O,OCCc1ccccn1,O,X,X,2,1,2,1,0,0,N,O,O,N,O,O,107.174608,0.078672
1055,2008804,OC(c1ccc([PH](O)(O)O)cc1)c1ccc([PH](O)(O)O)cc1,O,O,OC(c1ccc([PH](O)(O)O)cc1)c1ccc([PH](O)(O)O)cc1,O,O,1,1,1,1,1,1,O,O,O,O,O,O,-123.478908,0.217139
1056,HUTLIT,OC(O)c1ccccn1,O,OC(O)c1ccccn1,O,X,X,2,1,2,1,0,0,N,O,O,N,O,O,87.787688,0.307239
1057,2026949,NCNCN,CCCn1ccnc1,CCCn1ccnc1,NCNCN,CCCn1ccnc1,CCCn1ccnc1,1,1,1,1,1,1,N,N,N,N,N,N,54.571366,0.040733
1058,207690,OC(O)c1ccc2ccc3ccc(C(O)O)nc3c2n1,OC(O)c1ccc2ccc3ccc(C(O)O)nc3c2n1,X,X,X,X,3,3,0,0,0,0,N,O,N,N,N,O,28.817995,0.025924
1059,HUYTIF,Oc1ccc(-n2nnnc2S)cc1,O,c1ccncc1,Oc1ccc(-n2nnnc2S)cc1,O,c1ccncc1,1,1,1,1,1,1,O,N,N,O,N,N,-18.743843,0.316962
1060,HZHCXC,NNC(O)O,NN,NNC(O)O,NN,X,X,2,1,2,1,0,0,N,N,O,N,N,O,-69.986888,0.289893
1061,IBAXUE,CC(NO)C(C)NO,CC(NO)C(C)NO,CCCC(O)CC,c1ccncc1,X,X,2,2,1,1,0,0,N,N,N,N,N,C,-43.887171,0.110007
1063,251969,CC1(C)N=C(C(CN)C(O)C(F)(F)F)N(O)C1(C)C,CC1(C)N=C(C(CN)C(O)C(F)(F)F)N(O)C1(C)C,c1cnc2c(c1)ccc1cccnc12,X,X,X,2,2,2,0,0,0,O,N,O,N,N,N,0.00647,0.074842
1064,IBEHON,CC1(C)N=C(C(CN)C(O)C(F)(F)F)N(O)C1(C)C,CC1(C)N=C(C(CN)C(O)C(F)(F)F)N(O)C1(C)C,c1ccc(-c2ccccn2)nc1,X,X,X,2,2,2,0,0,0,O,N,O,N,N,N,-24.20680298,0.159898382
1065,251973,CC1(C)N=C(C(CN)C(O)C(F)(F)F)N(O)C1(C)C,CC1(C)N=C(C(CN)C(O)C(F)(F)F)N(O)C1(C)C,OS(C)C,OS(C)C,X,X,2,2,1,1,0,0,O,N,O,N,O,O,13.8513,2.90E-05
1066,IBIGEF,OSC(C)(C)CNC(=O)C(C)(C)C(=O)NCC(C)(C)SO,C=NC(C)(C)(C),C=NC(C)(C)(C),X,X,X,4,1,1,0,0,0,S,S,N,N,C,C,35.11726097,0.129873307
1067,167610,C1=CC2=C(c3ccccc3)C3=NC(=C(c4ccccc4)C4=NC(=C(c5ccccc5)C5=NC(=C(c6ccccc6)C1=N2)C=C5)C=C4)C=C3,NCc1ccccc1,NCc1ccccc1,X,X,X,4,1,1,0,0,0,N,N,N,N,N,N,110.084121,0.223903
1068,IBIWAR,C1=CC2=C(c3ccccc3)C3=NC(=C(c4ccccc4)C4=NC(=C(c5ccccc5)C5=NC(=C(c6ccccc6)C1=N2)C=C5)C=C4)C=C3,CN1CCNCC1,CN1CCNCC1,X,X,X,4,1,1,0,0,0,N,N,N,N,N,N,118.326283,0.198187
1069,857896,C1=CC2=C(c3ccccc3)C3=NC(=C(c4ccccc4)C4=NC(=C(c5ccccc5)C5=NC(=C(c6ccccc6)C1=N2)C=C5)C=C4)C=C3,CN1CCNCC1,CN1CCNCC1,X,X,X,4,1,1,0,0,0,N,N,N,N,N,N,118.326284,0.198187
1070,IBOQOI,C(C)(C)(C)C1=CC(C(C)(C)(C))=C2OC3=C(C(C)(C)(C))C=C(C(C)(C)(C))C(O)=C3NC2=C1(O),C(C)(C)(C)C1=CC(C(C)(C)(C))=C2OC3=C(C(C)(C)(C))C=C(C(C)(C)(C))C(O)=C3NC2=C1(O),X,X,X,X,3,3,0,0,0,0,O,O,N,O,O,N,73.859523,0.019724
1071,149630,OC1=C(NNc2ccccn2)c2cccc3cccc1c23,OC1=C(NNc2ccccn2)c2cccc3cccc1c23,X,X,X,X,3,3,0,0,0,0,O,N,N,N,O,N,-55.347169,0.281369
1072,ICEXAT,ONC(c1ccccc1)C(NO)c1ccccc1,ONC1=C(NO)CCCC1,c1ccncc1,Cc1ccccc1,X,X,2,2,1,1,0,0,N,N,N,N,N,C,6.183551035,0.15324292
1073,1497489,NCS,c1ccc(Cc2ccncc2)cc1,c1ccc(Cc2ccncc2)cc1,NCS,c1ccc(Cc2ccncc2)cc1,c1ccc(Cc2ccncc2)cc1,1,1,1,1,1,1,N,N,N,N,N,N,104.669041,0.15104
1075,823229,COc1cc(-c2ccccn2)nc(-c2ccccn2)c1,CC(O)O,CC(O)O,X,X,X,3,2,1,0,0,0,N,N,N,O,O,O,72.746217,0.219095
1076,ICISEU,ON(O)O,ON(O)O,COc1cc(-c2ccccn2)nc(-c2ccccn2)c1,O,X,X,1,1,3,1,0,0,O,O,O,N,N,N,112.547633,0.095109
1077,ICOHIS,CC(NO)C(C)NO,CC(NO)C(C)NO,CCc1ccccn1,C,X,X,2,2,1,1,0,0,N,N,N,N,N,C,4.64343624,0.15582639
1078,607069,CC(NO)C(C)NO,CC(NO)C(C)NO,C,Nc1ccccn1,X,X,2,2,1,1,0,0,C,N,N,N,N,N,2.142634492,0.169530605
1079,ICOWIH,C1N(C)C(N)NC1(=O),OC(O)CN(Cc1ccccn1)CC(O)O,O,X,X,X,1,4,1,0,0,0,O,O,O,N,N,N,54.517483,0.215445
1080,283251,C[N+](C)(C)CCOP(=O)(O)OP(=O)(O)OP(=O)(O)O,C[N+](C)(C)CCOP(=O)(O)OP(=O)(O)OP(=O)(O)O,O,O,X,X,2,2,1,1,0,0,O,O,O,O,O,O,-106.924735,0.318947
1081,ICVPCO,NCS,CCc1ccncc1,CCc1ccncc1,NCS,CCc1ccncc1,CCc1ccncc1,1,1,1,1,1,1,N,N,N,N,N,N,57.92887606,0.189407048
1082,858118,OC1=NS(O)(O)c2ccccc21,C[SH](C)O,O,OC1=NS(O)(O)c2ccccc21,C[SH](C)O,O,1,1,1,1,1,1,O,O,N,O,O,N,83.42146,0.326874
1083,IDAVAM,Cc1ncc[nH]1,O,O,Cc1ncc[nH]1,O,O,1,1,1,1,1,1,N,O,O,N,O,O,-93.831055,0.173229
1084,858132,OC(O)c1ccc(NNc2cc(C(O)O)cc(C(O)O)c2)cc1,O,O,OC(O)c1ccc(NNc2cc(C(O)O)cc(C(O)O)c2)cc1,O,O,1,1,1,1,1,1,O,O,O,O,O,O,99.060871,0.087436
1085,IDEDEC,Sc1nnc(-c2ccncc2)o1,Sc1nnc(-c2ccncc2)o1,CC(O)O,CC(O)O,O,O,1,1,1,1,1,1,O,O,O,O,O,N,77.15703861,0.147507747
1086,IDIFUW,Cc1cnccn1,NCS,O,Cc1cnccn1,NCS,O,1,1,1,1,1,1,N,N,O,N,N,O,-112.00956,0.235642
1087,954203,Oc1ccc(Cl)cc1CNc1cccc2cccnc12,Oc1ccc(Cl)cc1CNc1cccc2cccnc12,X,X,X,X,3,3,0,0,0,0,O,O,N,N,N,N,39.24555926,0.12582786
1088,IDIZUR,OC(NNC(O)c1ccncc1)c1ccccc1,OC(NNC(O)c1ccncc1)c1ccccc1,Cl,Cl,O,O,1,1,1,1,1,1,O,O,N,O,Cl,Cl,-73.29148,0.022839
1089,613776,ON1C=CC=C(O)C1,ON1C=CC=C(O)C1,NCS,NCS,O,O,1,1,1,1,1,1,O,O,N,O,O,N,70.444377,0.181818
1090,IDUKID,NC(O)CN(CC(N)O)CC(N)O,NC(O)CN(CC(N)O)CC(N)O,X,X,X,X,3,3,0,0,0,0,O,N,O,O,N,O,55.804631,0.073817
1091,954393,OC(O)CCCCC(O)O,O,O,c1ccc(Nc2ccccn2)nc1,X,X,2,1,1,2,0,0,O,O,O,O,N,N,103.036095,0.240883
1092,IDUPEE,OC(O)c1cccc(Cl)c1,NC(O)c1cccnc1,O,OC(O)c1cccc(Cl)c1,NC(O)c1cccnc1,O,1,1,1,1,1,1,O,O,N,O,O,N,-120.387209,0.285391
1093,614870,O,NCNCN,c1ccc(-n2cnnc2)nc1,O,NCNCN,c1ccc(-n2cnnc2)nc1,1,1,1,1,1,1,O,N,N,O,N,N,80.513531,0.230796
1094,IFAFII,OP(c1ccccc1)(Nc1cccc2cccnc12)c1ccccc1,Oc1ccccc1C1=NC(c2ccccc2)CO1,CO,X,X,X,3,2,1,0,0,0,O,O,N,N,N,C,192.732076,0.037811
1095,1548132,CNCCCNCc1cccc(OC)c1O,N1=NN=NC1C1NC=CC=C1,NNN,X,X,X,3,2,1,0,0,0,O,N,N,N,N,N,65.447161,0.042666
1096,IFAFUT,CCOc1cccc(CNCCCN(C)C)c1O,N1=NN=NC1C1NC=CC=C1,NNN,X,X,X,3,2,1,0,0,0,O,N,N,N,N,N,60.438679,0.105281
1097,168245,CC(O)C(O)O,O,O,CC(O)C(O)O,X,X,2,1,1,2,0,0,O,O,O,O,O,O,99.073105,0.262639
1098,IFIBOP,N1(O)C(C)(C)C(C)(C)N(O)C1=C1C=CNC=C1,OC(O)c1ccc(C(O)O)nc1,O,O,O,X,1,2,1,1,1,0,O,O,O,O,N,N,80.209823,0.086925
1099,2193013,Cc1ccc(CNC2CC(NCc3ccc(C)cn3)CC(NCc3ccc(C)cn3)C2)nc1,X,X,X,X,X,6,0,0,0,0,0,N,N,N,N,N,N,-97.78125591,0.06366798
1102,IFUVEK,NCO,CC(NO)C(C)NO,CC(NO)C(C)NO,CC(N)c1cccc2ccccc12,X,X,1,2,2,1,0,0,N,N,N,N,N,N,1.763542447,0.162997342
1103,176853,CC(NO)C(C)NO,CC(NO)C(C)NO,NCO,CC(N)c1cccc2ccccc12,X,X,2,2,1,1,0,0,N,N,N,N,N,N,8.253452417,0.130653575
1104,IGAZAU,O,O,O,OC(O)c1ccccc1,c1cnc2c(c1)ccc1cccnc12,X,1,1,1,1,2,0,O,O,O,O,N,N,85.979845,0.297108
1106,732877,Cc1nc2ncnn2c(C)c1C,Cc1nc2ncnn2c(C)c1C,O,Cc1nc2ncnn2c(C)c1C,Cc1nc2ncnn2c(C)c1C,O,1,1,1,1,1,1,N,N,O,N,N,O,76.302719,0.247562
1107,IGOLAU,Cc1cc(NC(O)c2ccccn2)c(NC(O)c2ccccn2)cc1C,NNN,Cn1ccnc1,X,X,X,4,1,1,0,0,0,N,N,N,N,N,N,26.78230862,0.121322335
1108,701583,C1(C(O)(O))NC(=O)NC(=O)C=1,Cc1ncc[nH]1,Cc1ncc[nH]1,O,O,X,2,1,1,1,1,0,N,N,N,O,O,O,96.480518,0.237813
1109,IGUREJ,Cl,CN1CCCN2CCN(CCCN(Cc3ccccn3)CC2)CC1,X,X,X,X,1,5,0,0,0,0,Cl,N,N,N,N,N,84.251263,0.136985
1112,1898465,NNC(O)c1ccccc1,NNC(O)c1ccccc1,NNC(O)c1ccccc1,X,X,X,2,2,2,0,0,0,O,O,O,N,N,N,128.321386,0.078762
1113,IJUBEW,Cc1ccc(NNc2cc(C)ccc2NCc2c(C)nn(-c3ccccc3)c2O)cc1,Cc1ccc(NNc2cc(C)ccc2NCc2c(C)nn(-c3ccccc3)c2O)cc1,X,X,X,X,3,3,0,0,0,0,O,N,N,O,N,N,53.847879,0.257519
1114,1972765,OC(O)c1cc(F)cc(F)c1,Oc1cccnc1,Oc1cccnc1,OC(O)c1cc(F)cc(F)c1,O,O,1,1,1,1,1,1,O,O,N,O,O,N,108.848187,0.267677
1115,IKADAC,CC(NO)C(C)NO,CC(NO)C(C)NO,c1ccncc1,CCC,X,X,2,2,1,1,0,0,N,N,N,N,N,C,5.192176615,0.13326754
1116,793209,NCS,NCS,Oc1c(O)c2cccnc2c2ncccc12,O,O,X,1,1,2,1,1,0,N,N,N,N,O,O,106.046027,0.213993
1118,1437535,CCOC(O)C1(C(O)OCC)Cc2c(-c3ccccn3)nc(-c3cccc(-c4nc(-c5ccccn5)c5c(c4C)CC(C(O)OCC)(C(O)OCC)C5)n3)c(C)c2C1,c1ccc(-c2ccccn2)nc1,Cl,X,X,X,3,2,1,0,0,0,N,N,N,N,N,Cl,64.865735,0.272021
1119,IKEZEE,COC(=O)c1ccc(cc1)Nc2ccc(cc2)C(=O)N,COC(=O)c1ccc(cc1)Nc2ccc(cc2)C(=O)N,O,O,O,O,1,1,1,1,1,1,O,O,O,O,O,O,-121.42674,0.21481
1120,1408892,CCN(CC)CCNCc1ccccc1O,CCN(CC)CCN,NNN,NNN,X,X,3,1,1,1,0,0,O,N,N,N,N,N,33.45935492,0.13857474
1121,IKIFEP,C[SH](C)O,CCN(CC)CCNCc1cccc(OC)c1O,NNN,NNN,X,X,1,3,1,1,0,0,O,O,N,N,N,N,53.786901,0.148534
1123,IKOTAG,COC(O)NNC(CCC(O)O)C(O)O,COC(O)NNC(CCC(O)O)C(O)O,X,X,X,X,3,3,0,0,0,0,O,N,O,O,N,O,48.216874,0.235586
1124,1432272,c1ccc(Cn2ccnc2)cc1,c1ccc(Cn2ccnc2)cc1,NCNCN,c1ccc(Cn2ccnc2)cc1,c1ccc(Cn2ccnc2)cc1,NCNCN,1,1,1,1,1,1,N,N,N,N,N,N,56.275068,0.103803
1129,IMINIE,c1cnc2c(c1)ccc1cccnc12,c1cnc2c(c1)ccc1cccnc12,OC(O)c1ccc(C(O)O)nc1,X,X,X,2,2,2,0,0,0,N,N,N,N,N,O,105.308285,0.279357
1130,705663,OC(O)C1C2CCC(O2)C1C(O)O,O,c1c[nH]cn1,O,X,X,3,1,1,1,0,0,O,O,O,N,O,O,85.437697,0.14671
1131,INADIL,NCS,c1cnc(-c2nnc(-c3cnccn3)o2)cn1,O,NCS,c1cnc(-c2nnc(-c3cnccn3)o2)cn1,O,1,1,1,1,1,1,O,N,N,O,N,N,100.246433,0.252347
1132,746687,NCS,Nn1c(-c2cnccn2)nnc1-c1cnccn1,NCS,Nn1c(-c2cnccn2)nnc1-c1cnccn1,X,X,1,2,1,2,0,0,N,N,N,N,N,N,-54.082766,0.285168
1133,INAVAU,COCC(O)O,O,COCC(O)O,O,X,X,2,1,2,1,0,0,O,O,O,O,O,O,64.726829,0.327351
1134,789651,OC(O)c1ccccc1C(O)c1ccccc1,OC(O)c1ccccc1C(O)c1ccccc1,c1cnc2c(c1)ccc1cccnc12,O,X,X,1,2,2,1,0,0,N,N,O,O,O,O,65.134266,0.259676
1135,INOGID,NC(O)c1cccnc1,O,O,NC(O)c1cccnc1,O,O,1,1,1,1,1,1,N,O,O,N,O,O,-74.501059,0.27444
1136,2054005,Cl,Cl,Cc1cc(C)nc(NNC(C)C(C)NNc2nc(C)cc(C)n2)n1,X,X,X,1,1,4,0,0,0,Cl,Cl,N,N,N,N,-112.525287,0.162621
1137,IPIKIB,Oc1ccncn1,O,O,Oc1ccncn1,O,O,1,1,1,1,1,1,O,O,N,O,O,N,38.53666276,0.152880715
1138,2011009,OC(NNC(c1ccccc1)c1ccccn1)c1ccccc1,OC(NNC(c1ccccc1)c1ccccn1)c1ccccc1,X,X,X,X,3,3,0,0,0,0,N,N,N,N,O,O,91.127974,0.226519
1139,IPUKOU,Cc1ccnc(-c2cc(C)ccn2)c1,Cc1ccnc(-c2cc(C)ccn2)c1,Cc1ccnc(-c2cc(C)ccn2)c1,X,X,X,2,2,2,0,0,0,N,N,N,N,N,N,54.22350171,0.156835622
1140,227775,NCc1ccc(C(O)O)cc1,O,Nc1cccnc1,NCc1ccc(C(O)O)cc1,O,Nc1cccnc1,1,1,1,1,1,1,O,O,N,O,O,N,102.57433,0.27827
1141,IQAKUH,S(O)(O)(O)C1=CC=C2C(=O)C3=C(S(O)(O)(O))C=CC=C3C(=O)C2=C1,c1cnc2c(c1)ccc1cccnc12,c1cnc2c(c1)ccc1cccnc12,O,X,X,1,2,2,1,0,0,O,O,N,N,N,N,-88.177406,0.006637
1142,145907,Cl,ONC(c1ccccc1)C(NO)c1ccccc1,CC(NO)C(C)NO,c1ccncc1,X,X,1,2,2,1,0,0,Cl,N,N,N,N,N,4.359378725,0.106186835
1143,IQICEQ,CC(C)NCc1cccc(CNC(C)C)n1,CC(C)NCc1cccc(CNC(C)C)n1,X,X,X,X,3,3,0,0,0,0,N,N,N,N,N,N,45.49107428,0.082755072
1144,229373,c1ccc(NCc2cccc(CNc3ccccc3)n2)cc1,c1ccc(NCc2cccc(CNc3ccccc3)n2)cc1,X,X,X,X,3,3,0,0,0,0,N,N,N,N,N,N,122.992263,0.050618
1145,IQUDON,OC(O)c1cccc(C(O)O)n1,OC(O)c1cccc(C(O)O)n1,X,X,X,X,3,3,0,0,0,0,O,O,O,O,N,N,-85.324927,0.221217
1146,770322,OC(O)c1ccc(C(O)O)nc1,O,O,OC(O)c1ccc(C(O)O)nc1,X,X,2,1,1,2,0,0,N,O,O,O,N,O,68.361282,0.305749
1147,IRONAE,NCc1ccc(C(O)O)cc1,NCc1ccc(C(O)O)cc1,O,O,c1cnc2c(c1)ccc1cccnc12,X,1,1,1,1,2,0,O,O,O,O,N,N,60.88556,0.158112
1148,603743,OC(O)COc1ccc(Cl)cc1Cl,O,O,OC(O)COc1ccc(Cl)cc1Cl,O,O,1,1,1,1,1,1,O,O,O,O,O,O,84.752561,0.307531
1149,ISAJIW,CCC1=NC(C(O)(=O))=C(C(O)(=O))N1,CCC1=NC(C(O)(=O))=C(C(O)(=O))N1,O,O,X,X,2,2,1,1,0,0,N,O,O,N,O,O,9.09218355,0.15170562
1150,216932,Oc1ccccc1NCc1ccccc1OCCOc1ccccc1CNc1ccccc1O,X,X,X,X,X,6,0,0,0,0,0,N,O,O,N,O,O,51.515,0.309666
1151,ISIGAT,c1cc(-c2ccncc2)ccn1,O,O,c1cc(-c2ccncc2)ccn1,O,O,1,1,1,1,1,1,N,O,O,N,O,O,-95.982581,0.24795
1152,1052004,Cl,Cl,CN(c1cccc2cccnc12)C1CCCCC1N(C)c1cccc2cccnc12,X,X,X,1,1,4,0,0,0,Cl,Cl,N,N,N,N,59.970534,0.191636
1153,ISINUV,Cl,Cc1cccc(CN2CCCC2C2CCCN2Cc2cccc(C)n2)n1,Cl,X,X,X,1,4,1,0,0,0,Cl,N,N,N,N,Cl,83.36639,0.041415
1154,221202,O,c1c[nH]c(-c2ncc[nH]2)n1,O,c1c[nH]c(-c2ncc[nH]2)n1,X,X,1,2,1,2,0,0,O,N,N,O,N,N,77.387457,0.100169
1155,ITEDAO,C1C=CC(SCC2CN(CC3C=CC=CN3)NN=2)=NC=1,C1C=CC(SCC2CN(CC3C=CC=CN3)NN=2)=NC=1,O,O,X,X,2,2,1,1,0,0,O,N,N,O,N,N,43.44205797,0.15738451
1156,822755,c1ccncc1,c1ccncc1,NC[SeH],c1ccncc1,c1ccncc1,NC[SeH],1,1,1,1,1,1,N,N,N,N,N,N,63.5841903,0.162394112
1157,ITIVUE,OC(NCc1ccncc1)c1ccncc1,COc1cc(C(O)O)cc(C(O)O)c1,O,OC(NCc1ccncc1)c1ccncc1,COc1cc(C(O)O)cc(C(O)O)c1,O,1,1,1,1,1,1,O,O,N,O,O,N,98.496753,0.310939
1158,769129,CN(CCN(C)CCS(O)(O)O)CCS(O)(O)O,O,O,X,X,X,4,1,1,0,0,0,O,O,N,N,O,O,112.151432,0.24919
1158,769129,CN(CCN(C)CCS(O)(O)O)CCS(O)(O)O,O,O,X,X,X,4,1,1,0,0,0,O,O,N,N,O,O,112.151432,0.24919
1158,769129,CN(CCN(C)CCS(O)(O)O)CCS(O)(O)O,O,O,X,X,X,4,1,1,0,0,0,O,O,N,N,O,O,112.151432,0.24919
1158,769129,CN(CCN(C)CCS(O)(O)O)CCS(O)(O)O,O,O,X,X,X,4,1,1,0,0,0,O,O,N,N,O,O,112.151432,0.24919
1159,IVIKII,OC(O)CNCCNCC(O)O,c1cnc2c(c1)ccc1cccnc12,X,X,X,X,4,2,0,0,0,0,O,O,N,N,N,N,94.217899,0.154559
1161,IVIPAH,OC(NNCc1ccccn1)c1ccccn1,OC(NNCc1ccccn1)c1ccccn1,OC(NNCc1ccccn1)c1ccccn1,X,X,X,2,2,2,0,0,0,N,N,N,N,N,N,51.49013926,0.169719055
1162,1405144,CO[PH](O)(NC(O)Nc1ccccn1)OC,O,CO[PH](O)(NC(O)Nc1ccccn1)OC,O,X,X,2,1,2,1,0,0,O,N,O,O,N,O,110.729342,0.262152
1163,IVUQOH,F,Oc1cccnc1,Oc1cccnc1,F,Oc1cccnc1,Oc1cccnc1,1,1,1,1,1,1,F,N,N,F,N,N,-123.772704,0.189729
1164,1490505,C1=CC=C(O)NC1,C1=CC=C(O)NC1,C1=CC=C(O)NC1,C1=CC=C(O)NC1,C1=CC=C(O)NC1,C1=CC=C(O)NC1,1,1,1,1,1,1,O,O,O,O,O,O,-4.467996,0.248267
1165,IWEPIK,OC(O)c1cc(C(O)O)cc(-n2cnnc2)c1,O,O,OC(O)c1cc(C(O)O)cc(-n2cnnc2)c1,O,O,1,1,1,1,1,1,O,O,N,O,O,N,47.10866561,0.147264048
1167,812295,OC(O)c1ccccc1C(O)c1ccccc1,OC(O)c1ccccc1C(O)c1ccccc1,Cc1cccnc1,Cc1cccnc1,O,O,1,1,1,1,1,1,N,N,O,O,O,O,88.455372,0.19353
1168,IWINOT,OC(O)c1cscn1,O,OC(O)c1cscn1,O,X,X,2,1,2,1,0,0,O,O,N,O,O,N,68.530398,0.30257
1169,239059,OC(O)c1ccc(C(O)O)nc1,O,OC(O)c1ccc(C(O)O)nc1,O,X,X,2,1,2,1,0,0,O,O,N,O,O,N,95.428948,0.291798
1170,IWOVEV,NC(O)NNCc1cccnc1,O,O,NC(O)NNCc1cccnc1,O,O,1,1,1,1,1,1,O,O,N,O,O,N,-53.045443,0.312901
1171,242050,c1ccncc1,OCO,O,c1ccncc1,OCO,O,1,1,1,1,1,1,N,O,O,N,O,O,90.861135,0.323282
1172,IWOVUM,c1ccc(Cn2cc(CN(Cc3cn(Cc4ccccc4)nn3)Cc3cn(Cc4ccccc4)nn3)nn2)cc1,CCN,CCN,CCN,X,X,3,1,1,1,0,0,N,N,N,N,N,N,19.938728,0.011562
1173,778711,c1c(CN(Cc2cn(C3CCCCC3)nn2)Cc2cn(C3CCCCC3)nn2)nnn1C1CCCCC1,c1c(CN(Cc2cn(C3CCCCC3)nn2)Cc2cn(C3CCCCC3)nn2)nnn1C1CCCCC1,X,X,X,X,3,3,0,0,0,0,N,N,N,N,N,N,58.402061,0.107331
1174,IWUCIN,Cl,ONC(Sc1ccccc1)C(NO)Sc1ccccc1,CC(NO)C(C)NO,c1ccncc1,X,X,1,2,2,1,0,0,Cl,N,N,N,N,N,17.29311432,0.129427032
1175,806945,ONC(S)C(S)NO,CC(NO)C(C)NO,c1ccncc1,Cc1ccccc1,X,X,2,2,1,1,0,0,N,N,N,N,N,C,7.515397238,0.125104428
1176,IWUDAG,ONC(Sc1ccccc1)C(NO)Sc1ccccc1,CC(NO)C(C)NO,c1ccncc1,Cc1ccccc1,X,X,2,2,1,1,0,0,N,N,N,N,N,C,8.588410553,0.172196175
1177,806948,Cl,ONC(C(NO)SCC)SCC,CC(NO)C(C)NO,c1ccncc1,X,X,1,2,2,1,0,0,Cl,N,N,N,N,N,10.44925468,0.110906133
1178,IXEPIM,C1=CCNC(CSCCSCC2C=CC=CN2)=C1,NCS,NCS,X,X,X,4,1,1,0,0,0,S,N,N,S,N,N,67.483336,0.213049
1179,1433540,C1=CCNC(CSCCSCC2C=CC=CN2)=C1,Cl,Cl,X,X,X,4,1,1,0,0,0,Cl,Cl,S,S,N,N,106.388941,0.204116
1180,IXEZUI,C[SH](C)O,C[SH](C)O,O,C[SH](C)O,C[SH](C)O,O,1,1,1,1,1,1,O,O,O,O,O,O,92.515728,0.126343
1181,219606,CC(O)CC(C)O,CC(O)CC(C)O,Cc1cc(C)[nH]n1,Cc1cc(C)[nH]n1,X,X,2,2,1,1,0,0,O,O,O,O,N,N,100.257452,0.221717
1182,IXOVAT,Cc1nc(-c2nc(C)c(C)[nH]2)[nH]c1C,Cc1nc(-c2nc(C)c(C)[nH]2)[nH]c1C,Cc1nc(-c2nc(C)c(C)[nH]2)[nH]c1C,X,X,X,2,2,2,0,0,0,N,N,N,N,N,N,126.779343,0.058712
1183,790364,CC(O)NNC(C)c1ccccc1O,CC(O)NNC(C)c1ccccc1O,X,X,X,X,3,3,0,0,0,0,O,N,O,O,N,O,43.208375,0.055462
1184,IYETEO,O,CCNCC(O)O,O,CCNCC(O)O,X,X,1,2,1,2,0,0,O,O,N,O,O,N,-90.571712,0.296183
1185,2069284,O,CNCC(O)O,O,CNCC(O)O,X,X,1,2,1,2,0,0,O,O,N,O,O,N,-104.427197,0.206774
1186,IZACUJ,NC(O)NNCc1cccc2cccnc12,NC(O)NNCc1cccc2cccnc12,X,X,X,X,3,3,0,0,0,0,O,N,N,O,N,N,81.890175,0.137432
1187,248738,Cl,Oc1cccnc1,Oc1cccnc1,Cl,Oc1cccnc1,Oc1cccnc1,1,1,1,1,1,1,Cl,N,N,Cl,N,N,125.347801,0.122582
1188,IZAFEU,OC(O)c1ccc(N(O)O)cc1,O,c1c[nH]cn1,OC(O)c1ccc(N(O)O)cc1,O,c1c[nH]cn1,1,1,1,1,1,1,O,O,N,O,O,N,115.799115,0.15771
1189,766524,O,Cn1ccnc1C(O)O,O,Cn1ccnc1C(O)O,X,X,1,2,1,2,0,0,O,N,O,O,N,O,116.505854,0.192267
1190,IZOFAG,c1ccc(-c2cc(-c3ccncc3)cc(-c3ccccn3)n2)nc1,c1ccc(-c2cc(-c3ccncc3)cc(-c3ccccn3)n2)nc1,X,X,X,X,3,3,0,0,0,0,N,N,N,N,N,N,18.29302179,0.105118007
1191,1181430,CC(O)CC(C)O,CC(O)CC(C)O,CCN(CC)CCN(CC)CC,X,X,X,2,2,2,0,0,0,O,O,O,O,N,N,78.999712,0.177193
1192,JADVAO,NCS,Cc1cncc(C)n1,O,NCS,Cc1cncc(C)n1,O,1,1,1,1,1,1,N,N,O,N,N,O,-107.381607,0.283798
1193,214373,OC(O)c1ccc2ccccc2n1,O,OC(O)c1ccc2ccccc2n1,O,X,X,2,1,2,1,0,0,O,O,N,O,O,N,-86.894003,0.290332
1194,JAHZOK,CO[PH](O)(NC(O)Nc1ccccn1)OC,O,CO[PH](O)(NC(O)Nc1ccccn1)OC,O,X,X,2,1,2,1,0,0,N,O,O,N,O,O,103.98818,0.231437
1196,JAKNIS,CC(NO)C(C)NO,CC(NO)C(C)NO,Cn1ccnc1,CCCN,X,X,2,2,1,1,0,0,N,N,N,N,N,C,4.339485715,0.14694303
1197,JAKNUE,CC(NO)C(C)NO,CC(NO)C(C)NO,Cc1nccn1C,CCCCN,X,X,2,2,1,1,0,0,N,N,N,N,N,C,11.69826761,0.164159552
1198,982168,NCC1(CC(O)O)CCCCC1,NCC1(CC(O)O)CCCCC1,O,NCC1(CC(O)O)CCCCC1,NCC1(CC(O)O)CCCCC1,O,1,1,1,1,1,1,O,O,O,O,O,O,17.17333683,0.174546022
1199,JAMCIJ,CC(O)=CC(C)(O),CC(O)=CC(C)(O),c1ccc(-c2ccccn2)nc1,X,X,X,2,2,2,0,0,0,O,O,O,O,N,N,73.139502,0.205124
1200,1182572,NC(O)Nc1ccccc1,N,N,N,N,N,1,1,1,1,1,1,N,N,N,N,N,N,0.318471,0.016732
1201,JAPJES,CC(NO)C(C)NO,Nc1ccccc1,CC(NO)C(C)NO,Nc1ccccc1,X,X,2,1,2,1,0,0,N,N,N,N,N,N,4.42613698,0.091617662
1202,213654,CCOC(O)NN,CCOC(O)NN,CCOC(O)NN,X,X,X,2,2,2,0,0,0,O,O,O,N,N,N,125.452467,0.071585
1203,JARNUM,ON(O)O,Cc1cccc(NCNc2cccc(C)n2)n1,ON(O)O,Cc1cccc(NCNc2cccc(C)n2)n1,X,X,1,2,1,2,0,0,O,N,N,O,N,N,78.421122,0.144394
1204,2095518,Cl,COc1ccc(NC(S)NC(O)c2ccc(N(O)O)cc2)cc1,COc1ccc(NC(S)NC(O)c2ccc(N(O)O)cc2)cc1,Cl,COc1ccc(NC(S)NC(O)c2ccc(N(O)O)cc2)cc1,COc1ccc(NC(S)NC(O)c2ccc(N(O)O)cc2)cc1,1,1,1,1,1,1,Cl,S,S,Cl,S,S,92.786989,0.30494
1205,JARTAX,NCCNCc1ncc(Br)c(C(O)NCCc2c[nH]cn2)n1,O,X,X,X,X,5,1,0,0,0,0,O,N,N,N,N,N,41.16027282,0.141814242
1206,JARWOO,CC(C)(C)c1ccc(C(C)(C)C)c(O)c1O,CC(C)(C)c1ccc(C(C)(C)C)c(O)c1O,CN(C)CN(C)C,X,X,X,2,2,2,0,0,0,O,O,O,O,N,N,31.203335,0.116317775
1207,1455799,COc1cc(N)ncn1,O,O,COc1cc(N)ncn1,O,O,1,1,1,1,1,1,N,O,O,N,O,O,97.728176,0.062549
1208,JAWDOA,CCCCCCC(NO)C(C)NO,CCCCCCC(NO)C(C)NO,Nc1ccccc1,Nc1ccccc1,X,X,2,2,1,1,0,0,N,N,N,N,N,N,7.333229375,0.133699352
1209,831600,O,O,c1ccc2cnccc2c1,c1ccc2cnccc2c1,CC(O)O,CC(O)O,1,1,1,1,1,1,O,O,N,N,O,O,78.18581106,0.152048282
1210,JAXGOH,c1ccc(-c2cccc(Sc3cccc(-c4ccccn4)n3)n2)nc1,O,O,X,X,X,4,1,1,0,0,0,O,O,N,N,N,N,39.420142,0.089219
1211,1555980,Cl,c1n[nH]c2c1CCCC2,c1n[nH]c2c1CCCC2,Cl,c1n[nH]c2c1CCCC2,c1n[nH]c2c1CCCC2,1,1,1,1,1,1,Cl,N,N,Cl,N,N,109.969652,1.00E-06
1212,JEDDAY,CCCNC(S)n1ncc2ccccc21,ON(O)O,CCCNC(S)n1ncc2ccccc21,ON(O)O,X,X,2,1,2,1,0,0,N,N,O,N,N,O,77.473904,0.1797
1213,1537730,C1=CC(N=NC2=CC=C(O)C(O)=CC2)=CC=C1,C1=CC(N=NC2=CC=C(O)C(O)=CC2)=CC=C1,c1ccncc1,c1ccncc1,X,X,2,2,1,1,0,0,N,O,O,N,O,O,124.656618,0.21731
1214,JEDTOC,O,O,Oc1c2ccccc2c(O)n1CC(O)O,O,O,Oc1c2ccccc2c(O)n1CC(O)O,1,1,1,1,1,1,O,O,O,O,O,O,94.72,0.223832
1215,2129637,O,O,OC(O)c1cc(C(O)O)cc(C(O)O)c1,O,O,OC(O)c1cc(C(O)O)cc(C(O)O)c1,1,1,1,1,1,1,O,O,O,O,O,O,36.76798321,0.164117023
1216,JEGFEK,Cl,CC(NO)C(C)NO,CC(NO)C(C)NO,Nc1ccncc1,X,X,1,2,2,1,0,0,Cl,N,N,N,N,N,6.904195688,0.093116853
1217,1184125,C(C=N)(Cl)Cl,CC(NO)C(C)NO,CC(NO)C(C)NO,Cc1nccn1C,X,X,1,2,2,1,0,0,N,N,N,N,N,C,32.717718,0.293826
1218,JEGHAE,CC(NO)C(C)NO,CC(NO)C(C)NO,Cc1nccn1C,CCN,X,X,2,2,1,1,0,0,N,N,N,N,N,C,6.432887948,0.180824207
1219,1184127,CC(NO)C(C)NO,CC(NO)C(C)NO,Cc1nccn1C,C,X,X,2,2,1,1,0,0,N,N,N,N,N,C,8.049084987,0.17154156
1220,JEGHIM,CC(NO)C(C)NO,CC(NO)C(C)NO,CN1C(C)NC=C1,CCC,X,X,2,2,1,1,0,0,N,N,N,N,N,C,10.49966832,0.156654347
1221,1562788,Nc1ccc(NCc2cccc(CNc3ccc(N)cc3)n2)cc1,Nc1ccc(NCc2cccc(CNc3ccc(N)cc3)n2)cc1,X,X,X,X,3,3,0,0,0,0,N,N,N,N,N,N,31.32415629,0.108328245
1223,244932,ONO,OC(O)c1ccc(N(O)O)cc1,NCCN,NCCN,X,X,1,1,2,2,0,0,O,N,N,N,N,N,53.87674386,0.103906978
1224,JEMDOV,CC(C)(O)C(O)O,c1cnc2c(c1)ccc1cccnc12,c1cnc2c(c1)ccc1cccnc12,X,X,X,2,2,2,0,0,0,O,O,N,N,N,N,98.907892,0.215238
1225,1527037,NCS,CCOC(O)c1cccnn1,CCOC(O)c1cccnc1,NCS,CCOC(O)c1cccnn1,CCOC(O)c1cccnc1,1,1,1,1,1,1,N,N,N,N,N,N,98.516388,0.316685
1226,JENKAR,CC(NNC(O)c1ccccc1O)c1ccc2ccccc2c1,CC(NNC(O)c1ccccc1O)c1ccc2ccccc2c1,c1cnc2c(c1)ccc1cccnc12,X,X,X,2,2,2,0,0,0,O,O,N,N,N,N,60.192866,0.168112
1227,1184893,NC(C)O,NC(C)O,NC(C)O,NC(C)O,O,O,1,1,1,1,1,1,O,O,O,O,O,O,108.451608,0.169196
1228,JESSEF,Cl,Cl,CC(NO)C(C)NCCCCNC(C)C(C)NO,X,X,X,1,1,4,0,0,0,Cl,Cl,N,N,N,N,8.944930788,0.128606092
1229,289413,NC(O)NNCc1ccncc1,O,O,NC(O)NNCc1ccncc1,O,O,1,1,1,1,1,1,N,O,O,N,O,O,-5.143,0.24463
1230,JEXZIW,CC(O)CN1CCN(CC(C)O)CCN(CC(C)O)CC1,X,X,X,X,X,6,0,0,0,0,0,N,N,N,O,O,O,-122.807268,0.114151
1231,614784,C1=C(Br)C(C)=CC=C1,Cc1ccccc1,ONCCNO,ONCCNO,X,X,1,2,2,1,0,0,N,N,N,N,N,C,11.27527635,0.1534471
1232,JEYQEK,ONC(c1ccccc1)C(NO)c1ccccc1,ONC(c1ccccc1)C(NO)c1ccccc1,c1ccncc1,Cc1ccccc1,X,X,2,2,1,1,0,0,N,N,N,N,N,C,3.256386755,0.129328908
1233,640520,Cl,CCO,Nc1ccccc1,Cl,CCO,Nc1ccccc1,1,1,1,1,1,1,Cl,O,N,Cl,O,N,108.181314,0.103684
1233,640520,Cl,CCO,Nc1ccccc1,Cl,CCO,Nc1ccccc1,1,1,1,1,1,1,Cl,O,N,Cl,O,N,108.181314,0.103684
1233,640520,Cl,CCO,Nc1ccccc1,Cl,CCO,Nc1ccccc1,1,1,1,1,1,1,Cl,O,N,Cl,O,N,108.181314,0.103684
1233,640520,Cl,CCO,Nc1ccccc1,Cl,CCO,Nc1ccccc1,1,1,1,1,1,1,Cl,O,N,Cl,O,N,108.181314,0.103684
1234,JIBNIR,c1ccc(NNC(NNc2nc(-c3ccccc3)cc(-c3ccccc3)n2)c2ccccc2)cc1,c1ccc(NNC(NNc2nc(-c3ccccc3)cc(-c3ccccc3)n2)c2ccccc2)cc1,X,X,X,X,3,3,0,0,0,0,N,N,N,N,N,N,0.123623287,0.106679947
1235,2018098,Cc1cccc(Nc2ccccc2C(O)O)c1C,Cc1cccc(Nc2ccccc2C(O)O)c1C,c1c[nH]cn1,c1c[nH]cn1,X,X,2,2,1,1,0,0,O,O,O,O,N,N,31.940581,0.155074
1236,JIFDEK,C1=CC2OC(=O)C(=C(C)O)C(O)C2=CC1,C1=CC2OC(=O)C(=C(C)O)C(O)C2=CC1,O,O,X,X,2,2,1,1,0,0,O,O,O,O,O,O,-1.747042303,0.193823003
1237,1842163,C1=CC2OC(=O)C(=C(C)O)C(O)C2=CC1,C1=CC2OC(=O)C(=C(C)O)C(O)C2=CC1,CCO,CCO,X,X,2,2,1,1,0,0,O,O,O,O,O,O,-117.775925,0.23511
1238,JILZUD,OC(O)c1cnn2cccnc12,O,OC(O)c1cnn2cccnc12,O,X,X,2,1,2,1,0,0,O,O,N,O,O,N,76.1357,0.315565
1239,JINCUE,CC(NO)C(C)NO,CC(NO)C(C)NO,COC(O)CCC(O)OC,CC(N)c1ccccc1,X,X,2,2,1,1,0,0,N,N,N,N,C,N,7.758809925,0.16912096
1240,1186845,c(CSCCSC1=NC(C=CC=C2)=C2N1)(n3)[nH]c4c3cccc4,O,O,X,X,X,4,1,1,0,0,0,S,N,N,S,O,O,-134.325486,0.234388
1241,JIQBER,CC(C(O)c1ccccc1)N(C)CC(O)O,CC(C(O)c1ccccc1)N(C)CC(O)O,X,X,X,X,3,3,0,0,0,0,N,N,O,O,O,O,-76.661026,0.190832
1242,642792,CN(CC(O)O)CC(O)c1cccc(O)c1,CN(CC(O)O)CC(O)c1cccc(O)c1,X,X,X,X,3,3,0,0,0,0,N,N,O,O,O,O,-69.95928,0.21604
1243,JIQBOB,CC(C(O)c1ccccc1)N(C)CC(O)O,CC(C(O)c1ccccc1)N(C)CC(O)O,X,X,X,X,3,3,0,0,0,0,N,O,O,N,O,O,-90.581158,0.172388
1244,672429,Cc1ccc(C(O)O)cn1,O,O,Cc1ccc(C(O)O)cn1,O,O,1,1,1,1,1,1,O,O,O,O,O,O,115.664766,0.155037
1245,JISJED,Cc1nc(C(O)O)cs1,Cc1nc(C(O)O)cs1,O,O,X,X,2,2,1,1,0,0,O,O,N,N,O,O,-79.494994,0.267458
1246,JITDIZ,NCCSCC(=O)NCC1C=CC=CN1,ONO,ONO,X,X,X,4,1,1,0,0,0,S,N,N,N,N,N,40.04972896,0.150601545
1247,648591,C1=CC(CN(CCSC)(CCSC))NC(NC(O)C(C)(C)(C))=C1,CCN,X,X,X,X,5,1,0,0,0,0,S,S,O,N,N,N,73.102996,0.124104
1248,JIVLEJ,O,O,ONN(O)Cc1ccccc1,ONN(O)Cc1ccccc1,X,X,1,1,2,2,0,0,O,O,O,O,O,O,-70.485128,0.200227
1249,1541574,CC(C)CCc1c(O)c(O)c2ccccc2c1O,O,CC(C)CCc1c(O)c(O)c2ccccc2c1O,O,X,X,2,1,2,1,0,0,O,O,O,O,O,O,-20.85157,0.163848
1250,JIWNEM,Nc1nonc1C(O)O,O,Nc1nonc1C(O)O,O,O,O,1,1,1,1,1,1,O,N,O,N,O,O,55.1699956,0.14779462
1252,JIYTAO,OC(O)COc1ccc(Cl)cc1,O,O,OC(O)COc1ccc(Cl)cc1,O,O,1,1,1,1,1,1,O,O,O,O,O,O,-86.848025,0.30591
1255,1187900,CC(NO)C(C)NO,CC(NO)C(C)NO,CCCN,Nc1cccnc1,X,X,2,2,1,1,0,0,N,N,N,N,C,N,-4.80E-05,0.081144
1256,JOFRAZ,CC1=CC2CC1C(C(O)O)C2C(O)O,O,O,O,c1ccc(-c2ccccn2)nc1,X,1,1,1,1,2,0,O,O,O,O,N,N,120.737973,0.138061
1257,665395,OC(O)c1ccc2ccccc2n1,C[SH](C)O,OC(O)c1ccc2ccccc2n1,C[SH](C)O,X,X,2,1,2,1,0,0,O,N,O,O,N,O,67.555277,0.278278
1258,JOPHEE,OC(O)c1ccc2ccccc2n1,C[SH](C)O,OC(O)c1ccc2ccccc2n1,C[SH](C)O,X,X,2,1,2,1,0,0,O,N,O,O,N,O,67.555277,0.278278
1259,1940481,OC(O)c1ncc[nH]1,O,OC(O)c1ncc[nH]1,O,X,X,2,1,2,1,0,0,O,O,N,O,O,N,79.464715,0.306121
1260,JOPJAC,OC(O)c1cocn1,O,OC(O)c1cocn1,O,X,X,2,1,2,1,0,0,O,O,N,O,O,N,71.323457,0.321865
1261,1189030,I,CC(NO)C(C)NO,CC(NO)C(C)NO,c1ccncc1,X,X,1,2,2,1,0,0,I,N,N,N,N,N,6.961172152,0.10093076
1262,JORLEH,NC(Nc1ccccc1)C(N)Nc1ccccc1,NC(Nc1ccccc1)C(N)Nc1ccccc1,NC(Nc1ccccc1)C(N)Nc1ccccc1,X,X,X,2,2,2,0,0,0,N,N,N,N,N,N,78.72032056,0.12730943
1263,1890720,Cc1nn(-c2ccccc2)c(O)c1C(NOCCONC(c1ccccc1)c1c(C)nn(-c2ccccc2)c1O)c1ccccc1,CO,CO,X,X,X,4,1,1,0,0,0,O,O,O,O,N,N,-87.350104,0.301848
1265,JOYWOJ,C1C=CN(O)CC=1,C1C=CN(O)CC=1,C1C=CN(O)CC=1,C1C=CN(O)CC=1,C1C=CN(O)CC=1,C1C=CN(O)CC=1,1,1,1,1,1,1,O,O,O,O,O,O,38.861882,0.097297
1266,1054520,c1ccc(-c2nc[nH]n2)nc1,O,c1ccc(-c2nc[nH]n2)nc1,O,X,X,2,1,2,1,0,0,N,N,O,N,N,O,44.15545,0.067356
1267,JUHGAX,c1(Br)ccc(-c2cc(-c3ccccn3)nc(-c3ccccn3)c2)cc1,c1(Br)ccc(-c2cc(-c3ccccn3)nc(-c3ccccn3)c2)cc1,X,X,X,X,3,3,0,0,0,0,N,N,N,N,N,N,-0.61467647,0.10194828
1268,JUHVOX,Cc1cc2nc(-c3ccccn3)c(-c3ccccn3)nc2cc1C,OC(CC(O)C(F)(F)F)C(F)(F)F,OC(CC(O)C(F)(F)F)C(F)(F)F,X,X,X,2,2,2,0,0,0,N,N,O,O,O,O,-21.37071469,0.162030495
1269,1954829,C[SH](C)O,Cc1ncc(CO)c(CNCCNCc2c(CO)cnc(C)c2O)c1O,CC(O)O,X,X,X,1,4,1,0,0,0,O,O,O,N,N,O,25.37218622,0.13252651
1270,JUJTOX,CC(NO)C(C)NO,CC(NO)C(C)NO,Cc1ccncc1,COC,X,X,2,2,1,1,0,0,N,N,N,N,N,C,-26.468773,0.229707
1271,1990535,Cc1cc(CN(C)CCN(C)Cc2cc(C)cc(C(C)(C)C)c2O)c(O)c(C(C)(C)C)c1,CC(C)(C)c1cc(O)c(O)c(C(C)(C)C)c1,X,X,X,X,4,2,0,0,0,0,O,N,N,O,O,O,-73.739651,0.187944
1272,JUJVIW,COc1cc(CN(C)CCN(C)Cc2cc(OC)cc(C(C)(C)C)c2O)c(O)c(C(C)(C)C)c1,CC(C)(C)c1cc(O)c(O)c(C(C)(C)C)c1,X,X,X,X,4,2,0,0,0,0,O,N,N,O,O,O,36.21941701,0.137177972
1273,889351,N1C(=S)NC(=O)C(SC2C(=O)NC(=S)NC=2(O))=C1(O),O,O,O,X,X,3,1,1,1,0,0,O,O,O,O,O,S,19.82409395,0.166573045
1274,JUNLEL,C1C=CC(N2N(C)C(C)C(NC=C3C=CC=C(OC)C3(O))=C2(O))=CC=1,C1C=CC(N2N(C)C(C)C(NC=C3C=CC=C(OC)C3(O))=C2(O))=CC=1,X,X,X,X,3,3,0,0,0,0,O,O,O,O,N,N,64.393551,0.129381
1275,1054022,CC(NN)c1cccc(C(C)NN)n1,CC(NN)c1cccc(C(C)NN)n1,X,X,X,X,3,3,0,0,0,0,N,N,N,N,N,N,147.165428,0.148543
1276,JURGOS,P(S)(N(C)N)(N(C)N)(C1=CC=CC=C1),P(S)(N(C)N)(N(C)N)(C1=CC=CC=C1),X,X,X,X,3,3,0,0,0,0,S,N,N,S,N,N,-67.899118,0.278907
1277,999915,OC(O)c1cccnc1C(O)O,O,OC(O)c1cccnc1C(O)O,O,X,X,2,1,2,1,0,0,O,N,O,O,N,O,47.753732,0.05569
1278,JUSGIN,Cn1nnc2ccccc21,Cn1nnc2ccccc21,NCS,Cn1nnc2ccccc21,Cn1nnc2ccccc21,NCS,1,1,1,1,1,1,N,N,N,N,N,N,-106.188316,0.277316
1279,JUSGOT,Cn1nnc2ccccc21,NCS,CO,Cn1nnc2ccccc21,NCS,CO,1,1,1,1,1,1,N,N,O,N,N,O,-105.136575,0.258252
1280,957133,CC1=CNC(C(O)(=O))=CN(O)1,CC1=CNC(C(O)(=O))=CN(O)1,O,O,X,X,2,2,1,1,0,0,O,N,O,O,N,O,-101.78153,0.244455
1282,JUYLIY,CC(NO)C(O)O,CC(NO)C(O)O,c1ccncc1,c1ccncc1,X,X,2,2,1,1,0,0,O,O,N,N,N,N,23.27180557,0.14980854
1283,792585,CC(C)(C)c1cc(O)c(O)c(C(C)(C)C)c1,NCc1ccncc1,CC(C)(C)c1cc(O)c(O)c(C(C)(C)C)c1,NCc1ccncc1,X,X,2,1,2,1,0,0,O,O,N,O,O,N,7.030603985,0.121408822
1284,KADSUH,CC(N)O,CC(N)O,CO,CC(N)O,CC(N)O,CO,1,1,1,1,1,1,O,O,O,O,O,O,73.623756,0.047063
1285,2024286,CC(N)O,CC(N)O,O,CC(N)O,CC(N)O,O,1,1,1,1,1,1,O,O,O,O,O,O,103.991227,0.133483
1286,KAFFEF,Cc1cccc(CN2CCN(Cc3cccc(C)n3)CCN(Cc3cccc(C)n3)CCN(Cc3cccc(C)n3)CC2)n1,X,X,X,X,X,6,0,0,0,0,0,N,N,N,N,N,N,-81.591952,0.021479
1288,1959822,O,O,c1ccc(CNC2CCCCC2NCc2ccccc2)cc1,c1ccc(CNC2CCCCC2NCc2ccccc2)cc1,X,X,1,1,2,2,0,0,O,O,N,N,N,N,-111.920191,0.312093
1289,KAGYEX,CC(NO)C(C)NO,CC(NO)C(C)NO,c1ccncc1,CCCC,X,X,2,2,1,1,0,0,N,N,N,N,N,C,8.081134318,0.169836212
1290,1442780,NCS,Cc1cncc(C)n1,O,NCS,Cc1cncc(C)n1,O,1,1,1,1,1,1,N,N,O,N,N,O,119.00698,0.187111
1291,KAHCEF,COC(O)c1cc(F)c(F)c(F)c1O,COC(O)c1cc(F)c(F)c(F)c1O,c1ccc(-c2ccccn2)nc1,X,X,X,2,2,2,0,0,0,O,O,O,O,N,N,-57.011028,0.271274
1292,1435377,Cl,c1ccc2c(c1)cnn2Cn1ncc2ccccc21,Cl,c1ccc2c(c1)cnn2Cn1ncc2ccccc21,X,X,1,2,1,2,0,0,Cl,N,N,Cl,N,N,-79.396413,0.296704
1294,728033,OC(O)c1ccccn1,OC(O)c1ccccn1,c1cnc2c(c1)ccc1cccnc12,X,X,X,2,2,2,0,0,0,O,O,N,N,N,N,-120.587529,0.257012
1295,KAKPUK,OC(CCc1c2ccccc2cc2ccccc12)CC(O)CCc1c2ccccc2cc2ccccc12,c1ccncc1,OC(CCc1c2ccccc2cc2ccccc12)CC(O)CCc1c2ccccc2cc2ccccc12,c1ccncc1,X,X,2,1,2,1,0,0,O,O,N,O,O,N,108.883386,0.057312
1296,1411574,OC(CCc1c2ccccc2cc2ccccc12)CC(O)CCc1c2ccccc2cc2ccccc12,OC(CCc1c2ccccc2cc2ccccc12)CC(O)CCc1c2ccccc2cc2ccccc12,c1ccc(-c2ccccn2)nc1,X,X,X,2,2,2,0,0,0,O,O,O,O,N,N,23.97539185,0.162765883
1297,KALFAF,NCc1ccc(C(O)O)cc1,NCc1ccc(C(O)O)cc1,c1ccncc1,c1ccncc1,NCc1ccc(C(O)O)cc1,NCc1ccc(C(O)O)cc1,1,1,1,1,1,1,O,O,N,O,O,N,98.893933,0.156262
1298,1499255,Oc1ccc2ccccc2c1CNCc1nc2ccccc2[nH]1,Oc1ccc2ccccc2c1CNCc1nc2ccccc2[nH]1,X,X,X,X,3,3,0,0,0,0,O,N,N,O,N,N,11.39077754,0.144107802
1299,KAPJIW,O,O,Nc1nc(-c2ccncc2)nc(-c2ccncc2)n1,O,O,Nc1nc(-c2ccncc2)nc(-c2ccncc2)n1,1,1,1,1,1,1,O,O,N,O,O,N,-76.813606,0.2473
1300,852827,Cn1c(CN(Cc2ccccc2)Cc2nc3ccccc3n2C)nc2ccccc21,Cn1c(CN(Cc2ccccc2)Cc2nc3ccccc3n2C)nc2ccccc21,X,X,X,X,3,3,0,0,0,0,N,N,N,N,N,N,-18.72292746,0.164561087
1301,KATSUV,c1ccncc1,c1ccncc1,COc1ccc2cc(C(C)C(O)O)ccc2c1,COc1ccc2cc(C(C)C(O)O)ccc2c1,O,O,1,1,1,1,1,1,N,N,O,O,O,O,107.035337,0.222212
1302,277059,c1ccc(-c2nnc(-c3ccccn3)n2-n2cccc2)nc1,CN(C)CO,c1ccc(-c2nnc(-c3ccccn3)n2-n2cccc2)nc1,CN(C)CO,X,X,2,1,2,1,0,0,N,N,O,N,N,O,-67.427692,0.319329
1304,KEHXEA,Cl,c1ccc2c(c1)C1=NC2=NC2=NC(=NC3=NC(=NC4=NC(=N1)c1ccccc14)c1ccccc13)c1ccccc12,Cl,X,X,X,1,4,1,0,0,0,Cl,N,N,Cl,N,N,32.23589397,0.103984013
1305,296003,P(c1ccccc1)(c1ccccc1)(O)CP(c1ccccc1)(c1ccccc1)(O),P(c1ccccc1)(c1ccccc1)(O)CP(c1ccccc1)(c1ccccc1)(O),P(c1ccccc1)(c1ccccc1)(O)CP(c1ccccc1)(c1ccccc1)(O),X,X,X,2,2,2,0,0,0,O,O,O,O,O,O,170.248192,0.00152
1306,KEJQAS,Nc1ccc(S(O)(O)Nc2ncccn2)cc1,CO,Nc1ccc(S(O)(O)Nc2ncccn2)cc1,CO,X,X,2,1,2,1,0,0,O,N,N,O,N,N,36.901351,0.27303
1308,KEKFAI,CCO[PH](O)(Cc1ccccn1)OCC,CCO[PH](O)(Cc1ccccn1)OCC,O,O,X,X,2,2,1,1,0,0,O,O,O,O,N,N,123.492939,0.225002
1309,2121155,OC(CNCc1ccc2ccccc2n1)c1ccccc1,OC(CNCc1ccc2ccccc2n1)c1ccccc1,X,X,X,X,3,3,0,0,0,0,O,O,N,N,N,N,-68.448651,0.217919
1311,289569,OC(O)c1cc(CCc2cc(C(O)O)nc(C(O)O)c2)cc(C(O)O)n1,O,O,O,X,X,3,1,1,1,0,0,N,O,O,O,O,O,73.223405,0.239403
1313,618986,C1=CC=CC(C(c3ccccc3)2C(=O)NC(=O)N2)=C1,C1N2CN3CN1CN(C2)C3,O,C1=CC=CC(C(c3ccccc3)2C(=O)NC(=O)N2)=C1,C1N2CN3CN1CN(C2)C3,O,1,1,1,1,1,1,N,N,O,N,N,O,90.263103,0.281967
1314,KERKAU,NCS,NCS,CCn1ccnc1,CCn1ccnc1,CCn1ccnc1,CCn1ccnc1,1,1,1,1,1,1,N,N,N,N,N,N,102.040264,0.071872
1316,KESXEN,C1=CC2=C(C=C1)C(=CN2CCSCCN3C=NC4=C3C=CC=C4)C5=CC=CC=C5,C1=CC2=C(C=C1)C(=CN2CCSCCN3C=NC4=C3C=CC=C4)C5=CC=CC=C5,X,X,X,X,3,3,0,0,0,0,S,N,N,S,N,N,54.767608,0.006293
1318,KETFOG,O,OC(O)C(F)(F)c1ccccn1,OC(O)C(F)(F)c1ccccn1,O,X,X,1,2,2,1,0,0,O,O,N,O,O,N,-98.359496,0.322337
1319,2159355,CC(O)O,O,c1cnc2c(c1)ccc1cccnc12,c1cnc2c(c1)ccc1cccnc12,X,X,1,1,2,2,0,0,O,O,N,N,N,N,89.322465,0.131371
1320,KEVQUZ,OS(O)(O)O,OC(Nc1cccnc1)Nc1c(F)c(F)c(F)c(F)c1F,CN(C)CO,OC(Nc1cccnc1)Nc1c(F)c(F)c(F)c(F)c1F,OC(Nc1cccnc1)Nc1c(F)c(F)c(F)c(F)c1F,CN(C)CO,1,1,1,1,1,1,N,N,N,O,O,O,99.04819435,0.15281314
1321,2181918,[SH](O)(O)(O)(C(F)(F)(F)),Cn1c(C2CCCN2CCN2CCCC2c2nc3ccccc3n2C)nc2ccccc21,CCN,X,X,X,1,4,1,0,0,0,O,N,N,N,N,N,125.260359,0.193113
1322,KEWVAM,OC(NNCCCc1ccccc1)c1ccco1,O,OC(NNCCCc1ccccc1)c1ccco1,O,X,X,2,1,2,1,0,0,N,O,O,N,O,O,-61.896396,0.238921
1323,888105,N1C=CC(C2=CC(C3=NN=NN3)=C(O)NC2(C))=CC=1,N1C=CC(C2=CC(C3=NN=NN3)=C(O)NC2(C))=CC=1,O,O,X,X,2,2,1,1,0,0,N,O,O,N,O,O,-87.89502,0.289051
1324,KEYCOI,CCNCCNCc1cc(Cl)ccc1O,CCNCCNCc1cc(Cl)ccc1O,X,X,X,X,3,3,0,0,0,0,O,O,N,N,N,N,21.6787119,0.135726752
1325,1566052,ClC1N=CN=C2NC=NC2=1,ClC1N=CN=C2NC=NC2=1,O,O,O,O,1,1,1,1,1,1,N,O,O,N,O,O,89.130787,0.244173
1326,KICBIL,CCn1cnnn1,CCn1cnnn1,CCn1cnnn1,CCn1cnnn1,CCn1cnnn1,CCn1cnnn1,1,1,1,1,1,1,N,N,N,N,N,N,99.461421,0.10624
1327,2177601,N(CC1C=CC=CN1)(CC1C=CC=CN1)(CC(O)COC1C=C2OC(=O)C=CC2=CC=1),Cl,CO,X,X,X,4,1,1,0,0,0,Cl,O,O,N,N,N,83.754538,0.212308
1329,1832156,Cl,OCC1(CO)COC(c2ccc3cccc(O)c3n2)N1,CO,X,X,X,1,4,1,0,0,0,Cl,O,O,O,N,N,59.925364,0.172613
1330,KIGCOS,CC(NO)C(C)NO,CC(NO)C(C)NO,CCC#N,CCc1cccnc1,X,X,2,2,1,1,0,0,N,N,N,N,C,N,3.868018233,0.14199527
1331,KIGCUY,CC(NO)C(C)NO,CC(NO)C(C)NO,CCCN,CCc1ccncc1,X,X,2,2,1,1,0,0,N,N,N,N,C,N,5.683776772,0.123150135
1332,937142,c1ccc(CN(CCN(Cc2ccccn2)Cc2ccccn2)Cc2ccccn2)cc1,CCN,X,X,X,X,5,1,0,0,0,0,N,N,N,N,N,N,39.970988,0.089784
1333,KIGXEF,c1ccc(CN(CCN(Cc2ccccn2)Cc2ccccn2)Cc2ccccn2)cc1,O,X,X,X,X,5,1,0,0,0,0,N,N,N,O,N,N,37.332679,0.116552
1334,937144,c1ccc(CN(CCCN(Cc2ccccn2)Cc2ccccn2)Cc2ccccn2)cc1,CCN,X,X,X,X,5,1,0,0,0,0,N,N,N,N,N,N,-0.150671,0.108404
1335,KIHREY,CC(N)CC(C)(C)N,CC(N)CC(C)(C)N,N,NCO,X,X,2,2,1,1,0,0,N,N,N,N,N,N,84.068015,0.262451
1336,1851987,NCS,COc1ccncc1,COc1ccncc1,NCS,COc1ccncc1,COc1ccncc1,1,1,1,1,1,1,N,N,N,N,N,N,134.788808,0.15049
1337,KIKBUC,O,O,c1cc(CCCc2ccncc2)ccn1,O,O,c1cc(CCCc2ccncc2)ccn1,1,1,1,1,1,1,O,O,N,O,O,N,50.575466,0.28891
1338,660674,[SH](O)(O)(O)(C(F)(F)(F)),[SH](O)(O)(O)(C(F)(F)(F)),C1CCOC1,C1CCOC1,C1CCOC1,C1CCOC1,1,1,1,1,1,1,O,O,O,O,O,O,145.188636,0.011829
1339,KILBAJ,O,Cc1cc(C)[nH]n1,Cc1cc(C)[nH]n1,CCN,CCN,CCN,1,1,1,1,1,1,O,N,N,N,N,N,62.082763,0.079466
1340,1197091,C12=CC=CC=C1[N]C(CSCCCCC3[N]C(C=CC=C4)=C4[N]3)[N]2,ON(O)O,O,X,X,X,4,1,1,0,0,0,S,S,N,N,O,O,-88.24618,0.261427
1341,KINFEW,CCOC(O)C(CNc1ccccc1NCC(C(O)OCC)C(O)OCC)C(O)OCC,c1ccncc1,c1ccncc1,X,X,X,4,1,1,0,0,0,O,N,N,O,N,N,88.342279,0.05617
1342,918654,CCN(CCS)Cc1ccccn1,CCN(CCS)Cc1ccccn1,X,X,X,X,3,3,0,0,0,0,N,S,N,N,S,N,-81.928849,0.049868
1343,KIRPEI,N1CCSCCN(CC2=CC=CCN2)CCSCC1,CCNCC,X,X,X,X,5,1,0,0,0,0,S,S,N,N,N,N,86.564015,0.270639
1344,901593,Cl,Cl,CNC(S)NNCc1ccc2ccccc2n1,CO,X,X,1,1,3,1,0,0,Cl,Cl,S,N,N,O,84.977097,0.112522
1345,KITWUJ,OC(O)c1ccc(-c2ccncc2)cc1,O,O,OC(O)c1ccc(-c2ccncc2)cc1,O,O,1,1,1,1,1,1,O,O,N,O,O,N,39.38381823,0.143573405
1346,2236546,OC(O)c1ccncc1F,O,O,OC(O)c1ccncc1F,O,O,1,1,1,1,1,1,O,O,N,O,O,N,43.48850039,0.138188298
1347,KITXIY,OC(O)c1ccncc1Cl,O,O,OC(O)c1ccncc1Cl,O,O,1,1,1,1,1,1,O,O,N,O,O,N,-8.305990297,0.191488267
1348,2236547,OC(O)c1ccncc1Cl,O,O,OC(O)c1ccncc1Cl,O,O,1,1,1,1,1,1,O,O,N,O,O,N,-8.305990297,0.191488267
1349,KIWPAH,OS(O)(O)C(F)(F)F,OS(O)(O)C(F)(F)F,CC1=NC2=C(C=C1)C=CC3=C2N=C(CC4=NC(C(N=C(C)C=C5)=C5C=C6)=C6C=C4)C=C3,X,X,X,1,1,4,0,0,0,O,O,N,N,N,N,59.142293,0.144564
1350,1873692,C1C=CC(C2C(C)=C(C(=O)(OC))C(=C3C=CC=CN3)N2)NC=1,C1C=CC(C2C(C)=C(C(=O)(OC))C(=C3C=CC=CN3)N2)NC=1,X,X,X,X,3,3,0,0,0,0,N,N,N,N,N,N,-143.67298,0.227156
1351,KIWTAP,O,Nc1cnccc1C(O)O,O,O,Nc1cnccc1C(O)O,O,1,1,1,1,1,1,O,O,N,O,O,N,1.261737,0.110644
1352,680588,OCc1ccc(C(O)O)cc1,O,O,OCc1ccc(C(O)O)cc1,O,O,1,1,1,1,1,1,O,O,O,O,O,O,113.413581,0.241165
1353,KIYSUG,CC(NO)C(C)NO,CC(NO)C(C)NO,Nc1ccccc1,C,X,X,2,2,1,1,0,0,N,N,N,N,N,C,8.573459525,0.13899331
1354,1198044,CC(NO)C(C)NO,CC(NO)C(C)NO,CCOC(O)C(C)(C)C(O)OCC,Nc1ccccc1,X,X,2,2,1,1,0,0,N,N,N,N,N,C,-0.111024552,0.126083213
1355,KIYTER,P(C1CCCCC1)(C1CCCCC1)(C1=CC=CC=C1),CC(NO)C(C)NO,CC(NO)C(C)NO,CCOC(O)C(C)(C)C(O)OCC,X,X,1,2,2,1,0,0,P,N,N,N,N,C,11.48549851,0.153328982
1356,808479,COc1cccc(OC)c1C(O)O,c1cnccn1,O,COc1cccc(OC)c1C(O)O,c1cnccn1,O,1,1,1,1,1,1,O,O,N,O,O,N,110.980398,0.294016
1357,KIZRAO,Cn1cc(N(O)O)cc1C(O)NNCc1ccccc1O,Cn1cc(N(O)O)cc1C(O)NNCc1ccccc1O,X,X,X,X,3,3,0,0,0,0,N,N,O,O,O,O,42.99400633,0.136358845
1358,675608,Cl,OC(Nc1cccnc1)Nc1cccc2ccccc12,CO,Cl,OC(Nc1cccnc1)Nc1cccc2ccccc12,CO,1,1,1,1,1,1,Cl,N,O,Cl,N,O,103.64571,0.188626
1359,KODHER,Cl,COc1ccc(-c2ccn[nH]2)cc1,COc1ccc(-c2ccn[nH]2)cc1,Cl,COc1ccc(-c2ccn[nH]2)cc1,COc1ccc(-c2ccn[nH]2)cc1,1,1,1,1,1,1,Cl,N,N,Cl,N,N,101.219896,0.049553
1360,KODVUU,CC(NO)C(C)NO,CC(NO)C(C)NO,Cc1cc2ncn(C)c2cc1C,CC,X,X,2,2,1,1,0,0,N,N,N,N,N,C,-6.39518075,0.131906972
1361,KOFKOF,CC(NO)C(C)NO,CC(NO)C(C)NO,C1CCNCC1,CCCN,X,X,2,2,1,1,0,0,N,N,N,N,N,C,10.58134648,0.162865232
1362,965833,CN(Cc1cccc(-c2ccccn2)n1)c1ccccc1-c1ccccc1N(C)Cc1cccc(-c2ccccn2)n1,X,X,X,X,X,6,0,0,0,0,0,N,N,N,N,N,N,-72.124008,0.193625
1363,KOFNEA,c1ccc(-c2cccc(CNc3ccccc3-c3ccccc3NCc3cccc(-c4ccccn4)n3)n2)nc1,X,X,X,X,X,6,0,0,0,0,0,N,N,N,N,N,N,115.234102,0.238614
1364,1898426,OC1CC(NCc2ccccn2)CC(NCc2ccccn2)C1,ON(O)O,X,X,X,X,5,1,0,0,0,0,O,O,N,N,N,N,-49.185707,0.122842
1365,KOLTUD,Cl,OS(O)(O)c1ccncc1,CC(NO)C(C)NO,CC(NO)C(C)NO,X,X,1,1,2,2,0,0,Cl,N,N,N,N,N,3.23945043,0.10559981
1366,1921271,CCCC(CCC)NNC(O)OCc1ccccc1,NCS,CCCC(CCC)NNC(O)OCc1ccccc1,NCS,X,X,2,1,2,1,0,0,N,O,N,N,O,N,-68.787547,0.282689
1367,KOMXAM,OC(O)(c1ccccn1)c1ccccn1,OC(O)(c1ccccn1)c1ccccn1,X,X,X,X,3,3,0,0,0,0,O,N,N,O,N,N,-40.624719,0.188356
1368,1922471,NC(S)NNCc1cccnc1,O,CCO,NC(S)NNCc1cccnc1,O,CCO,1,1,1,1,1,1,N,O,O,N,O,O,53.3783444,0.136350533
1369,KOPGAA,OC(O)c1ccc(Cl)cc1,O,Nc1cccnc1,OC(O)c1ccc(Cl)cc1,O,Nc1cccnc1,1,1,1,1,1,1,O,O,N,O,O,N,98.239956,0.249129
1370,1957123,c1ccc(-c2nnc(-c3cccs3)o2)nc1,Cl,c1ccc(-c2nnc(-c3cccs3)o2)nc1,Cl,X,X,2,1,2,1,0,0,N,N,Cl,N,N,Cl,-63.136741,0.233708
1371,KOQSEQ,C1C(=O)NNC(=O)C=1,C1C(=O)NNC(=O)C=1,O,O,O,O,1,1,1,1,1,1,O,N,O,N,O,O,-85.056876,0.187571
1372,968037,OC(O)c1ccc(C(O)O)c(NCc2ccccn2)c1,O,O,O,X,X,3,1,1,1,0,0,O,N,N,O,O,O,80.087659,0.272956
1373,KOSLIQ,CCC(O)O,O,O,CCC(O)O,O,O,1,1,1,1,1,1,O,O,O,O,O,O,-68.377672,0.316053
1375,KOYJIR,O,O,CN(CCC(O)=O)C,O,O,CN(CCC(O)=O)C,1,1,1,1,1,1,O,O,O,O,O,O,-4.845056,0.297231
1376,1888536,ON(O)Nc1nc(Cc2n[nH]c(NN(O)O)n2)n[nH]1,O,O,O,O,X,2,1,1,1,1,0,O,O,O,N,N,O,96.339342,0.1593
1379,KUHHAX,Cl,Cl,OCCN1CC1,OCCN1CC1,X,X,1,1,2,2,0,0,Cl,Cl,O,O,N,N,115.004446,0.137653
1380,718073,OCCN1CC1,OCCN1CC1,O,O,X,X,2,2,1,1,0,0,O,O,O,O,N,N,-112.84007,0.289833
1382,1982817,CC(NO)C(C)NO,CC(NO)C(C)NO,CC(N)c1ccccc1,NCO,X,X,2,2,1,1,0,0,N,N,N,N,N,N,13.98380568,0.157694632
1383,KUJQOY,CC(NO)C(C)NO,CC(NO)C(C)NO,CC(N)c1ccccc1,NCS,X,X,2,2,1,1,0,0,N,N,N,N,N,N,11.61351501,0.151117642
1385,KUJRIT,CC(NO)C(C)NO,CC(NO)C(C)NO,CC(N)c1ccccc1,NCS,X,X,2,2,1,1,0,0,N,N,N,N,N,N,12.95849381,0.148147815
1386,1956457,OCc1nc(C(O)O)c(C(O)O)[nH]1,OCc1nc(C(O)O)c(C(O)O)[nH]1,O,O,X,X,2,2,1,1,0,0,N,N,O,O,O,O,54.239303,0.250302
1387,KUJXAR,c1ccc(-c2cc(-c3ccccn3)nc(-c3ccccn3)n2)nc1,c1ccc(-c2cc(-c3ccccn3)nc(-c3ccccn3)n2)nc1,X,X,X,X,3,3,0,0,0,0,N,N,N,N,N,N,33.7526951,0.134809808
1388,1992847,c1cc(-c2nc3ccccc3[nH]2)nc(-c2nc3ccccc3[nH]2)c1,c1cc(-c2nc3ccccc3[nH]2)nc(-c2nc3ccccc3[nH]2)c1,X,X,X,X,3,3,0,0,0,0,N,N,N,N,N,N,62.171659,0.161035
1389,KUQWEZ,Cl,OCCN,OCCN,Cl,O,O,1,1,1,1,1,1,Cl,O,O,Cl,O,O,7.561613,0.022745
1390,774112,OC(O)c1cc(N(O)O)cc(N(O)O)c1,CO,CO,OC(O)c1cc(N(O)O)cc(N(O)O)c1,CO,CO,1,1,1,1,1,1,O,O,O,O,O,O,72.905398,0.197781
1392,774163,CNc1ccc(C(O)O)cc1,NC(O)c1cccnc1,O,CNc1ccc(C(O)O)cc1,NC(O)c1cccnc1,O,1,1,1,1,1,1,O,O,N,O,O,N,-37.193379,0.183812
1393,KUYNAU,OC(O)c1nccnc1C(O)O,O,OC(O)c1nccnc1C(O)O,O,X,X,2,1,2,1,0,0,O,O,N,O,O,N,189.374227,0.135796
1394,797679,OC(O)c1ccc(CSc2cnccn2)cc1,O,O,OC(O)c1ccc(CSc2cnccn2)cc1,O,O,1,1,1,1,1,1,O,O,N,O,O,N,-53.895345,0.223378
1395,KUYQON,CC(O)CN1CCCN(CC(C)O)CCN(CC(C)O)CCCN(CC(C)O)CC1,X,X,X,X,X,6,0,0,0,0,0,O,O,N,N,N,N,87.450211,0.162896
1396,1983252,CC(O)CN1CCCN(CC(C)O)CCN(CC(C)O)CCCN(CC(C)O)CC1,X,X,X,X,X,6,0,0,0,0,0,O,O,N,N,N,N,-55.040821,0.317709
1399,2006013,NCS,c1ccc(-c2nnc(-c3cccnc3)n2-c2ccncc2)nc1,NCS,c1ccc(-c2nnc(-c3cccnc3)n2-c2ccncc2)nc1,X,X,1,2,1,2,0,0,N,N,N,N,N,N,3.915360835,0.140198188
1400,LABWUG,CC(NO)C(C)NO,CC(NO)C(C)NO,C1CCNC1,CCCN,X,X,2,2,1,1,0,0,N,N,N,N,N,C,2.38646334,0.177877912
1401,212839,NC(N)S,NC(N)S,CC(NO)C(C)NO,CC(NO)C(C)NO,X,X,1,1,2,2,0,0,S,S,N,N,N,N,16.7261897,0.12750386
1403,1026779,O,O,O,O,O,C1(C2=CC=NC=C2)=CC=NC=C1,1,1,1,1,1,1,O,O,O,O,O,N,-28.883008,0.171646
1404,LADNIR,O,OC(O)COc1ccc2cc(C(O)O)ccc2c1,O,O,OC(O)COc1ccc2cc(C(O)O)ccc2c1,O,1,1,1,1,1,1,O,O,O,O,O,O,104.020279,0.267324
1404,LADNIR,O,OC(O)COc1ccc2cc(C(O)O)ccc2c1,O,O,OC(O)COc1ccc2cc(C(O)O)ccc2c1,O,1,1,1,1,1,1,O,O,O,O,O,O,104.020279,0.267324
1405,699558,CC(NNC(O)c1ccccc1O)C(O)O,CC(NNC(O)c1ccccc1O)C(O)O,X,X,X,X,3,3,0,0,0,0,O,O,O,O,N,N,73.886524,0.151495
1405,699558,CC(NNC(O)c1ccccc1O)C(O)O,CC(NNC(O)c1ccccc1O)C(O)O,X,X,X,X,3,3,0,0,0,0,O,O,O,O,N,N,73.886524,0.151495
1407,769788,O1CCOCCSCCOCCOCCSCC1,O,O,O,X,X,3,1,1,1,0,0,S,O,O,O,O,O,-25.912436,0.093329
1407,769788,O1CCOCCSCCOCCOCCSCC1,O,O,O,X,X,3,1,1,1,0,0,S,O,O,O,O,O,-25.912436,0.093329
1409,255439,OC(O)c1ccc(Cl)cc1,O,c1c[nH]cn1,OC(O)c1ccc(Cl)cc1,O,c1c[nH]cn1,1,1,1,1,1,1,O,O,N,O,O,N,127.214314,0.13089
1409,255439,OC(O)c1ccc(Cl)cc1,O,c1c[nH]cn1,OC(O)c1ccc(Cl)cc1,O,c1c[nH]cn1,1,1,1,1,1,1,O,O,N,O,O,N,127.214314,0.13089
1410,LALDAE,CC(C(SCCSC(C(C)=O)C(C)[O])C(C)[O])=O,O,O,X,X,X,4,1,1,0,0,0,O,O,S,S,O,O,-109.46958,0.155483
1411,232368,NCS,NCS,NCS,NCS,N1CCNCC1,N1CCNCC1,1,1,1,1,1,1,N,N,N,N,N,N,89.464464,0.204346
1412,LALLEQ,O,O,Cc1csc(-c2cccc(-c3cccc(-c4nc(C)cs4)n3)n2)n1,X,X,X,1,1,4,0,0,0,O,O,N,N,N,N,-22.864856,0.091722
1412,LALLEQ,O,O,Cc1csc(-c2cccc(-c3cccc(-c4nc(C)cs4)n3)n2)n1,X,X,X,1,1,4,0,0,0,O,O,N,N,N,N,-22.864856,0.091722
1413,780615,CC(O)O,c1ccc(CNCCNCc2ccccc2)cc1,CC(O)O,c1ccc(CNCCNCc2ccccc2)cc1,X,X,1,2,1,2,0,0,O,N,N,O,N,N,82.200412,0.24846
1413,780615,CC(O)O,c1ccc(CNCCNCc2ccccc2)cc1,CC(O)O,c1ccc(CNCCNCc2ccccc2)cc1,X,X,1,2,1,2,0,0,O,N,N,O,N,N,82.200412,0.24846
1414,LAMMOD,NC(O)c1ccncc1,O,O,NC(O)c1ccncc1,O,O,1,1,1,1,1,1,O,O,N,O,O,N,103.995726,0.332077
1414,LAMMOD,NC(O)c1ccncc1,O,O,NC(O)c1ccncc1,O,O,1,1,1,1,1,1,O,O,N,O,O,N,103.995726,0.332077
1415,2128606,NCS,C1N2CN3CN1CN(C2)C3,CCO,NCS,C1N2CN3CN1CN(C2)C3,CCO,1,1,1,1,1,1,N,N,O,N,N,O,-125.026358,0.277806
1415,2128606,NCS,C1N2CN3CN1CN(C2)C3,CCO,NCS,C1N2CN3CN1CN(C2)C3,CCO,1,1,1,1,1,1,N,N,O,N,N,O,-125.026358,0.277806
1415,2128606,NCS,C1N2CN3CN1CN(C2)C3,CCO,NCS,C1N2CN3CN1CN(C2)C3,CCO,1,1,1,1,1,1,N,N,O,N,N,O,-125.026358,0.277806
1415,2128606,NCS,C1N2CN3CN1CN(C2)C3,CCO,NCS,C1N2CN3CN1CN(C2)C3,CCO,1,1,1,1,1,1,N,N,O,N,N,O,-125.026358,0.277806
1416,LAMPOI,NCS,CCO,NCS,CCO,CCO,CCO,1,1,1,1,1,1,N,O,N,O,O,O,141.213913,0.001754
1416,LAMPOI,NCS,CCO,NCS,CCO,CCO,CCO,1,1,1,1,1,1,N,O,N,O,O,O,141.213913,0.001754
1416,LAMPOI,NCS,CCO,NCS,CCO,CCO,CCO,1,1,1,1,1,1,N,O,N,O,O,O,141.213913,0.001754
1416,LAMPOI,NCS,CCO,NCS,CCO,CCO,CCO,1,1,1,1,1,1,N,O,N,O,O,O,141.213913,0.001754
1417,LAPTEE,OC(O)C(F)(F)F,OC(O)C(F)(F)F,O,O,O,O,1,1,1,1,1,1,O,O,O,O,O,O,93.495183,0.20485
1418,724750,Nc1nccs1,OC(O)C1C2CCC(O2)C1C(O)O,O,O,X,X,1,3,1,1,0,0,N,O,O,O,O,O,92.474882,0.149744
1419,LATQIH,OC(O)c1ccccc1C(O)O,c1ccc(-c2ccccn2)nc1,O,O,O,X,1,2,1,1,1,0,O,N,N,O,O,O,101.580951,0.105962
1420,LAVLAV,CC(NO)C(C)NO,CC(NO)C(C)NO,CCCN,CC(N)c1ccccc1,X,X,2,2,1,1,0,0,N,N,N,N,N,C,10.39827811,0.179594865
1421,748912,C1(C[N]C2=NC=NC3=C2[N]C=N3)=CC=CC=C1,C1(C[N]C2=NC=NC3=C2[N]C=N3)=CC=CC=C1,O,O,O,O,1,1,1,1,1,1,N,O,O,O,N,O,-6.302322,4.40E-05
1422,LAXMIG,CC(NO)C(C)NO,CC(NO)C(C)NO,CN(O)O,Cc1cc2ncn(C)c2cc1C,X,X,2,2,1,1,0,0,N,N,N,N,N,C,17.47713026,0.134666267
1423,872243,CN(C(C)=C(CNC1=C(O)C=CC(Br)=C1)C2O)N2C3=CC=CC=C3,CN(C(C)=C(CNC1=C(O)C=CC(Br)=C1)C2O)N2C3=CC=CC=C3,X,X,X,X,3,3,0,0,0,0,O,N,O,O,N,O,13.288453,0.22713
1424,LAYKAZ,c1c[nH]c(-c2ncc[nH]2)n1,c1c[nH]c(-c2ncc[nH]2)n1,c1c[nH]c(-c2ncc[nH]2)n1,X,X,X,2,2,2,0,0,0,N,N,N,N,N,N,101.779102,0.015912
1425,250691,COCc1cc(N(O)C(C)(C)C)ccn1,ON(O)O,COCc1cc(N(O)C(C)(C)C)ccn1,ON(O)O,X,X,2,1,2,1,0,0,O,O,N,O,O,N,32.37511,0.052712
1426,LAZQAG,OC(O)c1ccc(Oc2cc(Oc3ccc(C(O)O)cc3)cc(C(O)O)c2)cc1,O,O,OC(O)c1ccc(Oc2cc(Oc3ccc(C(O)O)cc3)cc(C(O)O)c2)cc1,O,O,1,1,1,1,1,1,O,O,O,O,O,O,67.828361,0.215599
1427,LEBLOT,[O][N]/C=C\[N][O],[O][N]/C=C\[N][O],I,I,X,X,1,2,1,2,0,0,I,N,N,I,N,N,1.83003,0.005271
1428,2164112,OP(O)(C1=CC=CC2=C1C=CC=C2)O,OP(O)(C1=CC=CC2=C1C=CC=C2)O,c1cc(-c2ccncc2)ccn1,c1cc(-c2ccncc2)ccn1,O,O,1,1,1,1,1,1,N,O,O,N,O,O,-90.951114,0.330825
1429,282881,ON(O)O,c1ccc(-c2ccn[nH]2)cc1,c1ccc(-c2ccn[nH]2)cc1,ON(O)O,c1ccc(-c2ccn[nH]2)cc1,c1ccc(-c2ccn[nH]2)cc1,1,1,1,1,1,1,O,N,N,O,N,N,86.626444,0.173363
1430,LEFKIT,OC(O)c1cccc(-n2cncn2)c1,O,O,OC(O)c1cccc(-n2cncn2)c1,O,O,1,1,1,1,1,1,O,O,N,O,O,N,62.22891033,0.160309875
1431,1204793,O=C1NC2=C(CNN2)C(N1)=O,O=C1NC2=C(CNN2)C(N1)=O,O,O,ON(O)O,ON(O)O,1,1,1,1,1,1,N,N,O,O,O,O,81.215038,0.202857
1432,LEHHUC,NC(O)c1ccncc1,O,O,NC(O)c1ccncc1,O,O,1,1,1,1,1,1,N,O,O,N,O,O,4.584229,0.223767
1433,896543,OCc1ccc(C(O)O)cc1,NC(O)c1cccnc1,O,OCc1ccc(C(O)O)cc1,NC(O)c1cccnc1,O,1,1,1,1,1,1,O,O,N,O,O,N,109.251192,0.221504
1434,LEHLUH,[Se]=C=N,[Se]=C=N,c1cc(-n2cnnc2)nc(-n2cnnc2)c1,c1cc(-n2cnnc2)nc(-n2cnnc2)c1,O,O,1,1,1,1,1,1,O,N,N,O,N,N,27.67226189,0.166943893
1435,2080741,Br,Br,c1ccc(-c2cccc(C3(c4cccc(-c5ccccn5)n4)c4ccccc4-c4ccccc43)n2)nc1,X,X,X,1,1,4,0,0,0,Br,Br,N,N,N,N,45.257388,0.059749
1436,2265503,OC(O)c1cccc(C(O)O)n1,OC(O)c1cccc(C(O)O)n1,O,X,X,X,2,3,1,0,0,0,O,O,O,O,N,N,74.535371,0.129377
1437,LEMKIX,Cc1[nH]cnc1CSCC(O)O,Cc1[nH]cnc1CSCC(O)O,X,X,X,X,3,3,0,0,0,0,O,S,N,O,S,N,55.723549,0.185073
1438,857579,OP(O)(O)C(C)(O)P(O)(O)O,OP(O)(O)C(C)(O)P(O)(O)O,c1ccc(-c2ccccn2)nc1,X,X,X,2,2,2,0,0,0,O,O,N,N,O,O,89.587038,0.031844
1439,LEMTOO,OP(O)(O)C(C)(O)P(O)(O)O,OP(O)(O)C(C)(O)P(O)(O)O,c1ccc(-c2ccccn2)nc1,X,X,X,2,2,2,0,0,0,O,O,N,N,O,O,-34.857147,0.048547
1440,1585230,Oc1ccccc1NCc1ncc[nH]1,Oc1ccccc1NCc1ncc[nH]1,X,X,X,X,3,3,0,0,0,0,O,N,N,O,N,N,47.883887,0.056305
1441,LEPHUL,NCS,CO,c1cnc2ncnn2c1,NCS,CO,c1cnc2ncnn2c1,1,1,1,1,1,1,O,N,N,O,N,N,100.030991,0.202948
1442,778383,NCS,OCCCc1ccccn1,NCS,OCCCc1ccccn1,X,X,1,2,1,2,0,0,O,N,N,O,N,N,-101.124014,0.232104
1443,LEPRAA,OC(C1C=C(O)C=C(C(O)=O)N1)=O,OC(C1C=C(O)C=C(C(O)=O)N1)=O,O,O,O,O,1,1,1,1,1,1,O,O,O,O,O,O,103.198473,0.314738
1444,1551922,OC(O)c1ccccc1,CO,CO,OC(O)c1ccccc1,CO,CO,1,1,1,1,1,1,O,O,O,O,O,O,-85.170651,0.239596
1445,LEQBOY,CC(NO)C(C)NO,CC(NO)C(C)NO,CCn1ccnc1,CCCC,X,X,2,2,1,1,0,0,N,N,N,N,N,C,10.95748332,0.134829138
1446,633900,Cc1cnc(C(O)O)cn1,O,Cc1cnc(C(O)O)cn1,O,X,X,2,1,2,1,0,0,N,O,O,N,O,O,80.475135,0.326733
1447,LEQPAB,OC(Nc1ccncc1)c1cc(N(O)O)cc(N(O)O)c1,O,O,OC(Nc1ccncc1)c1cc(N(O)O)cc(N(O)O)c1,O,O,1,1,1,1,1,1,O,O,N,O,O,N,-61.623842,0.246032
1448,925253,OC(c1ccccn1)c1ccccn1,O[SH](O)O,OC(c1ccccn1)c1ccccn1,O[SH](O)O,X,X,2,1,2,1,0,0,N,N,O,N,N,O,-76.248761,0.223928
1449,LERWAI,O,Nc1nccnc1C(O)O,O,Nc1nccnc1C(O)O,X,X,1,2,1,2,0,0,O,O,N,O,O,N,49.40275,0.055101
1450,LESLEA,Br,Br,Cc1cccnc1,Cc1cccnc1,Cc1cccnc1,Cc1cccnc1,1,1,1,1,1,1,Br,Br,N,N,N,N,57.54969472,0.114799687
1451,633182,NCCNCCN,NCCNCCN,X,X,X,X,3,3,0,0,0,0,N,N,N,N,N,N,-3.65448,0.107039
1452,LEWLIL,CC(NN(C)c1ccc(N(O)O)cn1)c1cnccn1,CC(NN(C)c1ccc(N(O)O)cn1)c1cnccn1,X,X,X,X,3,3,0,0,0,0,N,N,N,N,N,N,73.86849,0.160847
1453,1571718,CC(NNc1ccccn1)c1cnccn1,CC(NNc1ccccn1)c1cnccn1,X,X,X,X,3,3,0,0,0,0,N,N,N,N,N,N,37.1897999,0.132045707
1454,LEXXIW,C[SH](C)O,ON1C(C2=CC=CNC2)N(O)C(C)(C)C1(C)C,NNN,C[SH](C)O,ON1C(C2=CC=CNC2)N(O)C(C)(C)C1(C)C,NNN,1,1,1,1,1,1,O,N,N,O,N,N,105.363581,0.162861
1455,1206338,OS(O)(O)C(F)(F)F,Cc1cnc2c(ccc3c(C)c(C)cnc32)c1C,c1ccc(-c2cccc(-c3ccccn3)n2)nc1,X,X,X,1,2,3,0,0,0,O,N,N,N,N,N,65.352156,0.114082
1456,LEZBOH,OC(O)CNC(O)c1ccc(N(O)O)cc1,O,O,OC(O)CNC(O)c1ccc(N(O)O)cc1,O,O,1,1,1,1,1,1,O,O,O,O,O,O,62.052818,0.098046
1457,LIBKUC,CC(NO)C(C)NO,CC(NO)C(C)NO,Cc1cncc(C)c1,CCCC,X,X,2,2,1,1,0,0,N,N,N,N,N,C,12.10790764,0.162458715
1458,645507,OC(O)c1ccc(-n2cnnc2)cc1,O,OC(O)c1ccc(-n2cnnc2)cc1,O,X,X,2,1,2,1,0,0,O,O,O,O,O,O,-57.837257,0.274325
1459,LICDOR,c1cnc2c(c1)ccc1cccnc12,OC(C(C1=O)=O)=C(O)C1=O,c1cnc2c(c1)ccc1cccnc12,X,X,X,2,2,2,0,0,0,N,N,O,O,N,N,102.591076,0.07013
1460,645524,Nc1nc(-c2csc(N)n2)cs1,OC(O)COCC(O)O,O,X,X,X,2,3,1,0,0,0,N,N,O,O,O,O,-33.666128,0.138301
1461,LICSIB,O,O,NNNc1nc[nH]n1,O,O,NNNc1nc[nH]n1,1,1,1,1,1,1,O,O,N,O,O,N,47.426314,0.010149
1462,810133,CC(NNC(O)c1ccccc1)c1ccccc1N,CC(NNC(O)c1ccccc1)c1ccccc1N,X,X,X,X,3,3,0,0,0,0,O,O,N,N,N,N,59.997387,0.120926
1463,LIGYIJ,Oc1ccccc1NCc1ccc[nH]1,Oc1ccccc1NCc1ccc[nH]1,c1cnc2c(c1)ccc1cccnc12,X,X,X,2,2,2,0,0,0,O,O,N,N,N,N,-114.915684,0.176178
1464,785033,COc1cccc(CNNC(O)c2ccccc2)c1O,COc1cccc(CNNC(O)c2ccccc2)c1O,X,X,X,X,3,3,0,0,0,0,N,N,O,O,O,O,-102.472197,0.24907
1465,LIHNIC,c1ccc(-c2cccc(-c3ccccn3)n2)nc1,CC(O)O,O,O,X,X,3,1,1,1,0,0,N,N,N,O,O,O,120.342166,0.100323
1466,1581063,OC(O)c1cccc(C(O)O)n1,O,O,O,X,X,3,1,1,1,0,0,N,O,O,O,O,O,79.829426,0.023943
1467,LILHIZ,CC(O)O,CC(C)(C)n1cc(CN(Cc2ccccn2)Cc2ccccn2)nn1,X,X,X,X,2,4,0,0,0,0,O,N,O,N,N,N,-14.064151,0.269437
1468,1850715,c1cc(C2=NSc3ccccc3N2)nc(C2=NSc3ccccc3N2)c1,c1cc(C2=NSc3ccccc3N2)nc(C2=NSc3ccccc3N2)c1,X,X,X,X,3,3,0,0,0,0,N,N,N,N,N,N,-60.881802,0.180518
1469,LISMOR,OC(O)c1ccccc1-c1nc2ccccc2[nH]1,OC(O)c1ccccc1-c1nc2ccccc2[nH]1,O,O,X,X,2,2,1,1,0,0,O,O,O,O,N,N,-78.860844,0.320096
1470,652649,Oc1c(CNOCCONCc2c(O)c(Br)cc(Br)c2)cc(Br)cc1Br,O,O,X,X,X,4,1,1,0,0,0,N,N,O,O,O,O,-14.333509,0.22365
1471,LIXSOC,P(C)(C)(C),P(C)(C)(C),CC(C)(C)c1cc(-c2cccc(-c3cc(C(C)(C)C)[nH]n3)n2)n[nH]1,CCN,X,X,1,1,3,1,0,0,P,P,N,N,N,N,17.41224443,0.166240172
1472,965071,P(C)(C)(C),P(C)(C)(C),CO,CC(C)(C)c1cc(-c2cccc(-c3cc(C(C)(C)C)[nH]n3)n2)n[nH]1,X,X,1,1,1,3,0,0,P,P,N,N,N,C,0.066047013,0.176886595
1473,LIYBEC,NCS,COc1cccc(CNCCN(C)C)c1O,COc1cccc(CNCCN(C)C)c1O,X,X,X,1,2,3,0,0,0,O,O,N,N,N,N,27.53395567,0.136312207
1474,660020,C1(/CN=CN1)=C\NCCN(CCN/C=C2CN=CN/2)CCN/C=C3CN=CN/3,X,X,X,X,X,6,0,0,0,0,0,N,N,N,N,N,N,65.995755,0.000825
1475,LOCSAA,Oc1nsc2ccccc12,Nc1ccncc1,CCO,Oc1nsc2ccccc12,Nc1ccncc1,CCO,1,1,1,1,1,1,N,N,O,N,N,O,110.831396,0.279686
1476,1850246,O,CC(C)(c1nnn[nH]1)c1nnn[nH]1,O,CC(C)(c1nnn[nH]1)c1nnn[nH]1,X,X,1,2,1,2,0,0,O,N,N,O,N,N,-4.476912,0.227004
1477,LOKKUU,ONO,ONO,CC1=NCCCNCCNCCCN=C1C,X,X,X,1,1,4,0,0,0,N,N,N,N,N,N,17.12987995,0.179018102
1478,LOMLUU,CC(C)(C)C(O)O,CCCN,CCCN,CCCN,CC(C)(C)C(O)O,CCCN,1,1,1,1,1,1,O,N,N,O,N,N,-104.520653,0.294028
1479,1908789,O,O,O,O,Oc1c(O)c2cccnc2c2ncccc12,X,1,1,1,1,2,0,O,O,O,O,N,N,-4.39526,0.020788
1480,LONKEH,OP(O)(O)CP(O)(O)O,OP(O)(O)CP(O)(O)O,Oc1c(O)c2cccnc2c2ncccc12,O,O,X,1,1,2,1,1,0,O,O,O,O,N,N,22.7702993,0.1702779
1481,715590,c1c[nH]cn1,O,O,c1c[nH]cn1,O,c1c[nH]cn1,1,1,1,1,1,1,N,O,O,N,O,N,4.877633,0.059723
1482,LOQGOQ,NCS,c1ccc(-c2nnc(-c3ccccn3)o2)nc1,NCS,c1ccc(-c2nnc(-c3ccccn3)o2)nc1,X,X,1,2,1,2,0,0,N,N,N,N,N,N,-19.25621524,0.19885611
1483,1878323,CCOC(O)NNCC(O)O,CCOC(O)NNCC(O)O,O,O,X,X,2,2,1,1,0,0,N,N,O,O,O,O,5.896217067,0.194592675
1484,LORDUT,NNC(O)C(O)O,NNC(O)C(O)O,O,O,X,X,2,2,1,1,0,0,O,N,N,O,O,O,-0.042925,0.003803
1485,LORTAN,CC1(C)N=C(CC(O)C(F)(F)F)C(C)(C)N1O,CO,CC1(C)N=C(CC(O)C(F)(F)F)C(C)(C)N1O,CO,X,X,2,1,2,1,0,0,O,N,O,O,N,O,0.010573,0.186036
1486,LORTER,CC1(C)N=C(CC(O)C(F)(F)F)C(C)(C)N1O,c1ccncc1,CC1(C)N=C(CC(O)C(F)(F)F)C(C)(C)N1O,c1ccncc1,X,X,2,1,2,1,0,0,O,N,N,O,N,N,1.002717,0.019122
1488,LOXZUT,Oc1cccc2ccc(C(O)O)nc12,Oc1cccc2ccc(C(O)O)nc12,X,X,X,X,3,3,0,0,0,0,O,O,O,O,N,N,115.802256,0.089341
1489,752028,c1c[nH]c(-c2ncc[nH]2)n1,O,c1c[nH]c(-c2ncc[nH]2)n1,O,X,X,2,1,2,1,0,0,N,N,O,N,N,O,60.684402,0.134193
1490,LUFHIG,Cc1cccnc1C(O)O,Cc1cccnc1C(O)O,c1cnc2c(c1)ccc1cccnc12,X,X,X,2,2,2,0,0,0,O,O,N,N,N,N,-120.25121,0.270616
1491,703304,OC(O)c1ccc(C(O)O)nc1,O,OC(O)c1ccc(C(O)O)nc1,O,X,X,2,1,2,1,0,0,N,O,O,N,O,O,69.902127,0.265706
1492,LUHHOL,OC(O)CN(CC(O)O)NC(S)Nc1ccccc1,O,O,X,X,X,4,1,1,0,0,0,S,O,O,O,O,N,-40.855061,0.173757
1493,676324,c1ccc(-n2nnc3ccccc32)nc1,O,c1ccc(-n2nnc3ccccc32)nc1,O,X,X,2,1,2,1,0,0,N,N,O,N,N,O,30.902357,0.079806
1494,LUKTOB,CO,O,CC(C)(C)C1=NN(CC1=C=N)C(N2C=C(C#N)C(C(C)(C)C)=N2)N3C=C(C#N)C(C(C)(C)C)=N3,CO,O,CC(C)(C)C1=NN(CC1=C=N)C(N2C=C(C#N)C(C(C)(C)C)=N2)N3C=C(C#N)C(C(C)(C)C)=N3,1,1,1,1,1,1,O,O,N,O,O,N,30.33613613,0.112252018
1495,1899308,OC(O)c1ccc2ccccc2n1,Nc1ncn[nH]1,OC(O)c1ccc2ccccc2n1,Nc1ncn[nH]1,X,X,2,1,2,1,0,0,O,N,N,O,N,N,83.318552,0.283263
1496,LUPDEG,CC1(C)C(C)(C)N([OH])C(C2=CNCC=C2)N1(O),OC(O)c1cc(N(O)O)cc(N(O)O)c1,CO,CC1(C)C(C)(C)N([OH])C(C2=CNCC=C2)N1(O),OC(O)c1cc(N(O)O)cc(N(O)O)c1,CO,1,1,1,1,1,1,N,O,O,N,O,O,27.12815704,0.16127782
1498,LUPRUM,O,O,O,O,O,OC(CCCCN(C=C/1)C=CC1=C2C=CNC=C/2)=O,1,1,1,1,1,1,O,O,O,O,O,N,-4.733071,0.295019
1499,757732,OCc1ccc(Br)cn1,OCc1ccc(Br)cn1,Cl,Cl,X,X,2,2,1,1,0,0,Cl,O,N,Cl,O,N,96.22592,0.287644
1500,LUTRUN,CNC(O)NC,CNC(O)NC,CNC(O)NC,CNC(O)NC,CNC(O)NC,CNC(O)NC,1,1,1,1,1,1,O,O,O,O,O,O,86.421792,0.062652
1501,176533,c1ccc2c(c1)C1=NC2=NC2=NC(=NC3=NC(=NC4=NC(=N1)c1ccccc14)c1ccccc13)c1ccccc12,c1ccncc1,c1ccncc1,X,X,X,4,1,1,0,0,0,N,N,N,N,N,N,42.30849164,0.121969808
1502,LUXGEQ,Cl,c1ccc(CNC2CCCCC2NCc2ccccn2)nc1,Cl,X,X,X,1,4,1,0,0,0,Cl,N,N,N,N,Cl,66.457073,0.135713
1503,175493,OCN(CCN(CO)CC(O)O)CC(O)O,O,O,X,X,X,4,1,1,0,0,0,O,N,O,O,N,O,-126.800132,0.195197
1504,MAFWIB,c1cc(-c2ccncc2)ccn1,OC(O)c1ccc(-c2ccccc2C(O)O)cc1,c1cc(-c2ccncc2)ccn1,OC(O)c1ccc(-c2ccccc2C(O)O)cc1,X,X,1,2,1,2,0,0,N,O,O,N,O,O,-72.334663,0.104409
1505,1434261,C[SH](C)O,OCc1cc(N(O)O)ccc1O,C[SH](C)O,OCc1cc(N(O)O)ccc1O,X,X,1,2,1,2,0,0,O,O,O,O,O,O,77.874524,0.271522
1506,MAHLUD,O=C(O)CN1C=CC=CC1,O=C(O)CN1C=CC=CC1,O,O,O,O,1,1,1,1,1,1,O,O,O,O,O,O,-100.738047,0.332032
1507,802720,OC(O)c1ccc(-n2cnnn2)cc1,O,O,OC(O)c1ccc(-n2cnnn2)cc1,O,O,1,1,1,1,1,1,O,O,N,O,O,N,23.52756197,0.162571778
1508,MAHTOF,OC(O)c1nc[nH]c1C(O)O,O,OC(O)c1nc[nH]c1C(O)O,O,X,X,2,1,2,1,0,0,O,O,N,O,O,N,51.220403,0.228593
1510,MAQYIQ,O,O,On1cnnn1,O,O,On1cnnn1,1,1,1,1,1,1,O,O,N,O,O,N,-28.611301,0.246707
1511,1473412,CCCCN(CC(N)O)CC(N)O,CCCCN(CC(N)O)CC(N)O,X,X,X,X,3,3,0,0,0,0,N,O,O,N,O,O,57.543325,0.075181
1512,MAQZAI,CCCN(CC(N)O)CC(N)O,CCCN(CC(N)O)CC(N)O,X,X,X,X,3,3,0,0,0,0,N,O,O,N,O,O,56.673948,0.058214
1513,874784,CCc1nc(C(O)O)c(C(O)O)[nH]1,O,CCc1nc(C(O)O)c(C(O)O)[nH]1,O,X,X,2,1,2,1,0,0,O,O,N,O,O,N,49.317987,0.236465
1514,MASNAW,Cl,Cl,Cc1cc(O)n[nH]1,Cc1cc(O)n[nH]1,Cc1cc(O)n[nH]1,Cc1cc(O)n[nH]1,1,1,1,1,1,1,Cl,Cl,N,N,N,N,77.515459,0.056666
1515,2101515,Cl,C1CNCCNCCNCCNCCN1,X,X,X,X,1,5,0,0,0,0,Cl,N,N,N,N,N,-68.123163,0.086171
1516,MAVJEZ,c1ccc2[nH]cnc2c1,c1ccc2[nH]cnc2c1,c1ccc2[nH]cnc2c1,OC(O)COCC(O)O,X,X,1,1,1,3,0,0,N,N,N,O,O,O,110.607174,0.077372
1517,2089597,OC(O)c1ccccc1,Cc1cccc(CN(Cc2cccc(C)n2)Cc2cccc(C)n2)n1,X,X,X,X,2,4,0,0,0,0,O,O,N,N,N,N,74.164047,0.146228
1518,MAVZOC,OC(O)C(O)(c1ccccc1)c1ccccc1,Cc1cccc(CN(Cc2cccc(C)n2)Cc2cccc(C)n2)n1,X,X,X,X,2,4,0,0,0,0,O,O,N,N,N,N,112.138159,0.202428
1520,MAYJIJ,OC(NNC(S)Nc1ccccc1)c1ccco1,NCCN,OC(NNC(S)Nc1ccccc1)c1ccco1,X,X,X,2,2,2,0,0,0,O,N,N,N,O,N,30.67263017,0.136587228
1521,1544457,ON(O)Nc1nonc1C1=NOC(c2nonc2NN(O)O)=NO1,O,O,O,O,X,2,1,1,1,1,0,O,O,O,O,N,N,99.035417,0.168954
1522,MAYZUJ,OC1/C(N=C(C(C)(C)C)N(C)C1=O)=C(O)/NCC2=CC=C(F)C=C2,OC1/C(N=C(C(C)(C)C)N(C)C1=O)=C(O)/NCC2=CC=C(F)C=C2,O,O,X,X,2,2,1,1,0,0,O,O,O,O,O,O,-111.349459,0.292587
1523,250903,Oc1c(C(O)O)ccc2ccccc12,O,O,Oc1c(C(O)O)ccc2ccccc12,O,O,1,1,1,1,1,1,O,O,O,O,O,O,-91.213804,0.287898
1524,MAZVIT,NCC(=O)O,NCC(=O)O,O,O,O,O,1,1,1,1,1,1,O,O,O,O,O,O,7.86967,0.072527
1525,912964,O[S](N[S](C1=NN=C(C2=CC=CO2)N1)O)C3=NNC(C4=CC=CO4)=N3,c1cnc2c(c1)ccc1cccnc12,N,X,X,X,3,2,1,0,0,0,N,N,N,N,N,N,44.0570707,0.109434327
1526,MAZZAS,O[S](N[S](C1=NN=C(C2=CC=CO2)N1)O)C3=NNC(C4=CC=CO4)=N3,c1cnc2c(c1)ccc1cccnc12,N,X,X,X,3,2,1,0,0,0,N,N,N,N,N,N,48.38904104,0.101618693
1527,1209809,CC(NO)C(C)NO,CC(N)C1=CC=CC=C1,CC(N)c1ccccc1,C,X,X,2,2,1,1,0,0,N,N,N,N,N,C,3.5057866,0.131069782
1528,MEBGCO,CC(NO)C(C)NO,CC(N)C1=CC=CC=C1,CC(N)c1ccccc1,C,X,X,2,2,1,1,0,0,N,N,N,N,N,C,3.5057866,0.131069782
1529,265404,ONC(c1ccccc1)C(NO)c1ccccc1,ONCCNO,c1ccncc1,CCCCCCCC,X,X,2,2,1,1,0,0,N,N,N,N,N,C,12.75419188,0.139405695
1530,MEBXOH,ONC(c1ccccc1)C(NO)c1ccccc1,c1ccncc1,ONCCNO,CC,X,X,2,1,2,1,0,0,N,N,N,N,C,N,17.80102091,0.127439915
1531,2023101,O,O,O=C(N1)C=C(C(O)=O)C2=C1C=CC=C2,O,O,O=C(N1)C=C(C(O)=O)C2=C1C=CC=C2,1,1,1,1,1,1,O,O,O,O,O,O,-132.136459,0.164335
1532,MEGTEB,Br,Br,COc1cccc2cccnc12,COc1cccc2cccnc12,X,X,1,1,2,2,0,0,Br,Br,O,O,N,N,-78.827379,0.315456
1533,2116991,I,I,COc1cccc2cccnc12,COc1cccc2cccnc12,X,X,1,1,2,2,0,0,I,I,O,O,N,N,-0.078342,0.079877
1534,MEGTOL,Cl,Cl,COc1cccc2cccnc12,COc1cccc2cccnc12,X,X,1,1,2,2,0,0,Cl,Cl,O,O,N,N,-73.178108,0.312136
1535,2034829,OP(O)(NC1=CCC=CN1)C2=CC=CC=C2,OP(O)Nc1ccccn1,CN(C)CO,CN(C)CO,X,X,2,2,1,1,0,0,O,O,N,O,O,N,91.795101,0.333086
1536,MEGZIL,OCC(CNc1cccc2cccnc12)N(O)O,OCC(CNc1cccc2cccnc12)N(O)O,X,X,X,X,3,3,0,0,0,0,N,O,O,N,N,N,105.842546,0.063625
1537,2021022,OC(O)c1cncc(C(O)O)c1,O,O,OC(O)c1cncc(C(O)O)c1,O,O,1,1,1,1,1,1,O,O,N,O,O,N,57.6771526,0.158262493
1538,MEJLAS,Cl,Cc1ccc(N(Cc2ccccn2)Cc2ccccn2)cc1,c1ccc(-c2ccccn2)nc1,X,X,X,1,3,2,0,0,0,Cl,N,N,N,N,N,66.993231,0.120198
1539,2070334,OC(CN1C(CSC1=S)=O)=O,OC(CN1C(CSC1=S)=O)=O,O,O,O,O,1,1,1,1,1,1,O,O,O,O,O,O,18.899685,0.053221
1540,MELKET,NCS,CC(NO)C(C)NO,CC(NO)C(C)NO,N,X,X,1,2,2,1,0,0,N,N,N,N,N,N,16.61271333,0.075658777
1541,133748,Cl,CC(NO)C(C)NO,CC(NO)C(C)NO,O,X,X,1,2,2,1,0,0,Cl,O,N,N,N,N,8.137777537,0.119710563
1542,MENGES,NCS,OCc1nc2ccccc2[nH]1,NCS,OCc1nc2ccccc2[nH]1,X,X,1,2,1,2,0,0,O,N,N,O,N,N,69.458993,0.141934
1543,MEPOCO,CN(C)[PH](O)(O[PH](O)(N(C)C)N(C)C)N(C)C,CN(C)[PH](O)(O[PH](O)(N(C)C)N(C)C)N(C)C,CN(C)[PH](O)(O[PH](O)(N(C)C)N(C)C)N(C)C,X,X,X,2,2,2,0,0,0,O,O,O,O,O,O,56.46257968,0.155361662
1544,630019,O=C(O)CN1C2=CC=CC=C2N(CC(O)=O)C1,O=C(O)CN1C2=CC=CC=C2N(CC(O)=O)C1,O,O,O,O,1,1,1,1,1,1,O,O,O,O,O,O,-97.055133,0.260069
1545,MERSAG,O,Nn1c(-c2ccccn2)nnc1-c1ccccn1,O,Nn1c(-c2ccccn2)nnc1-c1ccccn1,X,X,1,2,1,2,0,0,O,N,N,O,N,N,5.213301,0.05664
1546,1583580,Nn1c(-c2ccccn2)nnc1-c1ccccn1,CO,Nn1c(-c2ccccn2)nnc1-c1ccccn1,CO,X,X,2,1,2,1,0,0,N,O,N,N,O,N,44.033013,0.133147
1547,MERSOU,Nn1c(-c2ccccn2)nnc1-c1ccccn1,NCNN(O)O,Nn1c(-c2ccccn2)nnc1-c1ccccn1,NCNN(O)O,X,X,2,1,2,1,0,0,N,N,N,N,N,N,0.545902,0.003866
1548,1583582,[Se]=C=N,Nn1c(-c2ccccn2)nnc1-c1ccccn1,CN,[Se]=C=N,Nn1c(-c2ccccn2)nnc1-c1ccccn1,CN,1,1,1,1,1,1,N,N,N,N,N,N,5.117367258,0.154312358
1549,MERTAH,NCC(CN)NO,Nn1c(-c2ccccn2)nnc1-c1ccccn1,NCC(CN)NO,Nn1c(-c2ccccn2)nnc1-c1ccccn1,X,X,1,2,1,2,0,0,O,N,N,O,N,N,-74.349915,0.306553
1550,299539,Cl,CC(NO)C(C)NO,CC(NO)C(C)NO,c1cnccn1,X,X,1,2,2,1,0,0,Cl,N,N,N,N,N,7.006269453,0.093889918
1551,MERTUZ,Cl,ONC(c1ccccc1)C(NO)c1ccccc1,ONC(c1ccccc1)C(NO)c1ccccc1,c1cnccn1,X,X,1,2,2,1,0,0,Cl,N,N,N,N,N,11.24999707,0.140136185
1552,1546439,NCS,NCS,Nc1cccc2cccnc12,Nc1cccc2cccnc12,X,X,1,1,2,2,0,0,N,N,N,N,N,N,61.133205,0.308001
1553,MEVZIY,OC(O)c1ccc(Cl)cc1,OC(O)c1ccc(Cl)cc1,O,c1ccncc1,c1ccncc1,X,2,1,1,1,1,0,O,O,O,O,N,N,-121.748183,0.287875
1554,MEWKOO,CC(C)(C)O[PH](O)(O)OC(C)(C)C,c1c[nH]cn1,c1c[nH]cn1,CC(C)(C)O[PH](O)(O)OC(C)(C)C,c1c[nH]cn1,c1c[nH]cn1,1,1,1,1,1,1,O,N,N,O,N,N,101.397521,0.125323
1555,2244793,OS(O)(O)C(F)(F)F,OS(O)(O)C(F)(F)F,CC(C)(C)c1cc(-c2cc(C(C)(C)C)cc(-c3cc(C(C)(C)C)cc4cccnc34)n2)nc(-c2cc(C(C)(C)C)cc3cccnc23)c1,X,X,X,1,1,4,0,0,0,O,O,N,N,N,N,-66.920542,0.207504
1556,MEWPIR,OS(O)(O)C(F)(F)F,OS(O)(O)C(F)(F)F,CC(C)(C)c1cc(-c2cc(C(C)(C)C)cc(-c3cccc4cccnc34)n2)nc(-c2cccc3cccnc23)c1,X,X,X,1,1,4,0,0,0,O,O,N,N,N,N,-76.026454,0.320754
1557,1422043,Oc1ccc2ccccc2c1CNc1ccccc1OCCOc1ccccc1NCc1c(O)ccc2ccccc12,X,X,X,X,X,6,0,0,0,0,0,N,O,O,N,O,O,-95.570731,0.142123
1558,MEXFAY,OC(O)c1ccccc1Cl,NC(O)c1cccnc1,O,OC(O)c1ccccc1Cl,NC(O)c1cccnc1,O,1,1,1,1,1,1,O,O,N,O,O,N,104.420974,0.199428
1559,935417,C1(C2=CC=C(C3=NNC(C4C=CC=CN4)N3)C=C2)=CC=NC=C1,C1(C2=CC=C(C3=NNC(C4C=CC=CN4)N3)C=C2)=CC=NC=C1,O,O,X,X,2,2,1,1,0,0,N,N,O,N,N,O,-56.369815,0.310369
1560,MEYLOR,Cl,O,C1COCCOCCOCCO1,X,X,X,1,1,4,0,0,0,Cl,O,O,O,O,O,22.958874,0.206699
1561,1211702,CC(NO)C(C)NO,CC(NO)C(C)NO,c1ccncc1,CC,X,X,2,2,1,1,0,0,N,N,N,N,N,C,6.053723568,0.162005342
1562,MGLPCO,P(C1=CC=CC=C1)(C2=CC=CC=C2)C3=CC=CC=C3,CC(NO)C(C)NO,CC(NO)C(C)NO,C,X,X,1,2,2,1,0,0,P,N,N,N,N,C,2.490712618,0.149088647
1563,MGXABC,CC(NO)C(C)NO,CC(NO)C(C)NO,Oc1nc(O)c2[nH]cnc2n1,CCCCP(CCCC)CCCC,X,X,2,2,1,1,0,0,N,N,N,N,N,P,2.423994,0.064596
1564,1211752,CC(NO)C(C)NO,Cn1ccnc1,C,CC(NO)C(C)NO,X,X,2,1,1,2,0,0,C,N,N,N,N,N,11.76157778,0.159113602
1565,MGXPCO,Cl,CC(NO)C(C)NO,P(C1=CC=CC=C1)(C2=CC=CC=C2)C3=CC=CC=C3,CC(NO)C(C)NO,X,X,1,2,1,2,0,0,Cl,N,N,N,N,P,16.13004043,0.159955227
1566,1211757,CC(NO)C(C)NO,CC(NO)C(C)NO,c1ccncc1,CCC,X,X,2,2,1,1,0,0,N,N,N,N,N,C,-2.057044565,0.136709867
1568,181437,Br,CC(NO)C(C)NO,CCCONC(C)C(C)NO,X,X,X,1,2,3,0,0,0,Br,N,N,N,N,C,90.071841,0.042071
1569,MICNCO,Clc1ccc(COC(Cn2ccnc2)c2ccc(Cl)cc2Cl)c(Cl)c1,Clc1ccc(COC(Cn2ccnc2)c2ccc(Cl)cc2Cl)c(Cl)c1,Clc1ccc(COC(Cn2ccnc2)c2ccc(Cl)cc2Cl)c(Cl)c1,Clc1ccc(COC(Cn2ccnc2)c2ccc(Cl)cc2Cl)c(Cl)c1,ON(O)O,ON(O)O,1,1,1,1,1,1,N,N,O,N,N,O,58.62579524,0.106776685
1570,629356,CC(Nc1ccccc1)c1cccc(C(C)Nc2ccccc2)n1,CC(NC1CCCCC1)c1cccc(C(C)NC2CCCCC2)n1,X,X,X,X,3,3,0,0,0,0,N,N,N,N,N,N,104.785592,0.195462
1571,MIFMOE,OC(O)CC[SH](O)O,NCCNCCNCCN,X,X,X,X,2,4,0,0,0,0,S,O,N,N,N,N,0.008157,0.044938
1572,654800,Nc1nc(-c2csc(N)n2)cs1,OC(O)c1cccc(C(O)O)n1,O,X,X,X,2,3,1,0,0,0,N,N,N,O,O,O,-101.949413,0.219763
1573,MIGLEU,CN1CCN(C2=C(F)CC3=C(O)C(C(O)=O)=CN(CC)C3=C2)CC1,CN1CCN(C2=C(F)CC3=C(O)C(C(O)=O)=CN(CC)C3=C2)CC1,O,O,X,X,2,2,1,1,0,0,O,O,O,O,O,O,103.025874,0.223962
1574,941084,Oc1cc(O)c2ccccc2c1O,O,Oc1cc(O)c2ccccc2c1O,O,X,X,2,1,2,1,0,0,O,O,O,O,O,O,-117.304719,0.273521
1575,MIMYAI,CC1=Nc2ccccc2N(CC(O)O)C=CC(C)=Nc2ccccc2N(CC(O)O)C=C1,X,X,X,X,X,6,0,0,0,0,0,O,N,N,O,N,N,73.769997,0.323952
1576,MINPAA,O,c1ccc(-c2nnc(-c3ccccn3)s2)nc1,O,c1ccc(-c2nnc(-c3ccccn3)s2)nc1,X,X,1,2,1,2,0,0,O,N,N,O,N,N,5.051584,0.071262
1577,2164614,NCS,CC(O)c1cccnc1,O,NCS,CC(O)c1cccnc1,O,1,1,1,1,1,1,O,N,N,O,N,N,98.655213,0.197155
1578,MIRSIR,OC(O)c1ccc(Oc2ccc(Oc3ccc(C(O)O)c(C(O)O)c3)cc2)cc1C(O)O,c1cnc2c(c1)ccc1cccnc12,O,c1cnc2c(c1)ccc1cccnc12,X,X,1,2,1,2,0,0,O,N,O,N,N,N,86.3019,0.257302
1579,674189,OC1=NS(O)(O)c2ccccc21,NCCN1CCNCC1,OC1=NS(O)(O)c2ccccc21,NCCN1CCNCC1,X,X,1,2,1,2,0,0,O,N,N,O,N,N,14.98184619,0.203466637
1580,MIRYES,OC(O)c1ncccn1,O,OC(O)c1ncccn1,O,X,X,2,1,2,1,0,0,N,O,O,N,O,O,42.102796,0.190563
1581,677088,Nc1nnnn1CC(O)O,O,O,Nc1nnnn1CC(O)O,O,O,1,1,1,1,1,1,O,O,O,O,O,O,-77.303494,0.332781
1582,MIXQUG,O,O,Nn1c(-c2cccnc2)nnc1-c1cccnc1,O,O,Nn1c(-c2cccnc2)nnc1-c1cccnc1,1,1,1,1,1,1,O,O,N,O,O,N,-55.476072,0.288086
1583,607237,Cl,Clc1ccc(-n2cncn2)nn1,CO,Cl,Clc1ccc(-n2cncn2)nn1,CO,1,1,1,1,1,1,Cl,N,O,Cl,N,O,75.653694,0.091226
1584,MIYTAQ,NCS,OP12CN3CCN(CN(C2)C3)C1,OP12CN3CCN(CN(C2)C3)C1,O,NCS,O,1,1,1,1,1,1,N,N,O,N,N,O,108.528655,0.310188
1585,626043,NCS,ON(c1ccccc1)c1ccncc1,ON(c1ccccc1)c1ccncc1,NCS,ON(c1ccccc1)c1ccncc1,ON(c1ccccc1)c1ccncc1,1,1,1,1,1,1,N,N,N,N,N,N,46.30224037,0.149655727
1586,MOBHAN,CC(C)(C)c1cc(C(C)(C)C)c(N(O)c2ccncc2)c(C(C)(C)C)c1,CC(C)(C)c1cc(C(C)(C)C)c(N(O)c2ccncc2)c(C(C)(C)C)c1,NCO,CC(C)(C)c1cc(C(C)(C)C)c(N(O)c2ccncc2)c(C(C)(C)C)c1,CC(C)(C)c1cc(C(C)(C)C)c(N(O)c2ccncc2)c(C(C)(C)C)c1,NCO,1,1,1,1,1,1,N,N,N,N,N,N,2.217885245,0.194144707
1587,626045,NCS,CC(C)(C)c1cc(C(C)(C)C)c(N(O)c2ccncc2)c(C(C)(C)C)c1,CC(C)(C)c1cc(C(C)(C)C)c(N(O)c2ccncc2)c(C(C)(C)C)c1,NCS,CC(C)(C)c1cc(C(C)(C)C)c(N(O)c2ccncc2)c(C(C)(C)C)c1,CC(C)(C)c1cc(C(C)(C)C)c(N(O)c2ccncc2)c(C(C)(C)C)c1,1,1,1,1,1,1,N,N,N,N,N,N,30.13550632,0.177723175
1588,MODFIX,OC(O)c1c(F)cccc1F,O,c1cc(CCc2ccncc2)ccn1,OC(O)c1c(F)cccc1F,O,c1cc(CCc2ccncc2)ccn1,1,1,1,1,1,1,O,O,N,O,O,N,119.93038,0.264902
1589,974777,Cl,CC(C)(CNCc1ccccn1)CNCc1ccccn1,O,X,X,X,1,4,1,0,0,0,Cl,N,N,N,N,O,51.854694,0.106874
1590,MOHGAT,CC(C)(CNCc1ccccn1)CNCc1ccccn1,NCS,NCS,X,X,X,4,1,1,0,0,0,N,N,N,N,N,N,-5.076323,0.001094
1591,686178,C1(CN2C=CC(C3C=CNC=C3)C=C2)=CC=CC=C1,C1(CN2C=CC(C3C=CNC=C3)C=C2)=CC=CC=C1,O,O,O,O,1,1,1,1,1,1,O,O,O,O,N,N,30.80831624,0.157893753
1592,MOHRIK,OC(Nc1ccncc1)c1ccccc1,O,CC(O)O,OC(Nc1ccncc1)c1ccccc1,O,CC(O)O,1,1,1,1,1,1,O,O,N,O,O,N,95.809025,0.21399
1593,188359,OC(Nc1ccncc1)c1ccccc1,CO,ON(O)O,OC(Nc1ccncc1)c1ccccc1,CO,ON(O)O,1,1,1,1,1,1,O,O,N,O,O,N,81.270692,0.302921
1594,MONBOG,O,O,O,O,c1cc(CCc2ccc(CCc3ccncc3)cc2)ccn1,c1cc(CCc2ccc(CCc3ccncc3)cc2)ccn1,1,1,1,1,1,1,O,O,O,O,N,N,-90.016487,0.22206
1595,MOPWAP,OC(O)c1cccc(C(O)O)n1,O,c1cnc2c(c1)ccc1cccnc12,X,X,X,3,1,2,0,0,0,O,O,O,N,N,N,38.970247,0.157179
1596,194051,NCS,O,C1N2CN3CN1CN(C2)C3,NCS,O,C1N2CN3CN1CN(C2)C3,1,1,1,1,1,1,O,N,N,O,N,N,110.190289,0.219916
1597,MOTNUG,CN(c1ccccn1)c1cccc(N(C)c2ccccn2)n1,CN(c1ccccn1)c1cccc(N(C)c2ccccn2)n1,X,X,X,X,3,3,0,0,0,0,N,N,N,N,N,N,82.295865,0.216982
1599,MOVPES,NCS,OC(Nc1cccnc1)c1ccncc1,O,NCS,OC(Nc1cccnc1)c1ccncc1,O,1,1,1,1,1,1,O,N,N,O,N,N,40.43570576,0.135945013
1600,684672,OC(c1nc2ccccc2[nH]1)C(O)c1nc2ccccc2[nH]1,OC(c1nc2ccccc2[nH]1)C(O)c1nc2ccccc2[nH]1,X,X,X,X,3,3,0,0,0,0,N,N,N,N,O,O,74.791761,0.234811
1601,MOZWEE,O=C(O)C1=C(O)NCC=C1,O=C(O)C1=C(O)NCC=C1,c1c[nH]cn1,c1c[nH]cn1,X,X,2,2,1,1,0,0,O,O,O,O,N,N,74.007933,0.317156
1602,747108,CN(C)c1ccc(C(O)O)cc1,CCN(CC)C(O)c1cccnc1,O,CN(C)c1ccc(C(O)O)cc1,CCN(CC)C(O)c1cccnc1,O,1,1,1,1,1,1,O,O,N,O,O,N,105.790914,0.253807
1603,MUGDUP,OC(O)c1cccc(C(O)O)n1,OC(O)c1cccc(C(O)O)n1,X,X,X,X,3,3,0,0,0,0,O,N,O,O,N,O,0.001707,0.045976
1604,1404823,O,O,c1cc(CCc2ccncc2)ccn1,O,O,c1cc(CCc2ccncc2)ccn1,1,1,1,1,1,1,O,O,N,O,O,N,100.285634,0.298099
1606,195210,OC(O)c1cccc(Cl)c1Cl,O,c1c[nH]cn1,OC(O)c1cccc(Cl)c1Cl,O,c1c[nH]cn1,1,1,1,1,1,1,O,O,N,O,O,N,107.596291,0.078241
1607,MUJNEK,OC(O)c1cc(Cl)ccc1Cl,O,c1c[nH]cn1,OC(O)c1cc(Cl)ccc1Cl,O,c1c[nH]cn1,1,1,1,1,1,1,O,O,N,O,O,N,101.655136,0.209532
1608,1946465,CC(C)c1cc(C(c2ccccc2)c2ccccc2)c(O[PH](O)(O)O)c(C(c2ccccc2)c2ccccc2)c1,CO,CCN,CC(C)c1cc(C(c2ccccc2)c2ccccc2)c(O[PH](O)(O)O)c(C(c2ccccc2)c2ccccc2)c1,CO,CCN,1,1,1,1,1,1,O,O,N,O,O,N,-86.301465,0.281849
1609,MULWUL,c1c[nH]c(-c2ncc[nH]2)n1,NCNCN,c1c[nH]c(-c2ncc[nH]2)n1,NCNCN,X,X,2,1,2,1,0,0,N,N,N,N,N,N,32.495024,0.131982
1610,714682,c1cnc2c(c1)ccc1cccnc12,c1cnc2c(c1)ccc1cccnc12,OC(O)c1c(F)c(F)cc(F)c1F,OC(O)c1c(F)c(F)cc(F)c1F,X,X,2,2,1,1,0,0,N,N,N,N,O,O,71.521054,0.092184
1611,MURTUQ,OCc1ccccc1O,O,OCc1ccccc1O,O,X,X,2,1,2,1,0,0,O,O,O,O,O,O,-111.239656,0.224078
1612,1057604,OC(O)c1ccc(C(O)O)c(-c2ccc(C(O)O)nc2)c1,O,OC(O)c1ccc(C(O)O)c(-c2ccc(C(O)O)nc2)c1,O,X,X,2,1,2,1,0,0,O,O,N,O,O,N,-87.371748,0.222233
1613,MUSWEF,Cl,CC(NO)C(C)NO,CC(NO)C(C)NO,Cc1cncc(C)c1,X,X,1,2,2,1,0,0,Cl,N,N,N,N,N,6.505636115,0.12989121
1615,MUYPOL,CC(C)OC(O)c1ccccn1,O,CC(C)OC(O)c1ccccn1,O,X,X,2,1,2,1,0,0,N,O,O,N,O,O,48.703578,0.127571
1616,187837,CC(C)OC(O)c1ccccn1,CC(C)OC(O)c1ccccn1,NCS,NCS,X,X,2,2,1,1,0,0,N,O,N,O,N,N,92.354187,0.300522
1618,MYNBCO,CC(NO)C(C)NCCCNC(C)C(C)NO,C,C,X,X,X,4,1,1,0,0,0,C,C,N,N,N,N,3.581011578,0.158259685
1619,1215801,O[SH](O)O,NC1=CC=CC=C1,CC(NO)C(C)NO,Nc1ccccc1,X,X,1,2,2,1,0,0,S,N,N,N,N,N,8.208439258,0.13415465
1620,NAFFAD,OP(O)(N1CC=CC=C1)O,O,O,O,O,O,1,1,1,1,1,1,N,O,O,O,O,O,23.248392,0.059438
1621,1437790,OC(O)Cn1cc(Cn2ccnc2)nn1,O,O,OC(O)Cn1cc(Cn2ccnc2)nn1,O,O,1,1,1,1,1,1,N,O,O,N,O,O,3.865986,0.245404
1622,NAFZEB,Nn1c(-c2ccccn2)nnc1-c1ccccn1,Nn1c(-c2ccccn2)nnc1-c1ccccn1,CO,CO,X,X,2,2,1,1,0,0,N,N,N,N,O,O,35.238427,0.106061
1623,242652,Nc1ncccn1,O,NCS,Nc1ncccn1,O,NCS,1,1,1,1,1,1,N,O,N,N,O,N,-112.079891,0.252933
1624,NAKYIJ,OC(O)CNC(O)c1ccccc1,c1cnc2c(c1)ccc1cccnc12,c1cnc2c(c1)ccc1cccnc12,O,X,X,1,2,2,1,0,0,N,N,N,N,O,O,114.851426,0.143021
1625,799467,CCCc1nc(C(O)O)c(C(O)O)[nH]1,O,CCCc1nc(C(O)O)c(C(O)O)[nH]1,O,X,X,2,1,2,1,0,0,N,O,O,N,O,O,65.575752,0.283598
1626,NAMQAU,NCS,COc1ccc(-n2c(-c3ccccn3)nnc2-c2ccccn2)cc1,NCS,COc1ccc(-n2c(-c3ccccn3)nnc2-c2ccccn2)cc1,X,X,1,2,1,2,0,0,N,N,N,N,N,N,50.116969,0.281135
1627,247298,OP(O)O,OC(O)c1ccccn1,O,O,O,X,1,2,1,1,1,0,N,O,O,O,O,O,-92.095854,0.311553
1628,NANSEE,Cl,Cl,Cn1nc(-c2ccccn2)nc1-c1ccccn1,Cn1nc(-c2ccccn2)nc1-c1ccccn1,X,X,1,1,2,2,0,0,Cl,Cl,N,N,N,N,68.777702,0.176401
1629,794086,CC(O)O,O,Nc1ccncc1,CC(O)O,O,Nc1ccncc1,1,1,1,1,1,1,O,O,N,O,O,N,87.574511,0.177773
1630,NAVBOE,c1ccc(-c2nnc(-c3cccnc3)n2-c2ccccn2)nc1,O,c1ccc(-c2nnc(-c3cccnc3)n2-c2ccccn2)nc1,O,X,X,2,1,2,1,0,0,N,N,O,N,N,O,71.554739,0.103046
1631,1999040,Br,CC(NO)C(C)NO,CC(NO)C(C)NO,c1ccncc1,X,X,1,2,2,1,0,0,Br,N,N,N,N,N,2.096312372,0.111859553
1632,NAWFOK,Br,CC(NO)C(C)NO,Oc1ccncc1,CC(NO)C(C)NO,X,X,1,2,1,2,0,0,Br,N,N,N,N,N,11.6116482,0.154413702
1633,1999045,Br,CC(CNO)NO,CC(NO)C(C)NO,Oc1cccnc1,X,X,1,2,2,1,0,0,Br,N,N,N,N,N,-0.047957658,0.126771665
1634,NAYSEM,CC1(C2C(NCCCNC3(C(NO)CC4C(C)(C)C3C4)C)(C)C(NO)CC1C2)C,Cl,Cl,X,X,X,4,1,1,0,0,0,N,N,N,N,Cl,Cl,16.00804343,0.160329247
1635,NAZBOI,Clc1nc2ccccc2cc1-c1cc(-c2ccccn2)nc(-c2ccccn2)c1,Clc1nc2ccccc2cc1-c1cc(-c2ccccn2)nc(-c2ccccn2)c1,X,X,X,X,3,3,0,0,0,0,N,N,N,N,N,N,59.09456347,0.10769054
1636,2121419,OC(O)Cn1cc(C(O)O)cn1,O,O,OC(O)Cn1cc(C(O)O)cn1,X,X,2,1,1,2,0,0,N,O,O,O,N,O,72.031226,0.303266
1637,NELPID,OC(O)c1ccc(C(O)O)nc1,O,OC(O)c1ccc(C(O)O)nc1,O,X,X,2,1,2,1,0,0,N,O,O,N,O,O,70.821984,0.095817
1638,892476,CP(C)C,CP(C)C,Nc1ccccc1C(O)c1ccccc1,C,C,X,1,1,2,1,1,0,P,P,O,N,C,C,-22.734511,0.116369
1639,NELTAB,CC(C)NNC(O)c1cc2ccccc2cc1O,CC(C)NNC(O)c1cc2ccccc2cc1O,c1ccncc1,c1ccncc1,X,X,2,2,1,1,0,0,O,N,O,N,N,N,87.629301,0.311558
1640,170041,O/C(C1=CC=CC=C1)=N\NC2=C3C(C4=C2C=CC=N4)=NCC=C3,O/C(C1=CC=CC=C1)=N\NC2=C3C(C4=C2C=CC=N4)=NCC=C3,O,O,X,X,2,2,1,1,0,0,O,O,N,O,O,N,-87.53132,0.240262
1641,NEPNOP,Cl,Cn1cnnn1,Cn1cnnn1,Cl,Cn1cnnn1,Cn1cnnn1,1,1,1,1,1,1,Cl,N,N,Cl,N,N,87.215271,0.246757
1642,1566376,O,O,Cn1cnnn1,O,O,Cn1cnnn1,1,1,1,1,1,1,O,O,N,O,O,N,-4.702505,0.034622
1643,NEPSEH,CSc1ncccc1C(O)O,O,O,OC(O)c1cccnc1S,O,O,1,1,1,1,1,1,O,O,O,O,O,O,23.05669503,0.16732006
1644,296403,CSc1ncccc1C(O)O,O,O,OC(O)c1cccnc1S,O,O,1,1,1,1,1,1,O,O,O,O,O,O,23.05669503,0.16732006
1645,NEPSUY,Cc1nc2nc(N)nc(O)c2nc1C(O)O,O,c1cnc2c(c1)ccc1cccnc12,X,X,X,3,1,2,0,0,0,O,N,O,O,N,N,65.804593,0.312886
1646,1565749,c1ccc(-c2cc(-c3ccncc3)cc(-c3ccccn3)n2)nc1,c1ccc(-c2cc(-c3ccncc3)cc(-c3ccccn3)n2)nc1,X,X,X,X,3,3,0,0,0,0,N,N,N,N,N,N,39.4243949,0.092682895
1647,NEQKIG,CC(C)(C)c1ccnc(-c2cc(C(C)(C)C)cc(-c3cc(C(C)(C)C)ccn3)n2)c1,CC(C)(C)c1ccnc(-c2cc(C(C)(C)C)cc(-c3cc(C(C)(C)C)ccn3)n2)c1,X,X,X,X,3,3,0,0,0,0,N,N,N,N,N,N,72.006998,0.013825
1648,NERMED,CC(C)(C)c1ccnc(-c2cc(C(C)(C)C)cc(-c3cc(C(C)(C)C)ccn3)n2)c1,CC(C)(C)c1ccnc(-c2cc(C(C)(C)C)cc(-c3cc(C(C)(C)C)ccn3)n2)c1,X,X,X,X,3,3,0,0,0,0,N,N,N,N,N,N,47.51976238,0.053545535
1649,1571538,CCOc1cccc(CNCC(C)(C)CNCc2cccc(OCC)c2O)c1O,NCS,NCS,X,X,X,4,1,1,0,0,0,O,N,N,O,N,N,51.03632998,0.138161415
1650,NETXER,OC(c1c(Br)c(Br)c(C(O)O)c(Br)c1Br)O,OC(c1c(Br)c(Br)c(C(O)O)c(Br)c1Br)O,c1cnc2c(c1)ccc1cccnc12,Br,X,X,1,1,2,2,0,0,O,N,N,O,N,N,81.82791318,0.14141006
1651,634076,O=C1CCC(C(O)=O)NN1,O=C1CCC(C(O)=O)NN1,O,O,X,X,2,2,1,1,0,0,O,N,O,O,N,O,-71.993972,0.253064
1652,NEVZAT,Cl,O,Oc1ccc(-c2cc3nc4c2cccc4c2ccc4cccc(c5cc(-c6ccc(O)cc6)c6cccc(c7ccc8cccc3c8n7)c6n5)c4n2)cc1,X,X,X,1,1,4,0,0,0,Cl,O,N,N,N,N,97.796484,0.133704
1653,2173623,CN1C=CN(Cc2cccc(CN3C=CN(C)C=C3)n2)C=C1,c1cnc2c(c1)ccc1cccnc12,CCN,X,X,X,3,2,1,0,0,0,N,N,N,N,N,N,86.564702,0.233037
1654,NEZRIV,NCS,NCS,c1ccc(-c2cc(-c3ccc(-n4cccn4)cc3)cc(-c3ccccn3)n2)cc1,c1ccc(-c2cc(-c3ccc(-n4cccn4)cc3)cc(-c3ccccn3)n2)cc1,X,X,1,1,2,2,0,0,N,N,N,N,N,N,47.221042,0.15038
1655,1219358,ONc1cc(S(O)(O)O)c2cccnc2c1O,NCCN,NCCN,X,X,X,2,2,2,0,0,0,N,O,N,N,N,N,50.10200978,0.11968334
1656,NICFOU,c1ccnnc1,NCS,c1ccnnc1,c1ccnnc1,NCS,c1ccnnc1,1,1,1,1,1,1,N,N,N,N,N,N,-116.390614,0.297485
1657,870023,Cc1ccsc1-c1cnc2c(ccc3cc(-c4sccc4C)cnc32)c1,Cc1ccsc1-c1cnc2c(ccc3cc(-c4sccc4C)cnc32)c1,Cl,Cl,X,X,2,2,1,1,0,0,Cl,Cl,N,N,N,N,73.12773,0.158042
1658,NIKFES,CN(C)c1nc(O)c2nccnc2n1,CO,CN(C)c1nc(O)c2nccnc2n1,CO,X,X,2,1,2,1,0,0,O,O,N,O,N,O,57.84175,0.292014
1659,NINGUM,NCS,Cn1ccnc1,Cn1ccnc1,Cn1ccnc1,Cn1ccnc1,NCS,1,1,1,1,1,1,N,N,N,N,N,N,110.039779,0.088654
1660,NIPWAK,Cl,c1ccc(Cn2cccn2)nc1,Cl,c1ccc(Cn2cccn2)nc1,X,X,1,2,1,2,0,0,Cl,N,N,Cl,N,N,-80.898046,0.321859
1661,672581,O=C(N1)C=C(C(O)=O)NC1=O,O,O,O,O,X,2,1,1,1,1,0,N,O,O,O,O,O,103.509902,0.240984
1662,NIQKON,OC(CC(O)C(F)(F)F)c1cccs1,OC(CC(O)C(F)(F)F)c1cccs1,CN(C)CCN(C)C,X,X,X,2,2,2,0,0,0,O,O,O,O,N,N,107.996824,0.085808
1663,1893566,Oc1c2ccccc2c(O)n1CC(O)O,O,CN(C)c1ccncc1,Oc1c2ccccc2c(O)n1CC(O)O,O,CN(C)c1ccncc1,1,1,1,1,1,1,O,O,N,O,O,N,79.74738,0.161049
1664,NISWIW,O,O,O,O,O,COc1ccc(Cl)cc1C(O)O,1,1,1,1,1,1,O,O,O,O,O,O,77.75806,0.295983
1665,640905,ON(O)O,CO,Cc1[nH]nc(NCNc2n[nH]c(C)c2C(C)O)c1C(C)O,CO,X,X,1,1,3,1,0,0,O,O,O,O,N,N,50.357189,0.177557
1666,NIXZOK,Nc1ccccc1NCc1cccc(C(O)O)c1O,NC1CCCCC1NCc1cccc(C(O)O)c1O,X,X,X,X,3,3,0,0,0,0,N,N,O,N,N,O,38.865006,0.148813
1667,658520,OC(CC(Nc1ccccc1)C(F)(F)F)C(F)(F)F,OC(CC(Nc1ccccc1)C(F)(F)F)C(F)(F)F,CC(C)(C)N(O)c1ccncc1,CC(C)(C)N(O)c1ccncc1,X,X,2,2,1,1,0,0,O,O,N,N,N,N,5.014207,4.70E-05
1668,NIYLIR,NCS,NCS,CCOc1cc(CN(C)C)nc(CN(C)C)c1,NNC(c1ccccc1)c1ccncc1,X,X,1,1,3,1,0,0,N,N,N,N,N,N,5.824707,0.221008
1669,616730,OC(O)CN1C=CN(CC(O)O)C=CN(CC(O)O)C=CN(CC(O)O)C=C1,X,X,X,X,X,6,0,0,0,0,0,N,N,O,N,N,O,-44.741246,0.221225
1670,NIZKOZ,c1cnc2c(c1)ccc1cccnc12,c1cnc2c(c1)ccc1cccnc12,OC(O)c1ccc(-c2ccc(C(O)O)cc2C(O)O)cc1,O,X,X,2,2,1,1,0,0,N,N,N,N,O,O,96.534996,0.27324
1671,254737,CN(C)CO,CC(C)CCc1c(O)c(O)c2ccccc2c1O,CC(C)CCc1c(O)c(O)c2ccccc2c1O,O,X,X,1,2,2,1,0,0,O,O,O,O,O,O,79.599766,0.126354
1672,NOBKIZ,CC(OP(OC(C)C)([S])O)C,CC(OP(OC(C)C)([S])O)C,c1ccncc1,c1ccncc1,c1ccncc1,c1ccncc1,1,1,1,1,1,1,O,N,N,O,N,N,100.663796,0.202522
1673,660402,CC(OP(OC(C)C)([S])O)C,CC(OP(OC(C)C)([S])O)C,c1ccc(-c2ccccn2)nc1,c1ccc(-c2ccccn2)nc1,X,X,1,1,2,2,0,0,O,N,N,O,N,N,55.346529,0.086164
1674,NOBTAB,Clc1ccc(-n2cncn2)nn1,Cl,O,Clc1ccc(-n2cncn2)nn1,Cl,O,1,1,1,1,1,1,Cl,O,N,Cl,O,N,102.011271,0.126565
1675,1556469,OCc1ccccc1O,OCc1ccccc1O,CN(C)CCN(C)C,X,X,X,2,2,2,0,0,0,N,N,O,O,O,O,-92.94416,0.305531
1676,NOCKEY,Cl,c1ccc(CN2CCCN3CCN(CCCN(Cc4ccccc4)CC3)CC2)cc1,Cl,X,X,X,1,4,1,0,0,0,Cl,N,N,N,N,Cl,124.563239,0.021165
1677,670887,COc1ccc(OC)c(NC(O)C(C)N(C)CCN(C)C(C)C(O)Nc2cc(OC)ccc2OC)c1,O,OS(O)(C(F)(F)F)O,X,X,X,4,1,1,0,0,0,O,N,N,O,O,O,-84.048387,0.276317
1679,1901714,OC(O)c1ccccc1Cl,O,NCc1cccnc1,OC(O)c1ccccc1Cl,O,NCc1cccnc1,1,1,1,1,1,1,O,O,N,O,O,N,-98.130789,0.311288
1680,NOYCIN,C1(CSCCSCCSCCSCC2C=CC=CN2)C=CC=CN1,X,X,X,X,X,6,0,0,0,0,0,S,S,N,S,S,N,60.187016,0.023821
1681,NOZPAT,N#CCCP(CCC#N)CCC#N,N#CCCP(CCC#N)CCC#N,CC(NO)C(C)NO,CC(NO)C(C)NO,X,X,1,1,2,2,0,0,P,N,N,N,N,C,1.88921496,0.131300953
1682,NOZREZ,OC1=CC=CC(C)N1,OC1=CC=CC(C)N1,Cl,Cl,O,O,1,1,1,1,1,1,O,O,Cl,O,O,Cl,97.407344,0.230971
1683,1040600,Cc1n[nH]c(C)c1-c1ccc(C(O)O)cc1,O,O,Cc1n[nH]c(C)c1-c1ccc(C(O)O)cc1,O,O,1,1,1,1,1,1,O,O,N,O,O,N,21.73058585,0.15675106
1684,NUDJIH,Cc1cc(C)n2ncnc2n1,O,O,Cc1cc(C)n2ncnc2n1,O,O,1,1,1,1,1,1,N,O,O,N,O,O,93.040318,0.242256
1685,1062194,OC(O)c1cc(N(O)O)cc(N(O)O)c1,O,Nc1nnnn1N,OC(O)c1cc(N(O)O)cc(N(O)O)c1,O,Nc1nnnn1N,1,1,1,1,1,1,O,O,N,O,O,N,85.047827,0.086484
1686,NUDWEQ,NNC(N)O,OC(O)c1cc(N(O)O)cc(N(O)O)c1,NNC(N)O,OC(O)c1cc(N(O)O)cc(N(O)O)c1,X,X,2,1,2,1,0,0,O,O,N,O,O,N,55.624332,0.104699
1687,1956722,CN(/C(N1C2=CCC=CN2)=C\C3N(C)C(C=CC=C4)=C4N3C5=CCC=CN5)C6=C1C=CC=C6,CN(/C(N1C2=CCC=CN2)=C\C3N(C)C(C=CC=C4)=C4N3C5=CCC=CN5)C6=C1C=CC=C6,X,X,X,X,3,3,0,0,0,0,C,N,N,C,N,N,14.93478009,0.14920959
1688,NUJSER,c1ccc2c(c1)nnn2Cn1ccnc1,OS(O)(O)O,O,O,O,O,1,1,1,1,1,1,N,O,O,O,O,O,127.900016,0.141468
1689,1061935,NCc1ccc(C(O)O)cc1,NC(O)c1cccnc1,O,NCc1ccc(C(O)O)cc1,NC(O)c1cccnc1,O,1,1,1,1,1,1,O,O,N,O,O,N,109.822686,0.22353
1690,NUNZOM,Nc1ccc(S(O)(O)Nc2ncccn2)cc1,Nc1ccc(S(O)(O)Nc2ncccn2)cc1,c1ccncc1,c1ccncc1,X,X,2,2,1,1,0,0,N,N,N,N,N,N,50.512331,0.120211
1691,693874,c1ccc(CNCCCNCc2ccccn2)nc1,O,O,X,X,X,4,1,1,0,0,0,N,N,N,N,O,O,59.375154,0.207978
1692,NUZYAK,OC(O)c1ccc(N(O)O)c(C(O)O)c1,O,O,OC(O)c1ccc(N(O)O)c(C(O)O)c1,O,O,1,1,1,1,1,1,O,O,O,O,O,O,132.804073,0.079825
1693,OBESET,CCn1ccnc1,CCn1ccnc1,CCn1ccnc1,CCn1ccnc1,CCn1ccnc1,CCn1ccnc1,1,1,1,1,1,1,N,N,N,N,N,N,-4.080998,0.092079
1694,1225376,OC(O)CCC(O)O,O,O,O,c1ccc(-c2ccccn2)nc1,X,1,1,1,1,2,0,O,O,O,O,N,N,104.439752,0.159896
1695,OBITEB,NCS,CO,Cc1cncc(C)c1,NCS,CO,Cc1cncc(C)c1,1,1,1,1,1,1,N,O,N,N,O,N,-107.664517,0.271864
1696,1487851,CC(NO)c1ccncc1,OC(CC(O)c1ccccc1)c1ccccc1,CC(NO)c1ccncc1,OC(CC(O)c1ccccc1)c1ccccc1,X,X,1,2,1,2,0,0,N,O,O,N,O,O,76.399391,0.041835
1697,OBIWII,ONCc1cccnc1,OC(CC(O)c1ccccc1)c1ccccc1,ONCc1cccnc1,OC(CC(O)c1ccccc1)c1ccccc1,X,X,1,2,1,2,0,0,N,O,O,N,O,O,76.763551,0.066338
1698,858190,OS(O)(O)c1ccccn1,O,OS(O)(O)c1ccccn1,O,X,X,2,1,2,1,0,0,O,O,N,O,O,N,89.583964,0.067642
1699,OBIWUU,CC(NO)c1cccnc1,OC(CC(O)c1ccccc1)c1ccccc1,CC(NO)c1cccnc1,OC(CC(O)c1ccccc1)c1ccccc1,X,X,1,2,1,2,0,0,N,O,O,N,O,O,97.161004,0.142446
1700,685784,O=C(N1)NC(C1(C2=CC=CC=C2)C3=CC=CC=C3)=O,O=C(N1)NC(C1(C2=CC=CC=C2)C3=CC=CC=C3)=O,NCCCN,NCCCN,X,X,1,1,2,2,0,0,N,N,N,N,N,N,84.67737,0.029503
1701,OBOYIQ,Cc1nnsc1C(O)O,O,O,Cc1nnsc1C(O)O,O,O,1,1,1,1,1,1,N,O,O,N,O,O,34.36428225,0.11021308
1703,OCIGIT,OC(O)COc1cccc2ccc(C(O)O)nc12,O,O,O,X,X,3,1,1,1,0,0,O,O,O,O,O,N,-4.534356,0.000492
1704,2112185,NCS,O,C1N2CN3CN1CN(C2)C3,NCS,O,C1N2CN3CN1CN(C2)C3,1,1,1,1,1,1,N,O,N,N,O,N,115.480291,0.093541
1705,ODIMUJ,Fc1c2c(c(F)c(C(F)(C(F)(F)F)C(F)(F)F)c1C(F)(C(F)(F)F)C(F)(F)F)C1=NC3=NC(=NC4=NC(=NC5=NC(=NC2=N1)c1c(F)c(C(F)(C(F)(F)F)C(F)(F)F)c(C(F)(C(F)(F)F)C(F)(F)F)c(F)c15)c1c(F)c(C(F)(C(F)(F)F)C(F)(F)F)c(C(F)(C(F)(F)F)C(F)(F)F)c(F)c14)c1c(F)c(C(F)(C(F)(F)F)C(F)(F)F)c(C(F)(C(F)(F)F)C(F)(F)F)c(F)c13,CC(C)O,CC(C)O,X,X,X,4,1,1,0,0,0,N,N,O,N,N,O,31.31665537,0.125593502
1706,174677,Fc1c2c(c(F)c(C(F)(C(F)(F)F)C(F)(F)F)c1C(F)(C(F)(F)F)C(F)(F)F)C1=NC3=NC(=NC4=NC(=NC5=NC(=NC2=N1)c1c(F)c(C(F)(C(F)(F)F)C(F)(F)F)c(C(F)(C(F)(F)F)C(F)(F)F)c(F)c15)c1c(F)c(C(F)(C(F)(F)F)C(F)(F)F)c(C(F)(C(F)(F)F)C(F)(F)F)c(F)c14)c1c(F)c(C(F)(C(F)(F)F)C(F)(F)F)c(C(F)(C(F)(F)F)C(F)(F)F)c(F)c13,CC(CP(C1=CC=CC=C1)(C2=CC=CC=C2)C3=CC=CC=C3)O,CC(CP(C1=CC=CC=C1)(C2=CC=CC=C2)C3=CC=CC=C3)O,X,X,X,4,1,1,0,0,0,N,N,O,N,N,O,29.87904838,0.097669662
1707,ODOWUC,NC(S)NNCC(O)O,NC(S)NNCC(O)O,X,X,X,X,3,3,0,0,0,0,N,N,O,O,S,S,47.995959,0.105185
1708,OEPCOP,CCC1=C(CC)C2=NC1=CC1=NC(=CC3=NC(=CC4=NC(=C2)C(CC)=C4CC)C(CC)=C3CC)C(CC)=C1CC,Cc1cccnc1,Cc1cccnc1,X,X,X,4,1,1,0,0,0,N,N,N,N,N,N,24.94563909,0.111257695
1709,2212141,ON(O)O,CC(C)(C)N1Cc2cc(Cl)cc(n2)CN(C(C)(C)C)Cc2cc(Cl)cc(n2)C1,ON(O)O,X,X,X,1,4,1,0,0,0,O,N,N,N,N,O,105.517893,0.286481
1710,OFASOH,COC1=CC(CN(CC2=CC(OC)=CC(C3)N2)C(C)(C)C)NC(CN3C(C)(C)C)=C1,O,ON(O)O,X,X,X,4,1,1,0,0,0,O,N,O,N,N,N,-92.438316,0.317772
1711,923419,NCS,Clc1cnccn1,Clc1cnccn1,NCS,Clc1cnccn1,Clc1cnccn1,1,1,1,1,1,1,N,N,N,N,N,N,-123.015059,0.302516
1712,OFUGED,OCC(CO)CO,O,OCC(CO)CO,O,X,X,2,1,2,1,0,0,O,O,O,O,O,O,107.189752,0.208969
1713,1864672,c1ccc(CN(Cc2ccccn2)Cc2ccccn2)nc1,Cl,Cl,X,X,X,4,1,1,0,0,0,N,N,N,N,Cl,Cl,139.741612,0.047576
1714,OGALOY,Cc1cc(C(O)O)n[nH]1,O,Cc1cc(C(O)O)n[nH]1,O,X,X,2,1,2,1,0,0,O,O,N,O,O,N,72.638035,0.092416
1715,948417,CC(NO)C(C)NO,CC(NO)C(C)NO,FC1(F)N2C(/C(C3=C(C)C=C(C)N31)=C4C=CNC=C\4)=C(C)C=C2C,Cl,X,X,2,2,1,1,0,0,N,N,N,N,N,Cl,6.70120288,0.0932765
1716,OGEBUZ,FC(N1C(/C2=C3C(F)=CNC=C\3)=CC=C1)(F)N4C2=CC=C4,Cl,CC(NO)C(C)NO,CC(NO)C(C)NO,X,X,1,1,2,2,0,0,Cl,N,N,N,N,N,9.839959145,0.13520781
1717,169406,NCS,c1cc(-c2nnc(-c3ccncc3)o2)ccn1,O,NCS,c1cc(-c2nnc(-c3ccncc3)o2)ccn1,O,1,1,1,1,1,1,N,O,N,N,O,N,107.415409,0.326467
1718,OGOGUN,Cl,COC(O)c1cccc(-c2cc(-c3ccccn3)nc(-c3ccccn3)c2)c1OCCCCNC(O)c1ccc(-c2ccccn2)nc1,X,X,X,X,1,5,0,0,0,0,Cl,N,N,N,N,N,67.786443,0.315309
1719,737973,OS(C1=C(O)C(S(C)(C)N(CC2=NC=CC=C2)CC3=CC=CCN3)=CC=C1)(O)N(CC4=CC=CCN4)CC5NC=CC=C5,O,O,X,X,X,4,1,1,0,0,0,O,O,O,N,N,N,34.62945225,0.189856465
1720,OHINOL,NC(O)c1cccnc1,O,O,NC(O)c1cccnc1,O,O,1,1,1,1,1,1,O,O,N,O,O,N,-97.656381,0.232587
1721,1995800,CN(Cc1ccncc1)S(C)(O)O,CC(NO)C(C)NO,CC(NO)C(C)NO,CC(C)N(C(C)C)C(C)O,X,X,1,2,2,1,0,0,N,N,N,N,N,C,1.11646328,0.184949675
1722,OHOHEB,Cl,CC(NO)C(C)NO,CC(NO)C(C)NO,CCCCn1ccnc1,X,X,1,2,2,1,0,0,Cl,N,N,N,N,N,7.287152768,0.090807928
1723,716478,c1ccc2nnnc3ccccc3ccc3ccccc3nnnc3ccccc3ccc2c1,c1ccncc1,c1ccncc1,X,X,X,4,1,1,0,0,0,N,N,N,N,N,N,78.568998,0.042981
1724,OHUTOD,Cl,CC(NO)C(C)NO,CC(NO)C(C)NO,CC(O)c1cccnc1,X,X,1,2,2,1,0,0,Cl,N,N,N,N,N,12.35917309,0.105112435
1725,1996059,CC(NO)C(C)NO,CC(NO)C(C)NO,CS(O)(O)NCc1ccncc1,C,X,X,2,2,1,1,0,0,N,N,N,N,N,C,5.239803283,0.14011217
1726,OJABAF,CC(NO)C(C)NO,CC(NO)C(C)NO,c1ccc(Cn2ccnc2)cc1,C,X,X,2,2,1,1,0,0,N,N,N,N,N,C,11.82505289,0.150296417
1727,738860,OC(c1nc(Br)ccc1)O,OC(c1nc(Br)ccc1)O,O,O,X,X,2,2,1,1,0,0,N,N,O,O,O,O,-34.73424634,0.175737092
1729,1442433,O=C(N(CCC(O)=O)C(N1CCCC(O)=O)=O)N(CCC(O)=O)C1=O,c1cnc2c(c1)ccc1cccnc12,O,O,O,X,1,2,1,1,1,0,N,N,O,O,O,O,80.647704,0.020718
1730,OLIWUB,Cl,c1c[nH]cn1,O,Cl,c1c[nH]cn1,O,1,1,1,1,1,1,Cl,N,O,Cl,N,O,93.9581,0.132244
1731,225665,Cl,Cl,Nc1nc(-c2csc(N)n2)cs1,Nc1nc(-c2csc(N)n2)cs1,X,X,1,1,2,2,0,0,Cl,Cl,N,N,N,N,80.156902,0.03164
1732,OMAMOG,O,O,c1cc(-c2cncc(-c3ccncc3)c2)ccn1,O,O,c1cc(-c2cncc(-c3ccncc3)c2)ccn1,1,1,1,1,1,1,O,O,N,O,O,N,4.367402,0.251269
1732,OMAMOG,O,O,c1cc(-c2cncc(-c3ccncc3)c2)ccn1,O,O,c1cc(-c2cncc(-c3ccncc3)c2)ccn1,1,1,1,1,1,1,O,O,N,O,O,N,4.367402,0.251269
1732,OMAMOG,O,O,c1cc(-c2cncc(-c3ccncc3)c2)ccn1,O,O,c1cc(-c2cncc(-c3ccncc3)c2)ccn1,1,1,1,1,1,1,O,O,N,O,O,N,4.367402,0.251269
1732,OMAMOG,O,O,c1cc(-c2cncc(-c3ccncc3)c2)ccn1,O,O,c1cc(-c2cncc(-c3ccncc3)c2)ccn1,1,1,1,1,1,1,O,O,N,O,O,N,4.367402,0.251269
1733,748740,Cc1nc2ccccc2c(C(O)O)c1C(O)O,c1cnc2c(c1)ccc1cccnc12,c1cnc2c(c1)ccc1cccnc12,O,X,X,1,2,2,1,0,0,N,N,N,N,O,O,123.672145,0.165869
1734,ONILIJ,Nc1nc(C(O)O)n[nH]1,O,Nc1nc(C(O)O)n[nH]1,O,X,X,2,1,2,1,0,0,O,N,O,O,N,O,67.799915,0.220047
1735,757211,Cc1ccc(-c2ccc(N(C)NCc3ccccn3)nn2)cc1,Cc1ccc(-c2ccc(N(C)NCc3ccccn3)nn2)cc1,X,X,X,X,3,3,0,0,0,0,N,N,N,N,N,N,13.27947944,0.129322575
1736,ONOJAD,OC(O)c1csc(-c2ccccn2)n1,O,OC(O)c1csc(-c2ccccn2)n1,O,X,X,2,1,2,1,0,0,N,O,O,N,O,O,-79.955954,0.23816
1737,737737,Cl,CC(NO)C(C)NO,CC(NO)C(C)NO,c1cnccn1,X,X,1,2,2,1,0,0,Cl,N,N,N,N,N,6.987139893,0.10582663
1738,OQUGUD,Br,CC(NO)C(C)NO,CC(NO)C(C)NO,c1cnccn1,X,X,1,2,2,1,0,0,Br,N,N,N,N,N,7.37712095,0.122357865
1739,775939,Cc1cc(C)cc(SC(NO)C(NO)Sc2cc(C)cc(C)c2)c1,Cc1cc(C)cc(SC(NO)C(NO)Sc2cc(C)cc(C)c2)c1,c1ccncc1,Cc1ccccc1,X,X,2,2,1,1,0,0,N,N,N,N,N,C,3.760002197,0.169657135
1740,ORECOE,Cc1cc(C)cc(SC(NO)C(NO)Sc2cc(C)cc(C)c2)c1,Cc1cc(C)cc(SC(NO)C(NO)Sc2cc(C)cc(C)c2)c1,OOCc1ccccc1,c1ccncc1,X,X,2,2,1,1,0,0,N,O,N,N,N,N,-50.296161,0.302879
1741,774674,CSCC(CSC)(N1C=CCN1)C2=CC=CC=C2,CSCC(CSC)(N1C=CCN1)C2=CC=CC=C2,X,X,X,X,3,3,0,0,0,0,S,S,N,S,S,N,-105.168287,0.20108
1742,OROPER,Cc1cccc(O)n1,NCS,Cc1cccc(O)n1,Cc1cccc(O)n1,NCS,Cc1cccc(O)n1,1,1,1,1,1,1,O,O,N,O,O,N,-142.235382,0.127542
1743,796028,Cl,CNCCc1ccccn1,Cl,CNCCc1ccccn1,X,X,1,2,1,2,0,0,Cl,N,N,Cl,N,N,104.902929,0.201965
1744,OSITOC,C1(/C(NCN2)=N/N/C=C3C=CC=CN/3)=C2C=CC=C1,C1(/C(NCN2)=N/N/C=C3C=CC=CN/3)=C2C=CC=C1,X,X,X,X,3,3,0,0,0,0,N,N,N,N,N,N,106.372921,0.107943
1745,1430628,Nc1ccc(S(O)(O)Nc2ncccn2)cc1,COc1ccc2ncccc2c1,Nc1ccc(S(O)(O)Nc2ncccn2)cc1,COc1ccc2ncccc2c1,X,X,2,1,2,1,0,0,N,N,N,N,N,N,74.483984,0.108262
1746,OVAZAN,O,O,Nc1ncnc2c1ncn2CCC(O)O,O,O,Nc1ncnc2c1ncn2CCC(O)O,1,1,1,1,1,1,O,O,O,O,O,O,131.541658,0.173316
1747,800573,Nc1ncnc2c1ncn2CC(O)O,O,O,Nc1ncnc2c1ncn2CC(O)O,O,O,1,1,1,1,1,1,O,O,O,O,O,O,100.548363,0.243229
1748,OXIWID,COc1ccc(-c2nc(C(O)O)c(C(O)O)[nH]2)cc1OC,COc1ccc(-c2nc(C(O)O)c(C(O)O)[nH]2)cc1OC,O,O,X,X,2,2,1,1,0,0,N,N,O,O,O,O,66.198518,0.034076
1749,2035510,c1ccc(-c2ccccn2)nc1,OC(O)c1cc(C(O)O)cc(N(O)O)c1,O,O,O,X,2,1,1,1,1,0,N,O,N,O,O,O,114.904499,0.191105
1750,OZIMIV,C1(C2=NN=NN2)=CC=CC(C3=NN=NN3)N1,c1ccncc1,O,O,X,X,3,1,1,1,0,0,O,O,N,N,N,N,31.93376843,0.163040665
1751,809722,CC(O)C(NNc1cc(Cl)cc(S(O)(O)O)c1O)C(C)O,O,NCCN,X,X,X,3,1,2,0,0,0,O,O,O,N,N,N,42.10480588,0.123659125
1752,PADFEH,CN(C)CO,O,O,CN(C)CO,O,O,1,1,1,1,1,1,O,O,O,O,O,O,-71.926205,0.289698
1753,2038325,CC(O)c1ccc(N)cc1,CC(O)c1ccc(N)cc1,ON(O)O,ON(O)O,O,O,1,1,1,1,1,1,N,O,O,O,O,N,16.547944,0.261158
1754,PAHQOF,Cc1cc(C)n(C(N)N)n1,O,Cc1cc(C)n(C(N)N)n1,O,X,X,2,1,2,1,0,0,N,N,O,N,N,O,42.73059,0.16013
1755,1493040,CN(C)CO,CN(C)CO,Cc1ccc(S(O)(O)O)cc1,CN(C)CO,CN(C)CO,Cc1ccc(S(O)(O)O)cc1,1,1,1,1,1,1,O,O,O,O,O,O,80.053778,0.233069
1756,PAKKUI,Cl,Cc1cccc(NCc2ccccn2)c1-c1c(C)cccc1NCc1ccccn1,Cl,X,X,X,1,4,1,0,0,0,Cl,N,N,N,N,Cl,27.452364,0.206033
1758,PAKZEI,CC(CO)(NCc1c(O)ccc(Br)c1)CO,CC(CO)(NCc1c(O)ccc(Br)c1)CO,X,X,X,X,3,3,0,0,0,0,O,O,O,O,N,N,81.217532,0.209061
1759,1517546,c1cc(-n2cccn2)nc(-n2cccn2)c1,c1cc(-n2cccn2)nc(-n2cccn2)c1,X,X,X,X,3,3,0,0,0,0,N,N,N,N,N,N,82.417674,0.155927
1760,PARRUW,Cl,CNCCN(C)C,Cl,CNCCN(C)C,X,X,1,2,1,2,0,0,Cl,N,N,Cl,N,N,79.054289,0.07787
1761,278251,O,Cc1nn(-c2ccccc2)c(O)c1C(O)c1ccccc1,O,Cc1nn(-c2ccccc2)c(O)c1C(O)c1ccccc1,X,X,1,2,1,2,0,0,O,O,O,O,O,O,-108.310883,0.32004
1762,PATLUS,Cc1nn(-c2ccccc2)c(O)c1C(O)c1ccccc1,CCN,Cc1nn(-c2ccccc2)c(O)c1C(O)c1ccccc1,CCN,X,X,2,1,2,1,0,0,O,O,N,O,O,N,103.830845,0.186638
1763,242999,O,O,C=C1NC(C(O)=O)=CC(N1)=O,O,NC(O)c1cccnc1,X,1,1,2,1,1,0,O,O,O,N,O,N,86.805663,0.194063
1764,PAXTIU,NCS,NCS,Cc1cncc(C)n1,Cc1cncc(C)n1,Cc1cncc(C)n1,Cc1cncc(C)n1,1,1,1,1,1,1,N,N,N,N,N,N,137.456467,0.185182
1765,888417,NCS,OC(NCc1cccnc1)c1cccc(C(O)NCc2cccnc2)n1,CO,NCS,OC(NCc1cccnc1)c1cccc(C(O)NCc2cccnc2)n1,CO,1,1,1,1,1,1,O,N,N,O,N,N,105.240131,0.277111
1766,PAYVOC,Cc1cc(C)n(C(c2ccccn2)n2nc(C)cc2C)n1,Cc1cc(C)n(C(c2ccccn2)n2nc(C)cc2C)n1,X,X,X,X,3,3,0,0,0,0,N,N,N,N,N,N,-106.64024,0.172468
1768,PEBSUM,c1ccc(Cn2ccnc2)cc1,OC(O)c1ccccc1,O,c1ccc(Cn2ccnc2)cc1,OC(O)c1ccccc1,O,1,1,1,1,1,1,N,O,O,N,O,O,115.839003,0.127776
1769,287873,O,O,c1cc(-c2ccncc2)ccn1,O,O,c1cc(-c2ccncc2)ccn1,1,1,1,1,1,1,O,O,N,O,O,N,41.49571246,0.145519075
1770,PECLUG,O=C1CCC(C(O)=O)=C(O)C1,O=C1CCC(C(O)=O)=C(O)C1,O,O,X,X,2,2,1,1,0,0,O,O,O,O,O,O,-116.525069,0.203746
1771,1534041,Clc1ccc(C2=C3C=CC(=N3)C(c3ccc(Cl)cc3)=C3C=CC(=N3)C(c3ccc(Cl)cc3)=C3C=CC(=N3)C(c3ccc(Cl)cc3)=C3C=CC2=N3)cc1,C1CCOC1,C1CCOC1,X,X,X,4,1,1,0,0,0,N,N,O,N,N,O,19.91867294,0.110008112
1772,PEDRAS,Cc1ccc(NC(O)Nc2cccnc2)cc1,Cc1ccc(NC(O)Nc2cccnc2)cc1,O,Cc1ccc(NC(O)Nc2cccnc2)cc1,Cc1ccc(NC(O)Nc2cccnc2)cc1,O,1,1,1,1,1,1,N,N,O,N,N,O,102.5735024,0.156767917
1773,2166489,P(C1=CC=CC=C1)(C2=CC=CC=C2)/C=C\P(C3=CC=CC=C3)C4=CC=CC=C4,P(C1=CC=CC=C1)(C2=CC=CC=C2)/C=C\P(C3=CC=CC=C3)C4=CC=CC=C4,CCN,CCN,X,X,2,2,1,1,0,0,P,P,N,P,P,N,47.697481,0.211441
1774,PEJBUE,COC(N)c1ccc2cccc(O)c2n1,c1ccc(-c2cccc(-c3ccccn3)n2)nc1,X,X,X,X,3,3,0,0,0,0,O,N,N,N,N,N,-56.077915,0.309132
1775,1542418,c1ccc(-c2cccc(-c3ccccn3)n2)nc1,CC(O)O,CC(O)O,X,X,X,3,1,2,0,0,0,N,N,N,O,O,O,71.214629,0.19749
1776,PEJHOC,Oc1cc(-c2ccccn2)nc(-c2ccccn2)c1,Oc1cc(-c2ccccn2)nc(-c2ccccn2)c1,X,X,X,X,3,3,0,0,0,0,N,N,N,N,N,N,-122.957313,0.329921
1777,PEJSUS,O=C1C(NO)=C(O)N(C)C(N1C)=O,O=C1C(NO)=C(O)N(C)C(N1C)=O,X,c1cnc2c(c1)ccc1cccnc12,X,X,2,2,2,0,0,0,O,N,N,O,N,N,-76.316046,0.034092
1778,2178398,c1ccc(NCc2cccc(CNc3ccccc3)n2)cc1,c1cc(CNC2CCCCC2)nc(CNC2CCCCC2)c1,X,X,X,X,3,3,0,0,0,0,N,N,N,N,N,N,167.9354,0.020222
1779,PELLEX,c1ccc(NCc2cccc(CNc3ccccc3)n2)cc1,c1cc(CNC2CCCCC2)nc(CNC2CCCCC2)c1,X,X,X,X,3,3,0,0,0,0,N,N,N,N,N,N,17.325872,0.303166
1783,PEPKIG,CC(CO)(CO)NCc1ccccn1,CC(CO)(CO)NCc1ccccn1,X,X,X,X,3,3,0,0,0,0,N,N,O,N,N,O,-104.358216,0.271724
1784,2222142,NCS,Brc1cnccc1,Brc1cnccc1,CC=N,NCS,CC=N,1,1,1,1,1,1,N,N,N,N,N,N,-3.026451,0.132041
1785,PETLUY,O=C1C2=CC=CNC2=C3NC=CC=C31,O=C1C2=CC=CNC2=C3NC=CC=C31,O,O,X,X,2,2,1,1,0,0,O,N,N,O,N,N,-4.892346,0.125155
1787,PEWREP,O=C1N(CC(NCC(O)=O)=O)C(C2=CC=CC=C21)=O,O=C1N(CC(NCC(O)=O)=O)C(C2=CC=CC=C21)=O,O=C1N(CC(NCC(O)=O)=O)C(C2=CC=CC=C21)=O,O=C1N(CC(NCC(O)=O)=O)C(C2=CC=CC=C21)=O,O,O,1,1,1,1,1,1,O,O,O,O,O,O,84.633218,0.278821
1788,1012732,OC(O)c1ccc(C(O)O)cc1,OC(Nc1cccnc1)c1cncc(C(O)Nc2cccnc2)c1,O,OC(O)C1CCC(C(O)O)CC1,OC(Nc1cccnc1)c1cncc(C(O)Nc2cccnc2)c1,O,1,1,1,1,1,1,O,N,O,O,N,O,-99.165193,0.304724
1789,PEYRUH,OC(CN1CN(CC(O)=O)C2=CC=CC=C21)=O,OC(CN1CN(CC(O)=O)C2=CC=CC=C21)=O,O,O,O,O,1,1,1,1,1,1,O,O,O,O,O,O,32.35633554,0.140212338
1790,833930,O,c1cc(-c2nc3ccccc3[nH]2)nc(-c2nc3ccccc3[nH]2)c1,c1ccc(-c2ccccn2)nc1,X,X,X,1,3,2,0,0,0,O,N,N,N,N,N,-4.019397,0.289462
1792,PIDJAO,OC(O)c1ccc(Cl)cc1,OC(O)c1ccc(Cl)cc1,c1cnc2c(c1)ccc1cccnc12,O,O,X,1,1,2,1,1,0,N,N,O,O,O,O,63.027966,0.150746
1793,619242,NCS,NCS,O,c1ccc(-c2nc(-c3ccccn3)nc(-c3ccccn3)n2)nc1,X,X,1,1,1,3,0,0,O,N,N,N,N,N,105.437748,0.305681
1794,PIDVIJ,c1ccnnc1,c1ccnnc1,c1ccnnc1,c1ccnnc1,c1ccnnc1,c1ccnnc1,1,1,1,1,1,1,N,N,N,N,N,N,-6.421813,0.222182
1795,647221,OS(O)(O)CCc1ccncc1,O,O,OS(O)(O)CCc1ccncc1,O,O,1,1,1,1,1,1,O,O,N,O,O,N,84.709813,0.150305
1796,PIKROT,CC(C)NNC(O)Nc1ccccc1,CO,CC(C)NNC(O)Nc1ccccc1,CO,X,X,2,1,2,1,0,0,N,O,O,N,O,O,61.131299,0.182329
1797,849311,OC(O)c1c(C(O)O)c2ccc1o2,O,c1ccc(-c2ccccn2)nc1,X,X,X,3,1,2,0,0,0,O,O,O,O,N,N,61.416218,0.034236
1798,PITDUT,NNC(N)NN(O)O,O,NNC(N)NN(O)O,O,X,X,2,1,2,1,0,0,O,N,N,O,N,N,5.967232,0.167393
1799,900152,Cl,NNC(N)NN(O)O,Cl,NNC(N)NN(O)O,X,X,1,2,1,2,0,0,Cl,N,N,Cl,N,N,39.325856,0.198606
1800,PIVFIM,Nc1ccc(NCc2ccccn2)cc1,Nc1ccc(NCc2ccccn2)cc1,Nc1ccc(NCc2ccccn2)cc1,X,X,X,2,2,2,0,0,0,N,N,N,N,N,N,-18.382693,0.070674
1801,1875764,Cl,Cl,Nc1ccc(NCc2ccccn2)cc1,Nc1ccc(NCc2ccccn2)cc1,X,X,1,1,2,2,0,0,Cl,Cl,N,N,N,N,-7.800905037,0.169249098
1802,PIXCEF,O=C1C=C(O)NC(SCC(O)=O)N1,O,O,O,X,X,3,1,1,1,0,0,N,O,O,O,O,O,-98.717141,0.281364
1804,1004961,CC(O)c1ccccn1,CC(O)c1ccccn1,NCS,NCS,X,X,2,2,1,1,0,0,N,N,N,N,O,O,-93.36897,0.329311
1805,POGPOT,O=C1NC(N(C2=NC(O)=N3)C3=N1)=NC(N2)=O,O=C1NC(N(C2=NC(O)=N3)C3=N1)=NC(N2)=O,O,O,O,O,1,1,1,1,1,1,O,O,O,O,O,O,12.1071698,0.14967564
1806,976070,Nc1nc(-c2ccccn2)cs1,NCS,Nc1nc(-c2ccccn2)cs1,NCS,X,X,2,1,2,1,0,0,N,N,N,N,N,N,104.902795,0.245903
1807,POPXEX,O=C1N(CC2=CCNC=C2)CCC1,O=C1N(CC2=CCNC=C2)CCC1,O=C1N(CC2=CCNC=C2)CCC1,O=C1N(CC2=CCNC=C2)CCC1,Cl,Cl,1,1,1,1,1,1,Cl,N,N,Cl,N,N,111.475596,0.035946
1808,999746,N#CC1=C(C#N)C(C#N)=C(C#N)N1,N#CC1=C(C#N)C(C#N)=C(C#N)N1,CC=N,CC=N,CC=N,CC=N,1,1,1,1,1,1,N,N,N,N,N,N,85.946087,0.103368
1810,1010021,NCS,NNNc1ccncc1,NNNc1ccncc1,NCS,NNNc1ccncc1,NNNc1ccncc1,1,1,1,1,1,1,N,N,N,N,N,N,103.109302,0.240702
1811,POTVIG,O,Nc1nc(N)nc(-c2cccc(-c3cccc(-c4nc(N)nc(N)n4)n3)n2)n1,O,X,X,X,1,4,1,0,0,0,O,N,N,N,N,O,-61.002919,0.258436
1812,730947,OCCNCc1ccccc1O,OCCNCc1ccccc1O,X,X,X,X,3,3,0,0,0,0,N,N,O,O,O,O,40.142849,0.117132
1813,POYVIJ,CC(C)(C)C(O)CC(O)C(C)(C)C,c1ccncc1,CC(C)(C)C(O)CC(O)C(C)(C)C,c1ccncc1,X,X,2,1,2,1,0,0,O,O,N,O,O,N,76.619617,0.020325
1814,1238207,OC(O)c1nccnc1C(O)O,O,OC(O)c1nccnc1C(O)O,O,X,X,2,1,2,1,0,0,O,O,N,O,O,N,-78.287821,0.324245
1815,PRZCOB,OC(O)c1cnccn1,O,OC(O)c1cnccn1,O,X,X,2,1,2,1,0,0,O,O,N,O,O,N,-54.171315,0.282854
1816,PTPORC,C1=CC2=C(c3ccccc3)C3=NC(=C(c4ccccc4)C4=NC(=C(c5ccccc5)C5=NC(=C(c6ccccc6)C1=N2)C=C5)C=C4)C=C3,C1CCCNC1,C1CCCNC1,X,X,X,4,1,1,0,0,0,N,N,N,N,N,N,46.02148485,0.11971016
1817,746496,OC(O)CNS(O)(O)c1cccc(C(O)O)c1,O,O,O,c1cc(-c2ccncc2)ccn1,c1cc(-c2ccncc2)ccn1,1,1,1,1,1,1,O,O,O,O,N,N,114.611763,0.122249
1818,PUFXAQ,OC(O)c1cc2nc[nH]c2cc1C(O)O,O,O,OC(O)c1cc2nc[nH]c2cc1C(O)O,O,O,1,1,1,1,1,1,N,O,O,N,O,O,38.89103243,0.15975153
1819,1011403,O=C(NCN1)C2=C1C=CC=C2,O=C(NCN1)C2=C1C=CC=C2,O,O,ON(O)O,ON(O)O,1,1,1,1,1,1,N,O,O,N,O,O,10.53861757,0.196421807
1820,PUJTEW,OCCc1c[nH]cn1,O,OCCc1c[nH]cn1,O,X,X,2,1,2,1,0,0,O,O,N,O,O,N,-62.802725,0.330762
1821,1993722,CC(C=C1)=CC=C1C(N2NC=CC2)(N3CNC=C3)C(N4)=CCC=C4C(N5NCC=C5)(N6NC=CC6)C7=CC=C(C)C=C7,C[Si](C)(C)C,X,X,X,X,5,1,0,0,0,0,N,N,N,N,N,C,65.026144,0.243073
1822,PUPHOY,c1cnc2c(c1)ccc1cccnc12,c1cnc2c(c1)ccc1cccnc12,OC(O)c1nccnc1C(O)O,X,X,X,2,2,2,0,0,0,N,N,N,N,N,O,106.320699,0.254178
1823,1404928,OC(O)c1cccnc1C(O)O,Oc1cc(C(O)Nc2cccnc2)cc(C(O)Nc2cccnc2)c1,OC(O)c1cccnc1C(O)O,Oc1cc(C(O)Nc2cccnc2)cc(C(O)Nc2cccnc2)c1,X,X,2,1,2,1,0,0,O,N,N,O,N,N,89.608711,0.194074
1824,PUVHIA,CC(NNS(O)(O)c1ccccc1)c1cnccn1,CC(NNS(O)(O)c1ccccc1)c1cnccn1,X,X,X,X,3,3,0,0,0,0,N,N,O,N,N,O,9.0427791,0.165531895
1825,759765,Cc1cccc(Nc2ccccc2C(O)O)c1C,CO,CO,Cc1cccc(Nc2ccccc2C(O)O)c1C,CO,CO,1,1,1,1,1,1,O,O,O,O,O,O,62.664505,0.185539
1826,PUWHUN,C1(C=CC=CC1=C(/C=C2NC=CC=C/2)N3)=C3/C=C4C=CC=CN/4,C1(C=CC=CC1=C(/C=C2NC=CC=C/2)N3)=C3/C=C4C=CC=CN/4,X,X,X,X,3,3,0,0,0,0,N,N,N,N,N,N,95.322407,0.164701
1827,1414095,Oc1c(NNc2ccccn2)c2ccccc2c2ccccc12,Oc1c(NNc2ccccn2)c2ccccc2c2ccccc12,X,X,X,X,3,3,0,0,0,0,O,O,N,N,N,N,44.93198548,0.08274362
1829,1419712,OC(O)c1ccc(CN2C=COC=CN(Cc3ccc(C(O)O)cc3)C=COC=C2)cc1,O,O,X,X,X,4,1,1,0,0,0,O,O,O,O,N,N,-109.292658,0.308661
1830,QAGVAX,c1ccc(-c2ccccn2)nc1,OC(O)c1cc(C(O)O)c(C(O)O)cc1C(O)O,O,O,O,X,2,1,1,1,1,0,N,N,O,O,O,O,65.270817,0.190991
1831,757912,OS(O)(O)O,c1ccc(Nc2nnc(-c3ccncc3)s2)cc1,O,O,O,O,1,1,1,1,1,1,O,O,O,O,O,N,68.24234656,0.147974753
1832,QALDIT,COc1cc(CCc2cc(-c3ccccn3)nc(-c3ccccn3)c2)cc(OC)c1OC,COc1cc(CCc2cc(-c3ccccn3)nc(-c3ccccn3)c2)cc(OC)c1OC,X,X,X,X,3,3,0,0,0,0,N,N,N,N,N,N,19.39331024,0.07263187
1833,955469,COc1cc(COc2cc(-c3ccccn3)nc(-c3ccccn3)c2)cc(OC)c1OC,COc1cc(COc2cc(-c3ccccn3)nc(-c3ccccn3)c2)cc(OC)c1OC,X,X,X,X,3,3,0,0,0,0,N,N,N,N,N,N,10.59463595,0.094042047
1834,QALZAG,Cc1ccc(C(O)c2ccccc2C(O)O)cc1,O,c1cnc2c(c1)ccc1cccnc12,Cc1ccc(C(O)c2ccccc2C(O)O)cc1,O,X,1,1,2,1,1,0,O,O,N,N,O,O,67.514707,0.275422
1835,834989,O,O,O=C1C2=C(NC=N2)NCN1,OC(O)CN(Cc1ccccc1)CC(O)O,X,X,1,1,1,3,0,0,O,O,O,O,N,N,60.252161,0.204379
1836,QANPAY,COc1ccc(CN(CC(O)O)CC(O)O)cc1,O,O,O=C1C2=C(NC=N2)NCN1,X,X,3,1,1,1,0,0,N,O,O,O,O,N,60.672407,0.207862
1837,834992,COc1ccc(CN(CC(O)O)CC(O)O)cc1,O,O,O,X,X,3,1,1,1,0,0,N,O,O,O,O,O,75.219016,0.083624
1838,QANPIG,OC(O)CN(Cc1ccc(F)cc1)CC(O)O,O,O,O=C1C(N=CN2)=C2NCN1,X,X,3,1,1,1,0,0,N,O,O,O,O,N,62.574905,0.148196
1839,834994,OC(O)CN(Cc1ccc(Cl)cc1)CC(O)O,O,O,O=C1C(N=CN2)=C2NCN1,X,X,3,1,1,1,0,0,N,O,O,O,O,N,71.797753,0.182436
1840,QANROO,O,O,O=C1C2=C(NC=N2)NCN1,OC(O)c1cccc(C(O)O)n1,X,X,1,1,1,3,0,0,O,O,O,O,N,N,102.377757,0.314479
1841,2130108,CCN1C=C(C(O)=O)C(O)=C2C=CC(C)N=C21,CCN1C=C(C(O)=O)C(O)=C2C=CC(C)N=C21,Cc1ccc(-c2ccc(C)cn2)nc1,X,X,X,2,2,2,0,0,0,O,O,O,O,N,N,47.585167,0.319036
1842,QAPJUN,Cl,CCC(N)O,Cl,CCC(N)O,CCC(N)O,CCC(N)O,1,1,1,1,1,1,Cl,O,Cl,O,O,O,138.096915,0.091001
1843,832595,NC1=C(N/C=C2CC=CC=C/2O)C=CNC1,Nc1cnccc1NCc1ccccc1O,X,X,X,X,3,3,0,0,0,0,O,O,N,N,N,N,38.17320353,0.142440437
1844,QAVCUL,NN1C(O)NNC1=O,NN1C(O)NNC1=O,O,O,X,X,2,2,1,1,0,0,O,N,O,O,N,O,4.623841,0.100027
1845,285396,O,O,OC(O)CCc1cccnc1,O,O,OC(O)CCc1cccnc1,1,1,1,1,1,1,O,O,N,O,O,N,-80.331677,0.226216
1846,QAYDAY,OC(O)CSc1nc2ccccc2s1,O,O,OC(O)CSc1nc2ccccc2s1,O,O,1,1,1,1,1,1,O,O,O,O,O,O,8.304852082,0.1711032
1847,2176067,OC(O)c1ccc(C(O)O)nc1,CN(C)CO,OC(O)c1ccc(C(O)O)nc1,CN(C)CO,X,X,2,1,2,1,0,0,N,O,O,N,O,O,50.827449,0.13088
1848,QEBFIP,OC(O)C(O)c1ccccc1,c1ccc(-c2ccccn2)nc1,OC(O)C(O)c1ccccc1,X,X,X,2,2,2,0,0,0,N,O,O,N,O,O,-109.127383,0.220293
1849,1439751,c1ccc(-c2cc(-c3ccncc3)cc(-c3ccccn3)n2)nc1,OC(O)c1cc(C(O)O)cc(C(O)O)c1,O,O,X,X,3,1,1,1,0,0,N,N,N,O,O,O,89.09507,0.276848
1850,QEBQOG,CCOC(O)c1cc(-c2ccccn2)nc(-c2ccccn2)c1,CCOC(O)c1cc(-c2ccccn2)nc(-c2ccccn2)c1,X,X,X,X,3,3,0,0,0,0,N,N,N,N,N,N,21.02067226,0.101804472
1851,149903,Cl,CCNO,CCNO,Cl,CCNO,CCNO,1,1,1,1,1,1,Cl,N,N,Cl,N,N,105.660208,0.072161
1852,QEDKOZ,Br,CCNO,CCNO,Br,CCNO,CCNO,1,1,1,1,1,1,Br,N,N,Br,N,N,124.349246,0.029646
1853,QEJLOG,Nc1cccc(C(O)O)c1,O,NC(O)c1cccnc1,Nc1cccc(C(O)O)c1,O,NC(O)c1cccnc1,1,1,1,1,1,1,O,O,N,O,O,N,71.59811622,0.146534835
1854,147061,SC1N(N)C(CCC)=NN1,SC1N(N)C(CCC)=NN1,O,O,X,X,2,1,2,1,0,0,S,O,N,S,O,N,111.704921,0.229269
1855,QETLOQ,SC1N(N)C=NN1,SC1N(N)C=NN1,O,O,X,X,2,1,2,1,0,0,S,O,N,S,O,N,20.06857,0.132583
1856,160482,CC(O)CC(C)O,CO,CC(O)CC(C)O,CO,X,X,2,1,2,1,0,0,O,O,O,O,O,O,103.605037,0.22317
1857,QEZDAD,OC1=C2C(C=CC=C2)C(C(C1=C3N/4)=CCC3=NC4=C5NC=CC=C\5)=O,OC1=C2C(C=CC=C2)C(C(C1=C3N/4)=CCC3=NC4=C5NC=CC=C\5)=O,X,X,X,X,3,3,0,0,0,0,N,N,N,N,O,O,-23.31820948,0.181369812
1858,1823331,OC1=C2C(C=CC=C2)C(C(C1=C3N/4)=CCC3=NC4=C5NC(C)=CC(C)=C\5)=O,OC1=C2C(C=CC=C2)C(C(C1=C3N/4)=CCC3=NC4=C5NC(C)=CC(C)=C\5)=O,X,X,X,X,3,3,0,0,0,0,N,N,N,N,O,O,-19.27635122,0.18722523
1859,QEZDIL,OC1=C2C(C=CC=C2)C(C(C1=C3N/4)=CCC3=NC4=C5NC(OC)=CC=C\5)=O,OC1=C2C(C=CC=C2)C(C(C1=C3N/4)=CCC3=NC4=C5NC(OC)=CC=C\5)=O,X,X,X,X,3,3,0,0,0,0,N,N,N,N,O,O,-166.443905,0.131527
1860,137147,NC(S)NNC(CCC(O)O)C(O)O,NC(S)NNC(CCC(O)O)C(O)O,X,X,X,X,3,3,0,0,0,0,S,S,O,O,N,N,46.47776605,0.14394586
1861,QIJYOA,Cc1cc(C)c(C(O)O)c(C)c1,OCc1ccccn1,Cc1cc(C)c(C(O)O)c(C)c1,OCc1ccccn1,X,X,1,2,1,2,0,0,N,O,O,N,O,O,58.865947,0.241961
1862,2224092,Cc1cccc(-c2cccc(CN(Cc3ccccc3)CC(O)O)n2)n1,CC(O)O,X,X,X,X,4,2,0,0,0,0,N,N,O,N,O,O,-80.122169,0.253469
1863,QIRBAY,Cc1cccc(-c2cccc(CN(Cc3ccccc3)Cc3ccccn3)n2)n1,CC(O)O,X,X,X,X,4,2,0,0,0,0,N,N,N,N,O,O,57.111544,0.188783
1864,2224094,OC(/C(O1)=C2C=CCC=C\2)=C(O)C3=C1C=CC=C3,Cc1cccc(-c2cccc(CN(Cc3ccccc3)Cc3ccccn3)n2)n1,X,X,X,X,2,4,0,0,0,0,O,O,N,N,N,N,-76.151888,0.244717
1865,QISBIG,OCc1c(O)c(Br)cc(Cl)c1,OCc1c(O)c(Br)cc(Cl)c1,O,O,X,X,2,2,1,1,0,0,O,O,O,O,O,O,-103.003673,0.288535
1866,894754,BrC1=CC=C(C2=NC3=C(C4=CC=CNC4=C5C3=CC=CN5)N2)C=C1,BrC1=CC=C(C2=NC3=C(C4=CC=CNC4=C5C3=CC=CN5)N2)C=C1,Cl,Cl,X,X,2,2,1,1,0,0,Cl,N,N,Cl,N,N,110.568638,0.220976
1867,QITVIB,O=C(O)C1=C2C(C=CC=C2)=NN1,c1ccc(-c2ccccn2)nc1,c1ccc(-c2ccccn2)nc1,X,X,X,2,2,2,0,0,0,N,N,N,N,N,O,45.15826887,0.136475772
1869,QIVQIX,Oc1ccccc1CNc1nc2ccccc2[nH]1,CO,Oc1ccccc1CNc1nc2ccccc2[nH]1,CO,X,X,2,1,2,1,0,0,N,O,O,N,O,O,69.717812,0.300357
1870,153026,NN1C(C(F)(F)F)=NNC1S,NN1C(C(F)(F)F)=NNC1S,O,O,X,X,2,2,1,1,0,0,S,O,N,S,O,N,-20.333336,0.330859
1871,QIZJIU,c1ccc(C(n2cccn2)n2cccn2)nc1,c1ccc(C(n2cccn2)n2cccn2)nc1,X,X,X,X,3,3,0,0,0,0,N,N,N,N,N,N,-98.525141,0.177452
1872,941312,c1ccc(C(n2cccn2)n2cccn2)nc1,c1ccc(C(n2cccn2)n2cccn2)nc1,X,X,X,X,3,3,0,0,0,0,N,N,N,N,N,N,-102.703853,0.166958
1873,QOBKUO,OC(O)c1nc(C(O)O)c(C(O)O)nc1C(O)O,O,c1ccc(-c2ccccn2)nc1,X,X,X,3,1,2,0,0,0,O,O,O,N,N,N,43.1524,0.239321
1874,698036,Nc1ccc(S(N)(O)O)cc1,Nc1ccc(S(N)(O)O)cc1,CC(NO)C(C)NO,CC(NO)C(C)NO,X,X,1,1,2,2,0,0,N,N,N,N,N,N,20.79566103,0.15972744
1875,QOFJAW,Cl,CC1(C)N=C(c2ccccn2)N(O)C1(C)C,Cl,CC1(C)N=C(c2ccccn2)N(O)C1(C)C,X,X,1,2,1,2,0,0,Cl,N,N,Cl,N,N,68.859317,0.050971
1876,995247,OC(C1=CN(CC)C2C(C=C(F)C(N3CCNCC3)=C2)=C1O)=O,OC(C1=CN(CC)C2C(C=C(F)C(N3CCNCC3)=C2)=C1O)=O,c1ccc(-c2ccccn2)nc1,X,X,X,2,2,2,0,0,0,N,N,O,O,O,O,-9.404396,0.30101
1877,QOLGOO,Cl,c1cnc2c(c1)ccc1cccnc12,O,O,O,X,1,2,1,1,1,0,Cl,N,N,O,O,O,87.925139,0.195838
1878,1019916,OCC(O)O,OCC(O)O,c1ccc(-c2ccccn2)nc1,X,X,X,2,2,2,0,0,0,O,O,O,O,N,N,57.08632,0.138842
1879,QOQYEB,OC(O)c1cc(S(O)(O)O)c2cc(C(O)O)ccc2c1,O,O,OC(O)c1cc(S(O)(O)O)c2cc(C(O)O)ccc2c1,O,O,1,1,1,1,1,1,O,O,O,O,O,O,5.308741885,0.10470737
1880,154000,Cc1ccc(S(O)(O)Nc2ccccc2NCc2ccccn2)cc1,Cc1ccc(S(O)(O)Nc2ccccc2NCc2ccccn2)cc1,X,X,X,X,3,3,0,0,0,0,N,N,N,N,N,N,58.763121,0.10854
1881,QOTJIT,C1(C2=N/C(N=N2)=C3C=CNC=C\3)C=CN=CC1,C1(C2=N/C(N=N2)=C3C=CNC=C\3)C=CN=CC1,O,O,O,O,1,1,1,1,1,1,N,O,O,N,O,O,-70.562648,0.213607
1882,731136,Cc1nc(C(O)O)c(C(O)O)[nH]1,O,Cc1nc(C(O)O)c(C(O)O)[nH]1,O,X,X,2,1,2,1,0,0,O,O,N,O,O,N,57.786843,0.20818
1883,QOTTID,OC(O)c1cc(C(O)O)[nH]n1,NCCN,NCCN,X,X,X,2,2,2,0,0,0,O,N,N,N,N,N,97.616529,0.160476
1884,735202,OC(O)CNS(O)(O)c1ccccc1N(O)O,OC(O)CNS(O)(O)c1ccccc1N(O)O,O,O,O,O,1,1,1,1,1,1,O,O,O,O,O,O,125.037646,0.088062
1885,QOXTIH,Oc1ccccc1CNc1cccnc1,NCS,CO,Oc1ccccc1CNc1cccnc1,NCS,CO,1,1,1,1,1,1,N,N,O,N,N,O,-96.292767,0.298352
1886,702774,Oc1ccccc1CNc1cccnc1,NC[SeH],CO,Oc1ccccc1CNc1cccnc1,NC[SeH],CO,1,1,1,1,1,1,N,N,O,N,N,O,35.48026996,0.124971753
1887,QOYMAU,O,OC(O)c1cc[nH]n1,O,OC(O)c1cc[nH]n1,X,X,1,2,1,2,0,0,O,N,O,O,N,O,66.751651,0.257774
1891,135039,Sc1cccc2cccnc12,CCOCC,O,Sc1cccc2cccnc12,X,X,2,1,1,2,0,0,S,O,O,N,S,N,57.931558,0.095024
1892,QUHXOJ,OC(O)c1cc2ccccc2o1,OC(O)c1cc2ccccc2o1,O,O,O,O,1,1,1,1,1,1,O,O,O,O,O,O,78.548773,0.305058
1893,702828,NCc1ccc(-n2ccnc2)cc1,NCc1ccc(-n2ccnc2)cc1,NCc1ccc(-n2ccnc2)cc1,NCc1ccc(-n2ccnc2)cc1,NCc1ccc(-n2ccnc2)cc1,NCc1ccc(-n2ccnc2)cc1,1,1,1,1,1,1,N,N,N,N,N,N,110.437481,0.000427
1895,1015801,Nc1nc(S)nn1CC(O)O,CC(O)O,O,O,O,X,2,1,1,1,1,0,N,O,O,O,O,O,-109.010632,0.244865
1896,QUMXED,Nc1nc(S)n[nH]1,CC(O)O,O,Nc1nc(S)n[nH]1,CC(O)O,O,1,1,1,1,1,1,N,O,O,N,O,O,59.363838,0.277538
1897,1935963,Oc1c(Cl)c(O)c2ncccc2c1O,CO,Oc1c(Cl)c(O)c2ncccc2c1O,CO,X,X,2,1,2,1,0,0,O,O,N,O,O,N,-14.997544,0.287332
1898,QUNDUB,Cc1ccc2c(O)c(O)c(Cl)c(O)c2n1,CO,Cc1ccc2c(O)c(O)c(Cl)c(O)c2n1,CO,X,X,2,1,2,1,0,0,O,O,N,O,O,N,13.116089,0.305035
1899,786480,OCCN(CCO)CC(O)O,OCCN(CCO)CC(O)O,X,X,X,X,3,3,0,0,0,0,O,O,N,O,O,N,-61.856546,0.252793
1900,QUZCEV,OC(O)c1ccc(COc2cc(C(O)O)cc(C(O)O)c2)cc1,OC(O)c1ccc(COc2cc(C(O)O)cc(C(O)O)c2)cc1,c1cnc2c(c1)ccc1cccnc12,c1cnc2c(c1)ccc1cccnc12,X,X,1,1,2,2,0,0,O,O,N,N,N,N,-14.50544,0.075736
1902,RAFBUZ,COc1ccc2c(c1)c(CC(O)O)c(C)n2C(O)c1ccc(Cl)cc1,O,O,COc1ccc2c(c1)c(CC(O)O)c(C)n2C(O)c1ccc(Cl)cc1,O,O,1,1,1,1,1,1,O,O,O,O,O,O,-95.855459,0.268786
1903,2031232,OC(O)c1cc(N(O)O)cc(N(O)O)c1,NCCO,OC(O)c1cc(N(O)O)cc(N(O)O)c1,NCCO,X,X,1,2,1,2,0,0,O,O,N,O,O,N,81.334798,0.256584
1904,RALTAD,CSc1ccccc1CNc1ccccc1SC,CSc1ccccc1CNc1ccccc1SC,X,X,X,X,3,3,0,0,0,0,S,N,S,S,N,S,-60.974013,0.040246
1905,247517,O,Cc1[nH]cnc1CO,O,Cc1[nH]cnc1CO,X,X,1,2,1,2,0,0,O,N,O,O,N,O,49.112417,0.117304
1906,RAMFIV,O,Oc1cccnc1C(O)O,O,Oc1cccnc1C(O)O,X,X,1,2,1,2,0,0,O,O,N,O,O,N,51.146957,0.323062
1908,RAQNOO,O[PH](Nc1ccccn1)(c1ccccc1)c1ccccc1,O,O[PH](Nc1ccccn1)(c1ccccc1)c1ccccc1,O,X,X,2,1,2,1,0,0,N,O,O,N,O,O,-82.383328,0.331864
1909,280559,O,O,ON(O)O,ON(O)O,c1cncc(CCc2ccc(CCc3cccnc3)cc2)c1,c1cncc(CCc2ccc(CCc3cccnc3)cc2)c1,1,1,1,1,1,1,O,O,O,O,N,N,96.806943,0.192804
1910,RARCIX,OC(CC(O)c1ccccc1)c1ccccc1,COc1cc(-c2cccnc2)nc(N)n1,OC(CC(O)c1ccccc1)c1ccccc1,COc1cc(-c2cccnc2)nc(N)n1,X,X,2,1,2,1,0,0,O,O,N,O,O,N,113.678418,0.095224
1911,280568,COc1cncc(CCc2cc(C)nc(N)n2)c1,OC(CC(O)c1ccccc1)c1ccccc1,COc1cncc(CCc2cc(C)nc(N)n2)c1,OC(CC(O)c1ccccc1)c1ccccc1,X,X,1,2,1,2,0,0,N,O,O,N,O,O,98.951849,0.137793
1912,RASNOQ,OC(O)c1nn(-c2ccccc2)c(Cl)c1C(O)O,O,OC(O)c1nn(-c2ccccc2)c(Cl)c1C(O)O,O,X,X,2,1,2,1,0,0,N,O,O,N,O,O,-25.90482554,0.18905398
1913,845843,OC(O)c1nn(-c2ccccc2)c(Cl)c1C(O)O,c1ccc(-c2ccccn2)nc1,OC(O)c1nn(-c2ccccc2)c(Cl)c1C(O)O,X,X,X,2,2,2,0,0,0,N,N,O,N,N,O,96.934833,0.196408
1914,RASPAE,OC(O)c1nn(-c2ccccc2)c(Cl)c1C(O)O,c1cnc2c(c1)ccc1cccnc12,OC(O)c1nn(-c2ccccc2)c(Cl)c1C(O)O,X,X,X,2,2,2,0,0,0,N,N,O,N,N,O,100.412209,0.214708
1915,2122515,Cl,c1cnc2c(c1)ccc1cccnc12,c1cnc2c(c1)ccc1cccnc12,CN(C)CO,X,X,1,2,2,1,0,0,Cl,N,N,N,N,O,15.986953,0.303886
1916,RAXXUM,O,[nH]1[nH][nH][nH][nH]1,O,[nH]1[nH][nH][nH][nH]1,O,O,1,1,1,1,1,1,O,N,O,N,O,O,87.591342,0.164428
1917,2077973,NC1C(C(O)=O)=NON1,O,NC1C(C(O)=O)=NON1,O,O,O,1,1,1,1,1,1,O,N,O,N,O,O,-4.904065,0.198065
1918,RELKUS,OC(O)c1cc(-c2ccncc2)[nH]n1,O,OC(O)c1cc(-c2ccncc2)[nH]n1,O,X,X,2,1,2,1,0,0,N,O,O,N,O,O,91.419799,0.050335
1919,750074,OC(O)CN(CCc1ccccc1)CC(O)O,O,O,O,X,X,3,1,1,1,0,0,N,O,O,O,O,O,84.698461,0.115729
1920,REPROX,COc1ccc(CCN(CC(O)O)CC(O)O)cc1,O,O,O,X,X,3,1,1,1,0,0,N,O,O,O,O,O,90.574874,0.105314
1921,295058,Cc1ccc(S(O)(O)Nc2cccc(C)n2)cc1,Cc1ccc(S(O)(O)Nc2cccc(C)n2)cc1,c1ccc(-c2ccccn2)nc1,X,X,X,2,2,2,0,0,0,N,N,N,N,N,N,75.39713,0.221579
1922,REPSOV,Cc1cc(C)c(S(O)(O)Nc2cccc(C)n2)c(C)c1,Cc1cc(C)c(S(O)(O)Nc2cccc(C)n2)c(C)c1,c1cnc2c(c1)ccc1cccnc12,X,X,X,2,2,2,0,0,0,N,N,N,N,N,N,96.490486,0.067624
1923,285567,OC(CC(O)c1ccccc1)c1ccccc1,c1cnc2c(c1)ccc1cccnc12,OC(CC(O)c1ccccc1)c1ccccc1,X,X,X,2,2,2,0,0,0,O,O,N,N,O,O,68.180784,0.297694
1924,RERZOF,Oc1cc(O)c2ccccc2c1O,c1ccc(-c2ccccn2)nc1,Oc1cc(O)c2ccccc2c1O,X,X,X,2,2,2,0,0,0,O,O,N,N,O,O,61.57544,0.09231
1925,912674,Oc1cc(O)c2ccccc2c1O,Oc1cc(O)c2ccccc2c1O,c1ccc(-c2ccccn2)nc1,X,X,X,2,2,2,0,0,0,O,O,O,O,N,N,-104.449656,0.226769
1926,RESMIP,OC(O)c1cccnc1Nc1cccc(C(F)(F)F)c1,OC(O)c1cccnc1Nc1cccc(C(F)(F)F)c1,CO,Cc1ccc2ccc3ccc(C)nc3c2n1,X,X,2,1,1,2,0,0,O,O,O,O,N,N,44.853059,0.179524
1927,2162408,Cl,OC(O)c1cccnc1Nc1cccc(C(F)(F)F)c1,CO,Cc1ccc2ccc3ccc(C)nc3c2n1,X,X,1,2,1,2,0,0,Cl,O,O,O,N,N,42.444569,0.111169
1928,RETFOM,OC(O)CNCCNCC(O)O,O,O,X,X,X,4,1,1,0,0,0,O,O,O,O,N,N,-95.265033,0.237285
1929,1811761,OC(NNC1CCC1)OCC2=CC=CC=C2,OC(NNC1CCC1)OCC2=CC=CC=C2,NCS,NCS,X,X,2,2,1,1,0,0,O,N,N,O,N,N,-62.320365,0.279286
1930,RETNOW,OC(NNC1CCCC1)OCC2=CC=CC=C2,OC(NNC1CCCC1)OCC2=CC=CC=C2,NCS,NCS,X,X,2,1,2,1,0,0,O,N,N,O,N,N,-67.066742,0.276984
1931,164618,c1cc(CCc2ccncc2)ccn1,CO,O,c1cc(CCc2ccncc2)ccn1,CO,O,1,1,1,1,1,1,N,O,O,N,O,O,4.212323,0.264426
1932,REWHUZ,NCO,NCO,COc1ccncc1,COc1ccncc1,COc1ccncc1,COc1ccncc1,1,1,1,1,1,1,N,N,N,N,N,N,-125.005621,0.29295
1933,1544626,CC(NO)C(C)NNC(O)Cc1ccccc1,CC(NO)C(C)NNC(O)Cc1ccccc1,X,X,X,X,3,3,0,0,0,0,O,N,N,O,N,N,46.160738,0.028623
1934,RIBBIP,c1ccc(-c2ccc(-c3ccc(-c4ccc(-c5cc(-c6ccccn6)nc(-c6ccccn6)c5)cc4)cc3)cc2)cc1,c1ccc(-c2ccc(-c3ccc(-c4ccc(-c5cc(-c6ccccn6)nc(-c6ccccn6)c5)cc4)cc3)cc2)cc1,X,X,X,X,3,3,0,0,0,0,N,N,N,N,N,N,45.3837127,0.084141822
1935,1249386,Oc1ccccc1C(n1cccn1)n1cccn1,Oc1ccccc1C(n1cccn1)n1cccn1,X,X,X,X,3,3,0,0,0,0,N,N,O,N,N,O,-81.762851,0.143512
1936,RIBPEX,Cc1cc(C)n(C(c2ccccc2O)n2nc(C)cc2C)n1,Cc1cc(C)n(C(c2ccccc2O)n2nc(C)cc2C)n1,X,X,X,X,3,3,0,0,0,0,N,N,O,N,N,O,-70.515567,0.204138
1937,RIDWUW,P(C1NC=CC=C1)(C2C=CC=CN2)C3C=CC=CN3,P(C1NC=CC=C1)(C2C=CC=CN2)C3C=CC=CN3,X,X,X,X,3,3,0,0,0,0,N,N,N,N,N,N,102.924483,0.302419
1938,654760,CC(c1cccc(C(O)c2ccccc2)c1)C(O)O,O,O,CC(c1cccc(C(O)c2ccccc2)c1)C(O)O,O,O,1,1,1,1,1,1,O,O,O,O,O,O,-94.197542,0.24939
1939,RIGSUW,[Se]=C.N(CCN/C=C1N=CCN/1)(CCN/C=C2NCC=N/2)CCN/C=C3NCC=N\3,X,X,X,X,X,6,0,0,0,0,0,N,N,N,N,N,N,27.10798453,0.103353985
1940,998325,Nc1ccc(-c2cc(-c3ccccn3)nc(-c3ccccn3)c2)cc1,Nc1ccc(-c2cc(-c3ccccn3)nc(-c3ccccn3)c2)cc1,X,X,X,X,3,3,0,0,0,0,N,N,N,N,N,N,30.49708761,0.07257011
1941,RIHLUS,c1ccc(-c2cc(-c3ccco3)cc(-c3ccccn3)n2)nc1,c1ccc(-c2cc(-c3ccco3)cc(-c3ccccn3)n2)nc1,X,X,X,X,3,3,0,0,0,0,N,N,N,N,N,N,82.347358,0.070333
1942,999758,COc1ccc(-c2cc(-c3ccccn3)nc(-c3ccccn3)c2)cc1,COc1ccc(-c2cc(-c3ccccn3)nc(-c3ccccn3)c2)cc1,X,X,X,X,3,3,0,0,0,0,N,N,N,N,N,N,-34.983768,0.139067
1943,RIHZUG,Brc1cc(c2ccncc2)cc(Br)c1,Brc1cc(c2ccncc2)cc(Br)c1,Brc1cc(c2ccncc2)cc(Br)c1,Brc1cc(c2ccncc2)cc(Br)c1,NCS,NCS,1,1,1,1,1,1,N,N,N,N,N,N,122.695872,0.270649
1944,1552573,O,O,Cc1ccnc(-c2cc(C)cc(C(C)Nc3c(C(C)C)cccc3C(C)C)n2)c1,CCN,X,X,1,1,3,1,0,0,O,O,N,N,N,N,-7.072264,0.211203
1945,RISMAI,OC(C(NC(N1)=O)=CC1=O)=O,c1cnc2c(c1)c1nccnc1c1cccnc12,c1cnc2c(c1)c1nccnc1c1cccnc12,X,X,X,2,2,2,0,0,0,O,N,N,N,N,N,85.306841,0.055934
1946,700326,OC(O)c1cc(C(O)O)cc(S(O)(O)O)c1,c1cnc2c(c1)ccc1cccnc12,O,O,O,X,1,2,1,1,1,0,N,N,O,O,O,O,-75.805673,0.318483
1946,700326,OC(O)c1cc(C(O)O)cc(S(O)(O)O)c1,c1cnc2c(c1)ccc1cccnc12,O,O,O,,1,2,1,1,1,,N,N,O,O,O,O,-75.805673,0.318483
1947,ROHRIR,Nc1ccc(S(O)(O)Nc2ncccn2)cc1,Nc1ccc(S(O)(O)Nc2ncccn2)cc1,c1ccc(-c2ccccn2)nc1,X,X,X,2,2,2,0,0,0,N,N,N,N,N,N,-90.948068,0.082584
1947,ROHRIR,Nc1ccc(S(O)(O)Nc2ncccn2)cc1,Nc1ccc(S(O)(O)Nc2ncccn2)cc1,c1ccc(-c2ccccn2)nc1,,,,2,2,2,,,,N,N,N,N,N,N,-90.948068,0.082584
1948,722804,C1(/C=CC=CN1)=C2NNN=N\2,C1(/C=CC=CN1)=C2NNN=N\2,O,O,X,X,2,2,1,1,0,0,N,N,O,N,N,O,66.051692,0.113304
1948,722804,C1(/C=CC=CN1)=C2NNN=N\2,C1(/C=CC=CN1)=C2NNN=N\2,O,O,,,2,2,1,1,,,N,N,O,N,N,O,66.051692,0.113304
1949,RONBIG,OC(O)c1ccccn1,OC(O)c1ccccn1,O,O,X,X,2,2,1,1,0,0,O,O,O,O,N,N,81.996108,0.162572
1949,RONBIG,OC(O)c1ccccn1,OC(O)c1ccccn1,O,O,,,2,2,1,1,,,O,O,O,O,N,N,81.996108,0.162572
1950,1015898,NCS,c1ccc(CCCc2ccncc2)cc1,c1ccc(CCCc2ccncc2)cc1,NCS,c1ccc(CCCc2ccncc2)cc1,c1ccc(CCCc2ccncc2)cc1,1,1,1,1,1,1,N,N,N,N,N,N,107.127116,0.201368
1950,1015898,NCS,c1ccc(CCCc2ccncc2)cc1,c1ccc(CCCc2ccncc2)cc1,NCS,c1ccc(CCCc2ccncc2)cc1,c1ccc(CCCc2ccncc2)cc1,1,1,1,1,1,1,N,N,N,N,N,N,107.127116,0.201368
1953,ROYSUW,OC(O)c1nc(-c2cccc(F)c2)[nH]c1C(O)O,O,OC(O)c1nc(-c2cccc(F)c2)[nH]c1C(O)O,O,X,X,2,1,2,1,0,0,N,O,O,N,O,O,2.28030044,0.171285317
1953,ROYSUW,OC(O)c1nc(-c2cccc(F)c2)[nH]c1C(O)O,O,OC(O)c1nc(-c2cccc(F)c2)[nH]c1C(O)O,O,,,2,1,2,1,,,N,O,O,N,O,O,2.28030044,0.171285317
1954,1874410,NCS,NCS,COc1cccc2cccnc12,COc1cccc2cccnc12,X,X,1,1,2,2,0,0,O,O,N,N,N,N,62.8023,0.304421
1954,1874410,NCS,NCS,COc1cccc2cccnc12,COc1cccc2cccnc12,,,1,1,2,2,,,O,O,N,N,N,N,62.8023,0.304421
1955,RUBLEG,NC(N)O,NC(N)O,NC(N)O,NC(N)O,NC(N)O,NC(N)O,1,1,1,1,1,1,O,O,O,O,O,O,99.600979,0.034975
1955,RUBLEG,NC(N)O,NC(N)O,NC(N)O,NC(N)O,NC(N)O,NC(N)O,1,1,1,1,1,1,O,O,O,O,O,O,99.600979,0.034975
1956,727005,c1ccc(C(c2ccccn2)(c2ccccn2)c2ccccn2)nc1,c1ccc(C(c2ccccn2)(c2ccccn2)c2ccccn2)nc1,X,X,X,X,3,3,0,0,0,0,N,N,N,N,N,N,-110.243727,0.168648
1956,727005,c1ccc(C(c2ccccn2)(c2ccccn2)c2ccccn2)nc1,c1ccc(C(c2ccccn2)(c2ccccn2)c2ccccn2)nc1,,,,,3,3,,,,,N,N,N,N,N,N,-110.243727,0.168648
1957,RUCMUY,CC(C)(O)c1cccc(C(C)(C)O)n1,CC(C)(O)c1cccc(C(C)(C)O)n1,X,X,X,X,3,3,0,0,0,0,N,O,O,N,O,O,-96.842712,0.294688
1957,RUCMUY,CC(C)(O)c1cccc(C(C)(C)O)n1,CC(C)(O)c1cccc(C(C)(C)O)n1,,,,,3,3,,,,,N,O,O,N,O,O,-96.842712,0.294688
1958,1252164,OC(O)c1cccn1Cn1cccc1C(O)O,O,O,X,X,X,4,1,1,0,0,0,O,O,O,O,N,N,-68.500414,0.320852
1958,1252164,OC(O)c1cccn1Cn1cccc1C(O)O,O,O,,,,4,1,1,,,,O,O,O,O,N,N,-68.500414,0.320852
1959,RUFBEC,CC(O)CC(C)O,Nc1ncnc2c1ncn2CCO,CC(O)CC(C)O,Nc1ncnc2c1ncn2CCO,X,X,2,1,2,1,0,0,O,O,N,O,O,N,81.020222,0.086924
1959,RUFBEC,CC(O)CC(C)O,Nc1ncnc2c1ncn2CCO,CC(O)CC(C)O,Nc1ncnc2c1ncn2CCO,,,2,1,2,1,,,O,O,N,O,O,N,81.020222,0.086924
1960,1842892,COc1cccc(CNC(Cc2ccc(Cl)cc2)C(O)O)c1OCCOc1c(CNC(Cc2ccc(Cl)cc2)C(O)O)cccc1OC,X,X,X,X,X,6,0,0,0,0,0,O,O,N,O,O,N,42.091666,0.273958
1960,1842892,COc1cccc(CNC(Cc2ccc(Cl)cc2)C(O)O)c1OCCOc1c(CNC(Cc2ccc(Cl)cc2)C(O)O)cccc1OC,,,,,,6,,,,,,O,O,N,O,O,N,42.091666,0.273958
1961,RUGXEX,Cl,Cl,Oc1c(Cl)cc(Cl)cc1CNNC(O)c1ccncc1,Oc1c(Cl)cc(Cl)cc1CNNC(O)c1ccncc1,c1cnc2c(c1)ccc1cccnc12,X,1,1,1,1,2,0,Cl,Cl,N,N,N,N,116.903307,0.035073
1961,RUGXEX,Cl,Cl,Oc1c(Cl)cc(Cl)cc1CNNC(O)c1ccncc1,Oc1c(Cl)cc(Cl)cc1CNNC(O)c1ccncc1,c1cnc2c(c1)ccc1cccnc12,,1,1,1,1,2,,Cl,Cl,N,N,N,N,116.903307,0.035073
1962,674133,CCCCCCCCOc1cc(-c2ccccn2)nc(-c2ccccn2)c1,CCCCCCCCOc1cc(-c2ccccn2)nc(-c2ccccn2)c1,X,X,X,X,3,3,0,0,0,0,N,N,N,N,N,N,45.09075594,0.070814012
1962,674133,CCCCCCCCOc1cc(-c2ccccn2)nc(-c2ccccn2)c1,CCCCCCCCOc1cc(-c2ccccn2)nc(-c2ccccn2)c1,,,,,3,3,,,,,N,N,N,N,N,N,45.09075594,0.070814012
1963,RUJSIY,C1=CN=CC=CN=CC=CN=CC=CN=C1,X,[O-]Cl(=O)=O,[O-]Cl(=O)=O,X,X,4,1,1,0,0,0,N,N,N,N,O,O,129.284392,0.013985
1963,RUJSIY,C1=CN=CC=CN=CC=CN=CC=CN=C1,,[O-]Cl(=O)=O,[O-]Cl(=O)=O,,,4,1,1,,,,N,N,N,N,O,O,129.284392,0.013985
1964,723045,O,O,c1nc(-n2cnnc2)n[nH]1,O,O,c1nc(-n2cnnc2)n[nH]1,1,1,1,1,1,1,O,O,N,O,O,N,75.991682,0.051475
1964,723045,O,O,c1nc(-n2cnnc2)n[nH]1,O,O,c1nc(-n2cnnc2)n[nH]1,1,1,1,1,1,1,O,O,N,O,O,N,75.991682,0.051475
1965,RULJIU,c1ccc(CN(Cc2ccccn2)Cc2cccc(CN(Cc3ccccn3)Cc3ccccn3)n2)nc1,X,X,X,X,X,6,0,0,0,0,0,N,N,N,N,N,N,-13.452072,0.285743
1965,RULJIU,c1ccc(CN(Cc2ccccn2)Cc2cccc(CN(Cc3ccccn3)Cc3ccccn3)n2)nc1,,,,,,6,,,,,,N,N,N,N,N,N,-13.452072,0.285743
1967,1970564,Cl,Cl,c1ccc(Nc2cccc(-c3cccc(Nc4ccccn4)n3)n2)nc1,X,X,X,1,1,4,0,0,0,Cl,Cl,N,N,N,N,-86.707588,0.231619
1967,1970564,Cl,Cl,c1ccc(Nc2cccc(-c3cccc(Nc4ccccn4)n3)n2)nc1,,,,1,1,4,,,,Cl,Cl,N,N,N,N,-86.707588,0.231619
1968,RUPVEE,O,NCc1ccccc1N,O,O,NCc1ccccc1N,O,1,1,1,1,1,1,O,O,N,O,O,N,65.595432,0.173711
1968,RUPVEE,O,NCc1ccccc1N,O,O,NCc1ccccc1N,O,1,1,1,1,1,1,O,O,N,O,O,N,65.595432,0.173711
1969,769852,OS(O)(O)O,c1cnc2c(c1)ccc1cccnc12,c1cnc2c(c1)ccc1cccnc12,X,X,X,2,2,2,0,0,0,O,N,N,O,N,N,106.079567,0.300368
1969,769852,OS(O)(O)O,c1cnc2c(c1)ccc1cccnc12,c1cnc2c(c1)ccc1cccnc12,,,,2,2,2,,,,O,N,N,O,N,N,106.079567,0.300368
1970,RUTMAX,COc1ccc(NCc2cccc(CNc3ccc(OC)cc3)n2)cc1,COc1ccc(NCc2cccc(CNc3ccc(OC)cc3)n2)cc1,X,X,X,X,3,3,0,0,0,0,N,N,N,N,N,N,44.18861656,0.13427893
1970,RUTMAX,COc1ccc(NCc2cccc(CNc3ccc(OC)cc3)n2)cc1,COc1ccc(NCc2cccc(CNc3ccc(OC)cc3)n2)cc1,,,,,3,3,,,,,N,N,N,N,N,N,44.18861656,0.13427893
1971,1418416,COC(O)CCN(Cc1ccccn1)Cc1ccccn1,COC(O)CCN(Cc1ccccn1)Cc1ccccn1,X,X,X,X,3,3,0,0,0,0,N,N,N,N,N,N,-6.01847,0.308915
1971,1418416,COC(O)CCN(Cc1ccccn1)Cc1ccccn1,COC(O)CCN(Cc1ccccn1)Cc1ccccn1,,,,,3,3,,,,,N,N,N,N,N,N,-6.01847,0.308915
1972,RUXXOX,OC(CC(O)c1ccccc1)c1ccccc1,c1ccncc1,OC(CC(O)c1ccccc1)c1ccccc1,c1ccncc1,X,X,2,1,2,1,0,0,O,O,N,O,O,N,112.479084,0.255916
1972,RUXXOX,OC(CC(O)c1ccccc1)c1ccccc1,c1ccncc1,OC(CC(O)c1ccccc1)c1ccccc1,c1ccncc1,,,2,1,2,1,,,O,O,N,O,O,N,112.479084,0.255916
1973,186859,OC(CC(O)c1ccccc1)c1ccccc1,c1ccc(CCc2ccccn2)cc1,OC(CC(O)c1ccccc1)c1ccccc1,c1ccc(CCc2ccccn2)cc1,X,X,2,1,2,1,0,0,O,O,N,O,O,N,109.44425,0.060277
1973,186859,OC(CC(O)c1ccccc1)c1ccccc1,c1ccc(CCc2ccccn2)cc1,OC(CC(O)c1ccccc1)c1ccccc1,c1ccc(CCc2ccccn2)cc1,,,2,1,2,1,,,O,O,N,O,O,N,109.44425,0.060277
1974,SACNUH,Cl,c1ccc(-c2cn(Cc3ccccn3)nn2)cc1,Cl,c1ccc(-c2cn(Cc3ccccn3)nn2)cc1,X,X,1,2,1,2,0,0,Cl,N,N,Cl,N,N,-86.243055,0.294734
1974,SACNUH,Cl,c1ccc(-c2cn(Cc3ccccn3)nn2)cc1,Cl,c1ccc(-c2cn(Cc3ccccn3)nn2)cc1,,,1,2,1,2,,,Cl,N,N,Cl,N,N,-86.243055,0.294734
1975,1992273,CC1OC(/C(C(O)=C1)=C(C)/O)=O,CC(C)N,CC1OC(/C(C(O)=C1)=C(C)/O)=O,CC(C)N,X,X,2,1,2,1,0,0,O,O,N,O,O,N,105.938072,0.258238
1975,1992273,CC1OC(/C(C(O)=C1)=C(C)/O)=O,CC(C)N,CC1OC(/C(C(O)=C1)=C(C)/O)=O,CC(C)N,,,2,1,2,1,,,O,O,N,O,O,N,105.938072,0.258238
1976,SAFGAJ,Cc1cc(C(O)O)no1,O,Cc1cc(C(O)O)no1,O,X,X,2,1,2,1,0,0,O,N,O,O,N,O,83.048955,0.190033
1976,SAFGAJ,Cc1cc(C(O)O)no1,O,Cc1cc(C(O)O)no1,O,,,2,1,2,1,,,O,N,O,O,N,O,83.048955,0.190033
1977,861710,OC(O)c1cccc(-c2nc3ccccc3[nH]2)n1,OC(O)c1cccc(-c2nc3ccccc3[nH]2)n1,X,X,X,X,3,3,0,0,0,0,N,N,N,N,O,O,90.078826,0.079512
1977,861710,OC(O)c1cccc(-c2nc3ccccc3[nH]2)n1,OC(O)c1cccc(-c2nc3ccccc3[nH]2)n1,,,,,3,3,,,,,N,N,N,N,O,O,90.078826,0.079512
1978,SAGBEL,Cc1[nH]ncc1Br,Cc1[nH]ncc1Br,Cl,Cl,Cc1[nH]ncc1Br,Cc1[nH]ncc1Br,1,1,1,1,1,1,Cl,N,N,Cl,N,N,73.600944,0.171096
1978,SAGBEL,Cc1[nH]ncc1Br,Cc1[nH]ncc1Br,Cl,Cl,Cc1[nH]ncc1Br,Cc1[nH]ncc1Br,1,1,1,1,1,1,Cl,N,N,Cl,N,N,73.600944,0.171096
1980,248555,SNC(NS)c1ccccn1,OC(CC(O)C(F)(F)F)C(F)(F)F,OC(CC(O)C(F)(F)F)C(F)(F)F,X,X,X,2,2,2,0,0,0,N,N,O,O,O,O,216.886836,0.004667
1980,248555,SNC(NS)c1ccccn1,OC(CC(O)C(F)(F)F)C(F)(F)F,OC(CC(O)C(F)(F)F)C(F)(F)F,,,,2,2,2,,,,N,N,O,O,O,O,216.886836,0.004667
1982,1254441,Oc1ccccc1C(O)O,O,O,Oc1ccccc1C(O)O,O,O,1,1,1,1,1,1,O,O,O,O,O,O,88.429557,0.279026
1982,1254441,Oc1ccccc1C(O)O,O,O,Oc1ccccc1C(O)O,O,O,1,1,1,1,1,1,O,O,O,O,O,O,88.429557,0.279026
1983,SALKOG,c1ccc(NNc2ccccn2)nc1,NCS,c1ccc(NNc2ccccn2)nc1,NCS,X,X,2,1,2,1,0,0,N,N,N,N,N,N,-9.370659632,0.175511547
1983,SALKOG,c1ccc(NNc2ccccn2)nc1,NCS,c1ccc(NNc2ccccn2)nc1,NCS,,,2,1,2,1,,,N,N,N,N,N,N,-9.370659632,0.175511547
1984,2022194,CC(O)CN1CCNCCN(CC(O)C)CCNCC1,X,X,X,X,X,6,0,0,0,0,0,O,O,N,N,N,N,-33.178087,0.083197
1984,2022194,CC(O)CN1CCNCCN(CC(O)C)CCNCC1,,,,,,6,,,,,,O,O,N,N,N,N,-33.178087,0.083197
1985,SANDOE,OC(CC(O)C(F)(F)F)c1ccc2ccccc2c1,OC(CC(O)C(F)(F)F)c1ccc2ccccc2c1,Cc1cccc(-c2cccc(C)n2)n1,X,X,X,2,2,2,0,0,0,O,O,O,O,N,N,63.824911,0.215083
1985,SANDOE,OC(CC(O)C(F)(F)F)c1ccc2ccccc2c1,OC(CC(O)C(F)(F)F)c1ccc2ccccc2c1,Cc1cccc(-c2cccc(C)n2)n1,,,,2,2,2,,,,O,O,O,O,N,N,63.824911,0.215083
1986,SANNUR,NCS,OC(C(N(C)C)C(C)N1C)N1C2=CC=CC=C2,NCS,OC(C(N(C)C)C(C)N1C)N1C2=CC=CC=C2,X,X,1,2,1,2,0,0,O,N,N,O,N,N,91.201256,0.053119
1986,SANNUR,NCS,OC(C(N(C)C)C(C)N1C)N1C2=CC=CC=C2,NCS,OC(C(N(C)C)C(C)N1C)N1C2=CC=CC=C2,,,1,2,1,2,,,O,N,N,O,N,N,91.201256,0.053119
1987,1996031,Cl,CC(NO)C(C)NO,CC(NO)C(C)NO,c1ccc(Cn2ccnc2)cc1,X,X,1,2,2,1,0,0,Cl,N,N,N,N,N,12.21898295,0.099371332
1987,1996031,Cl,CC(NO)C(C)NO,CC(NO)C(C)NO,c1ccc(Cn2ccnc2)cc1,,,1,2,2,1,,,Cl,N,N,N,N,N,12.21898295,0.099371332
1988,SAPBUH,O=C([O])CC(C(N1)=O)C=C(F)C1=O,O=C([O])CC(C(N1)=O)C=C(F)C1=O,c1ccc2[nH]cnc2c1,c1ccc2[nH]cnc2c1,O,O,1,1,1,1,1,1,O,O,N,O,O,N,81.920081,0.143977
1988,SAPBUH,O=C([O])CC(C(N1)=O)C=C(F)C1=O,O=C([O])CC(C(N1)=O)C=C(F)C1=O,c1ccc2[nH]cnc2c1,c1ccc2[nH]cnc2c1,O,O,1,1,1,1,1,1,O,O,N,O,O,N,81.920081,0.143977
1989,1831822,NCS,C1COCCOCCNCCOCCOCCN1,NCS,X,X,X,1,4,1,0,0,0,O,N,N,O,N,N,-95.694405,0.298035
1989,1831822,NCS,C1COCCOCCNCCOCCOCCN1,NCS,,,,1,4,1,,,,O,N,N,O,N,N,-95.694405,0.298035
1990,SASJUS,CC(NO)C(C)NO,CC(NO)C(C)NO,O,CCCCC,X,X,2,2,1,1,0,0,N,O,N,C,N,N,5.27601859,0.157674232
1990,SASJUS,CC(NO)C(C)NO,CC(NO)C(C)NO,O,CCCCC,,,2,2,1,1,,,N,O,N,C,N,N,5.27601859,0.157674232
1991,239460,CC(NO)C(C)NO,CC(NO)C(C)NO,CCCCBr,O,X,X,2,2,1,1,0,0,C,N,N,N,N,O,-20.126107,0.251506
1991,239460,CC(NO)C(C)NO,CC(NO)C(C)NO,CCCCBr,O,,,2,2,1,1,,,C,N,N,N,N,O,-20.126107,0.251506
1992,SAVNIP,O,C(c1nnn[nH]1)c1nnn[nH]1,O,C(c1nnn[nH]1)c1nnn[nH]1,X,X,1,2,1,2,0,0,O,N,N,O,N,N,72.040483,0.138619
1992,SAVNIP,O,C(c1nnn[nH]1)c1nnn[nH]1,O,C(c1nnn[nH]1)c1nnn[nH]1,,,1,2,1,2,,,O,N,N,O,N,N,72.040483,0.138619
1993,2108001,c1ccc(-c2nnc(-c3ccccn3)s2)nc1,Cl,c1ccc(-c2nnc(-c3ccccn3)s2)nc1,Cl,X,X,2,1,2,1,0,0,Cl,N,N,Cl,N,N,36.770157,0.305277
1993,2108001,c1ccc(-c2nnc(-c3ccccn3)s2)nc1,Cl,c1ccc(-c2nnc(-c3ccccn3)s2)nc1,Cl,,,2,1,2,1,,,Cl,N,N,Cl,N,N,36.770157,0.305277
1994,SAWVIY,OC(O)c1cc(-c2ccc(N(O)O)cc2)cc(-c2ccccn2)n1,OC(O)c1cc(-c2ccc(N(O)O)cc2)cc(-c2ccccn2)n1,X,X,X,X,3,3,0,0,0,0,O,N,N,O,N,N,-26.516567,0.30735
1994,SAWVIY,OC(O)c1cc(-c2ccc(N(O)O)cc2)cc(-c2ccccn2)n1,OC(O)c1cc(-c2ccc(N(O)O)cc2)cc(-c2ccccn2)n1,,,,,3,3,,,,,O,N,N,O,N,N,-26.516567,0.30735
1995,SAXQEN,O,CC(NO)C(C)NO,CC(NO)C(C)NO,C1CCCC1,X,X,1,2,2,1,0,0,O,N,N,N,N,C,10.72693907,0.176438525
1995,SAXQEN,O,CC(NO)C(C)NO,CC(NO)C(C)NO,,,,1,2,2,1,,,O,N,N,N,N,C,10.72693907,0.176438525
1995,SAXQEN,O,CC(NO)C(C)NO,CC(NO)C(C)NO,C1CCCC1,X,X,1,2,2,1,0,0,O,N,N,N,N,C,10.72693907,0.176438525
1996,1020901,Cl,OCc1cccnc1,OCc1cccnc1,Cl,OCc1cccnc1,OCc1cccnc1,1,1,1,1,1,1,Cl,N,N,Cl,N,N,89.313186,0.020767
1996,1020901,Cl,OCc1cccnc1,OCc1cccnc1,Cl,OCc1cccnc1,OCc1cccnc1,1,1,1,1,1,1,Cl,N,N,Cl,N,N,89.313186,0.020767
1997,SAYVOG,Cl,OCc1cccnc1,OCc1cccnc1,Cl,OCc1cccnc1,OCc1cccnc1,1,1,1,1,1,1,Cl,N,N,Cl,N,N,97.441565,0.060141
1997,SAYVOG,Cl,OCc1cccnc1,OCc1cccnc1,Cl,OCc1cccnc1,OCc1cccnc1,1,1,1,1,1,1,Cl,N,N,Cl,N,N,97.441565,0.060141
1998,1255903,Cl,OP(C1=CC=CC=C1)(C2=CCC=CN2)C3=CC=CC=C3,OP(C1=CC=CC=C1)(C2=CCC=CN2)C3=CC=CC=C3,Cl,X,X,1,2,2,1,0,0,Cl,N,O,Cl,N,O,73.674323,0.240888
1998,1255903,Cl,OP(C1=CC=CC=C1)(C2=CCC=CN2)C3=CC=CC=C3,OP(C1=CC=CC=C1)(C2=CCC=CN2)C3=CC=CC=C3,Cl,,,1,2,2,1,,,Cl,N,O,Cl,N,O,73.674323,0.240888
1999,SEBXEF,CC(C)(C)C(O)(CCc1ccc(Cl)cc1)Cn1cncn1,CC(C)(C)C(O)(CCc1ccc(Cl)cc1)Cn1cncn1,Cl,CC(C)(C)C(O)(CCc1ccc(Cl)cc1)Cn1cncn1,CC(C)(C)C(O)(CCc1ccc(Cl)cc1)Cn1cncn1,Cl,1,1,1,1,1,1,Cl,N,N,Cl,N,N,113.846135,0.068672
1999,SEBXEF,CC(C)(C)C(O)(CCc1ccc(Cl)cc1)Cn1cncn1,CC(C)(C)C(O)(CCc1ccc(Cl)cc1)Cn1cncn1,Cl,CC(C)(C)C(O)(CCc1ccc(Cl)cc1)Cn1cncn1,CC(C)(C)C(O)(CCc1ccc(Cl)cc1)Cn1cncn1,Cl,1,1,1,1,1,1,Cl,N,N,Cl,N,N,113.846135,0.068672
2000,SEDTIG,c1ccc2[nH]c(-c3nc4ccccc4[nH]3)nc2c1,c1ccc2[nH]c(-c3nc4ccccc4[nH]3)nc2c1,c1ccc2[nH]c(-c3nc4ccccc4[nH]3)nc2c1,X,X,X,2,2,2,0,0,0,N,N,N,N,N,N,138.075471,0.065575
2001,2126296,Cl,OC(O)c1ccccn1,c1ccc(N(Cc2ccccn2)Cc2ccccn2)cc1,X,X,X,1,2,3,0,0,0,Cl,O,N,N,N,N,59.596334,0.130248
2002,SEFNEY,CN(C)C(S)S,N#CCCP(C1=CC=CC=C1)C2=CC=CC=C2,N#CCCP(C1=CC=CC=C1)C2=CC=CC=C2,CN(C)C(S)S,X,X,2,1,1,2,0,0,S,S,P,S,S,P,45.075024,0.304062
2003,1417486,Cc1cc(C)c(-n2cc(C(O)O)nn2)c(C)c1,O,Cc1cc(C)c(-n2cc(C(O)O)nn2)c(C)c1,O,X,X,2,1,2,1,0,0,N,O,O,N,O,O,59.61385,0.306404
2004,SEFQOK,Br,NCc1nc2c3cccnc3c3ncccc3c2nc1CN,Br,NCc1nc2c3cccnc3c3ncccc3c2nc1CN,X,X,1,2,1,2,0,0,Br,N,N,Br,N,N,94.173318,0.197225
2006,284789,OC(C1=CC(NC(N1)=O)=O)=O,OC(C1=CC(NC(N1)=O)=O)=O,O,O,O,O,1,1,1,1,1,1,O,O,O,O,O,O,-98.886716,0.254903
2007,SELSEK,Cc1cc(C(c2ccccc2)c2ccccc2)c(O[PH](O)(O)O)c(C(c2ccccc2)c2ccccc2)c1,CO,CO,Cc1cc(C(c2ccccc2)c2ccccc2)c(O[PH](O)(O)O)c(C(c2ccccc2)c2ccccc2)c1,CO,CO,1,1,1,1,1,1,O,O,O,O,O,O,83.814191,0.305364
2008,1580309,NCS,NCS,NC(S)c1ccncc1,NC(S)c1ccncc1,NC(S)c1ccncc1,NC(S)c1ccncc1,1,1,1,1,1,1,N,N,N,N,N,N,82.78099688,0.16715358
2009,SENDUL,Cn1ccnc1,CC(O)O,O,Cn1ccnc1,CC(O)O,O,1,1,1,1,1,1,N,O,O,N,O,O,83.232373,0.136532
2010,610478,Cl,Nc1ncccn1,Nc1ncccn1,Cl,Nc1ncccn1,Nc1ncccn1,1,1,1,1,1,1,Cl,N,N,Cl,N,N,136.669563,0.095108
2011,SERCUO,OC(O)c1cc(C(O)O)cc(N(O)O)c1,O,c1ccncc1,OC(O)c1cc(C(O)O)cc(N(O)O)c1,O,c1ccncc1,1,1,1,1,1,1,O,O,N,O,O,N,58.30757,0.15183405
2012,2152451,O,O,NCO,NCO,OC(O)c1ccc(N(O)O)cc1,OC(O)c1ccc(N(O)O)cc1,1,1,1,1,1,1,O,O,O,O,O,O,109.738198,0.173645
2013,SERDEC,O,CC(N)O,CC(N)O,OC(O)c1ccc(N(O)O)cc1,OC(O)c1ccc(N(O)O)cc1,X,1,1,1,1,2,0,O,O,O,O,O,O,112.670267,0.265164
2014,629452,CC1(C)C(C)(C)N(O)/C(N1O)=C2C=CNC=C\2,OC(O)c1cc(N(O)O)cc(N(O)O)c1,O,CC1(C)C(C)(C)N(O)/C(N1O)=C2C=CNC=C\2,OC(O)c1cc(N(O)O)cc(N(O)O)c1,O,1,1,1,1,1,1,N,O,O,N,O,O,-29.058003,0.124765
2015,SESYEX,Cn1c(CO)nc2ccccc21,CC(O)O,Cn1c(CO)nc2ccccc21,CC(O)O,X,X,2,1,2,1,0,0,O,O,N,O,O,N,66.83622,0.196121
2016,1443910,Cn1c(CO)nc2ccccc21,O,Cn1c(CO)nc2ccccc21,O,X,X,2,1,2,1,0,0,O,O,N,O,O,N,68.004763,0.320392
2017,SETCAW,OC(O)COc1ccccc1,OCCc1ccccn1,OC(O)COc1ccccc1,OCCc1ccccn1,X,X,1,2,1,2,0,0,N,O,O,N,O,O,-111.23214,0.269175
2018,923106,c1cnn(Cn2cccn2)c1,NCS,c1cnn(Cn2cccn2)c1,NCS,X,X,2,1,2,1,0,0,N,N,N,N,N,N,-109.360344,0.239566
2019,SETJIM,Cc1cc(C)n(Cn2nc(C)cc2C)n1,Cc1cc(C)n(Cn2nc(C)cc2C)n1,NCS,NCS,X,X,2,2,1,1,0,0,N,N,N,N,N,N,100.678204,0.290957
2020,SETQOX,OC(O)c1cc(Cl)cc(Cl)c1,O,O,O,O,OC(O)c1cc(Cl)cc(Cl)c1,1,1,1,1,1,1,O,O,O,O,O,O,103.028743,0.176061
2021,2206437,O,O,O,O,NC(O)c1ccncc1,NC(O)c1ccncc1,1,1,1,1,1,1,O,O,O,O,N,N,-92.545508,0.262859
2022,SEYTUM,OS(O)(O)c1nccc(-c2ccccn2)n1,OS(O)(O)c1nccc(-c2ccccn2)n1,X,X,X,X,3,3,0,0,0,0,N,N,N,N,O,O,56.629692,0.18819
2023,603741,OC(O)C(c1ccccc1)C(O)O,c1c[nH]cn1,c1c[nH]cn1,c1c[nH]cn1,c1c[nH]cn1,X,2,1,1,1,1,0,O,O,N,N,N,N,127.439905,0.093164
2024,SEZWID,FC(C(F)(F)F)C(F)(F)F,CC(NO)C(C)NO,CC(NO)C(C)NO,c1ccncc1,X,X,1,2,2,1,0,0,N,N,N,C,N,N,4.09500537,0.17071666
2025,SIBVEE,[O-]Cl(=O)(=O)=O,CC1CC(C)(C)NCCNC(C)CC(C)(C)NCCN1,[O-]Cl(=O)(=O)=O,X,X,X,1,4,1,0,0,0,O,O,O,O,O,O,102.191194,0.074658
2026,2233993,NC(O)Nc1ccccc1,NC(O)Nc1ccccc1,NC(O)Nc1ccccc1,NC(O)Nc1ccccc1,NC(O)Nc1ccccc1,NC(O)Nc1ccccc1,1,1,1,1,1,1,O,O,O,O,O,O,93.690811,0.029834
2027,SIDRAZ,Cc1[nH]cnc1CO,O,Cc1[nH]cnc1CO,O,X,X,2,1,2,1,0,0,O,O,N,O,O,N,57.746372,0.044602
2028,1589730,c1ccc(-c2cc(OCCOc3ccc4ccccc4c3)cc(-c3ccccn3)n2)nc1,c1ccc(-c2cc(OCCOc3ccc4ccccc4c3)cc(-c3ccccn3)n2)nc1,X,X,X,X,3,3,0,0,0,0,N,N,N,N,N,N,6.73803089,0.121461125
2029,SIMNUB,CCN1CCN(C2=C(F)CC3=C(O)C(C(O)=O)=CN(CC)C3=C2)CC1,O,CCN1CCN(C2=C(F)CC3=C(O)C(C(O)=O)=CN(CC)C3=C2)CC1,O,X,X,2,1,2,1,0,0,O,O,O,O,O,O,92.816959,0.214905
2030,649505,O,CCNC(S)n1ncc2ccccc21,O,CCNC(S)n1ncc2ccccc21,X,X,1,2,1,2,0,0,O,N,N,O,N,N,-8.295486138,0.171438715
2031,SINVER,OCc1ccc(OCC(O)O)cc1,O,O,OCc1ccc(OCC(O)O)cc1,O,O,1,1,1,1,1,1,O,O,O,O,O,O,88.52651,0.299622
2032,2241627,COc1cccc(CO)c1O,COc1cccc(CO)c1O,Nc1ncccn1,Nc1ncccn1,X,X,2,2,1,1,0,0,N,N,O,O,O,O,-128.874262,0.274711
2033,SIRZUR,CC(C)(C)c1cc(Nc2ccccc2CN2CCN(Cc3ccccc3Nc3cc(C(C)(C)C)cc(C(C)(C)C)c3O)CC2)c(O)c(C(C)(C)C)c1,X,X,X,X,X,6,0,0,0,0,0,O,N,N,O,N,N,-83.458763,0.198961
2034,907920,CC(NO)c1ccccc1NCc1cc(Cl)cc(Cl)c1O,CC(NO)c1ccccc1NCc1cc(Cl)cc(Cl)c1O,X,X,X,X,3,3,0,0,0,0,N,N,N,N,O,O,48.85862308,0.144211667
2035,SITGUY,OC(O)CCc1cccnc1,O,O,OC(O)CCc1cccnc1,O,O,1,1,1,1,1,1,N,O,O,N,O,O,31.42818303,0.14076046
2036,662564,c1cncc(CCc2ccncn2)c1,c1cncc(CCc2ccncn2)c1,O,O,O,O,1,1,1,1,1,1,N,N,O,O,O,O,83.627539,0.207936
2037,SOGLEI,OC(O)c1ccc(-c2ccc(C(O)O)nc2)c(C(O)O)c1,c1cnc2c(c1)ccc1cccnc12,O,O,X,X,2,2,1,1,0,0,N,N,N,O,O,O,90.612639,0.072195
2038,990599,OC(CC(O)C(F)(F)F)C(F)(F)F,OC(CC(O)C(F)(F)F)C(F)(F)F,C1(/SC=CS1)=C2SC=C(C3C=NNN3CC4=CC=CCN4)S/2,X,X,X,2,2,2,0,0,0,O,O,O,O,N,N,84.272231,0.25133
2040,695244,O,O,Nc1ncnc2nc[nH]c12,O,O,Nc1ncnc2nc[nH]c12,1,1,1,1,1,1,O,O,N,O,O,N,84.10125,0.157222
2041,SOPQET,c1ccc2c(c1)C1=NC2=NC2=NC(=NC3=NC(=NC4=NC(=N1)c1ccccc14)c1ccccc13)c1ccccc12,CN,CN,X,X,X,4,1,1,0,0,0,N,N,N,N,C,C,0.004713,0.01795
2042,609946,NCS,OC(Nc1ccccc1NC(O)c1cccnc1)c1cccnc1,CO,NCS,OC(Nc1ccccc1NC(O)c1cccnc1)c1cccnc1,CO,1,1,1,1,1,1,O,N,N,O,N,N,93.661548,0.287648
2043,SORJIT,CCNCCNCc1cc(Cl)ccc1O,CCNCCNCc1cc(Cl)ccc1O,X,X,X,X,3,3,0,0,0,0,O,O,N,N,N,N,45.002375,0.072948
2044,649380,C/C1=C(C)/NCCCN/C(C)=C(C)\NOC(F)(F)ON1,Cc1cc2ncn(C)c2cc1C,C,X,X,X,4,1,1,0,0,0,N,N,N,N,N,C,-22.594815,0.205166
2045,SOXYEJ,O,O,OCNC(O)c1cccnc1,O,O,OCNC(O)c1cccnc1,1,1,1,1,1,1,O,O,N,O,O,N,81.367826,0.252212
2046,1922371,Cl,CC(NCCc1ccccn1)c1cccc(C(C)NCCc2ccccn2)n1,X,X,X,X,1,5,0,0,0,0,Cl,N,N,N,N,N,-48.613713,0.262729
2047,SOYROQ,Cn1ccnc1CO,CC(O)O,Cn1ccnc1CO,CC(O)O,X,X,2,1,2,1,0,0,N,O,O,N,O,O,-32.547517,0.287824
2048,1945914,Nc1ccccn1,Nc1ccccn1,CCCC(O)O,CCCC(O)O,X,X,1,1,1,3,0,0,N,N,O,O,O,C,42.201134,0.207167
2049,SOYWOV,Nc1ccccn1,CC(C)C(O)O,CC(C)C(O)O,Nc1ccccn1,X,X,1,2,2,1,0,0,O,N,O,O,N,O,56.973399,0.065729
2050,1527650,COc1ccccc1N(Cc1ccccn1)Cc1ccccn1,Cl,Cl,X,X,X,4,1,1,0,0,0,N,N,N,O,Cl,Cl,97.278816,0.187657
2051,SUJQIY,NC(O)Cc1ccncc1,NC(O)Cc1ccncc1,O,NC(O)Cc1ccncc1,NC(O)Cc1ccncc1,O,1,1,1,1,1,1,N,N,O,N,N,O,109.284217,0.300728
2052,742057,OC(O)c1ccc(-c2cncnc2)cc1,O,O,OC(O)c1ccc(-c2cncnc2)cc1,O,O,1,1,1,1,1,1,N,O,O,N,O,O,-77.724963,0.263126
2053,SULHOX,Oc1ccccc1CNc1ccc(C(O)O)c(O)c1,CO,O,Oc1ccccc1CNc1ccc(C(O)O)c(O)c1,CO,O,1,1,1,1,1,1,O,O,O,O,O,O,103.18107,0.315093
2054,1015254,Cc1cc(C(O)O)n(C)n1,CO,CO,Cc1cc(C(O)O)n(C)n1,CO,CO,1,1,1,1,1,1,O,O,O,O,O,O,67.218293,0.098671
2055,SUYBIY,ON(O)O,Nc1ccccc1CO,ON(O)O,Nc1ccccc1CO,X,X,1,2,1,2,0,0,O,O,N,O,O,N,118.913603,0.268983
2056,151208,CC(C)(C)c1ccc(C(C)(C)C)c(O)c1O,CC(C)(C)c1ccc(C(C)(C)C)c(O)c1O,CNC1CCN(C)CC1,X,X,X,2,2,2,0,0,0,O,O,O,O,N,N,132.744473,0.005337
2057,SUZMOR,N=C=C(C1=CC=C/C(N1)=C2C=CC=C3N\2)C(N/4)=CC=CC4=C5NC(C3(CCCC)C#N)=CC=C\5,CO,Br,X,X,X,4,1,1,0,0,0,C,C,N,N,N,O,-14.99397681,0.142161528
2058,2011615,NCS,NCS,c1ccc(Cn2ccnc2)cc1,c1ccc(Cn2ccnc2)cc1,c1ccc(Cn2ccnc2)cc1,c1ccc(Cn2ccnc2)cc1,1,1,1,1,1,1,N,N,N,N,N,N,125.983499,0.101314
2059,SUZXIX,OC(O)c1cccc(C(O)O)n1,c1ccc(-c2ccccn2)nc1,O,X,X,X,3,2,1,0,0,0,N,O,O,N,N,O,71.755698,0.270833
2060,TABDUV,OC(O)c1cccc(C(O)O)n1,c1ccc(-c2ccccn2)nc1,O,X,X,X,3,2,1,0,0,0,N,O,O,N,N,O,-58.820296,0.293796
2061,2044308,CC(CC(O)C(C)(C)C)NCCN(C)C,CC(CC(O)C(C)(C)C)NCCN(C)C,X,X,X,X,3,3,0,0,0,0,N,N,N,N,O,O,-57.755824,0.207275
2062,TADKAO,CC(O)CC(C)NCCN(C)C,CC(O)CC(C)NCCN(C)C,X,X,X,X,3,3,0,0,0,0,N,N,N,N,O,O,65.10243,0.316762
2063,708675,COc1ccc(C(O)O)cc1,COc1ccc(C(O)O)cc1,O,c1cnc2c(c1)ccc1cccnc12,X,X,2,1,1,2,0,0,O,O,O,O,N,N,68.215646,0.1065
2064,TAGZUA,Br,Br,COC(O)C(C)NNC(N)O,O,X,X,1,1,3,1,0,0,Br,Br,O,O,O,O,73.20414,0.246808
2065,1920681,COC(O)C(C)NNC(N)S,COC(O)C(C)NNC(N)S,X,X,X,X,3,3,0,0,0,0,N,S,O,N,S,O,-4.852469,0.18919
2066,TAJCUG,Cc1ccc2c(Cl)cc(Cl)c(O)c2n1,Cc1ccc2c(Cl)cc(Cl)c(O)c2n1,c1cnc2c(c1)c1nccnc1c1cccnc12,X,X,X,2,2,2,0,0,0,O,O,N,N,N,N,-85.888133,0.226321
2067,1916702,Cc(cc1)nc2c1c(Br)cc(Br)c2O,Cc(cc1)nc2c1c(Br)cc(Br)c2O,C12=NC=CN=C1C3=C(N=CC=C3)C4=C2C=CC=N4,X,X,X,2,2,2,0,0,0,O,O,N,N,N,N,-71.687509,0.211718
2068,TAJDER,Cc1ccc2c(Cl)cc(Cl)c(O)c2n1,Cc1ccc2c(Cl)cc(Cl)c(O)c2n1,c1ccc2nc3c4cccnc4c4ncccc4c3nc2c1,X,X,X,2,2,2,0,0,0,O,O,N,N,N,N,-4.879403848,0.186185257
2069,1917994,Cc1ccc2c(Cl)cc(Cl)c(O)c2n1,Cc1ccc2c(Cl)cc(Cl)c(O)c2n1,Cc1c(C)c2cccnc2c2ncccc12,X,X,X,2,2,2,0,0,0,O,O,N,N,N,N,-71.503773,0.235825
2070,TAJDUH,Cc1ccc2c(Cl)cc(Cl)c(O)c2n1,Cc1ccc2c(Cl)cc(Cl)c(O)c2n1,c1ccc(-c2ccnc3c2ccc2c(-c4ccccc4)ccnc23)cc1,X,X,X,2,2,2,0,0,0,O,N,N,N,N,O,-132.448646,0.195085
2071,1918000,Cc1ccc2c(Cl)cc(Cl)c(O)c2n1,Cc1ccc2c(Cl)cc(Cl)c(O)c2n1,Clc1ccnc2c1ccc1c(Cl)ccnc12,X,X,X,2,2,2,0,0,0,O,O,N,N,N,N,-14.22858093,0.17522483
2072,TAJFUJ,Oc(c(I)cc1I)c2c1cccn2,Oc(c(I)cc1I)c2c1cccn2,Oc(c(I)cc1I)c2c1cccn2,X,X,X,2,2,2,0,0,0,O,O,N,N,N,N,98.021419,0.243583
2073,1918012,Oc(c(I)cc1I)c2c1cccn2,Oc(c(I)cc1I)c2c1cccn2,Clc1ccnc2c1ccc1c(Cl)ccnc12,X,X,X,2,2,2,0,0,0,O,O,N,N,N,N,109.364429,0.295606
2074,TAJGIY,Oc(c(Br)cc1Br)c2c1cccn2,Oc(c(Br)cc1Br)c2c1cccn2,Clc1ccnc2c1ccc1c(Cl)ccnc12,X,X,X,2,2,2,0,0,0,O,O,N,N,N,N,-120.820993,0.27753
2075,1916696,Cc1ccc2c(Cl)cc(Cl)c(O)c2n1,Cc1ccc2c(Cl)cc(Cl)c(O)c2n1,c1ccc(-c2ccccn2)nc1,X,X,X,2,2,2,0,0,0,O,O,N,N,N,N,-24.70781384,0.182190347
2076,TAJMAW,Cc1ccc2c(Cl)cc(Cl)c(O)c2n1,Cc1ccc2c(Cl)cc(Cl)c(O)c2n1,C1(/C=CC=CN1)=C2C=CC=CN/2,X,X,X,2,2,2,0,0,0,O,O,N,N,N,N,-109.645448,0.215944
2077,1916698,Cc1ccc2c(Cl)cc(Cl)c(O)c2n1,Cc1ccc2c(Cl)cc(Cl)c(O)c2n1,c1cnc2c(c1)ccc1cccnc12,X,X,X,2,2,2,0,0,0,O,O,N,N,N,N,13.639349,0.312721
2078,TAJMIE,Cc(cc1)nc2c1c(Br)cc(Br)c2O,Cc(cc1)nc2c1c(Br)cc(Br)c2O,c1cnc2c(c1)ccc1cccnc12,X,X,X,2,2,2,0,0,0,O,O,N,N,N,N,-104.159137,0.229832
2079,218440,CC(C)(C)C(O)O,CC(C)(C)C(O)O,Cc1cc(N)c(N)cc1C,Cc1cc(N)c(N)cc1C,Cc1cc(N)c(N)cc1C,X,1,1,2,1,1,0,O,O,N,N,N,N,106.724812,0.268194
2080,TAKGIW,CC(C)(C)C(O)O,CC(C)(C)C(O)O,c1ccc(-c2ccccn2)nc1,Nc1ccccc1,X,X,2,1,2,1,0,0,O,O,O,N,N,N,61.251016,0.234565
2081,218442,CC(C)(C)C(O)O,CC(C)(C)C(O)O,c1ccc(-c2ccccn2)nc1,Cc1cc(N)c(N)cc1C,X,X,2,1,2,1,0,0,O,O,O,N,N,N,78.932062,0.245586
2082,TAKGUI,CC(C)(C)C(O)O,CC(C)(C)C(O)O,c1ccc(-c2ccccn2)nc1,Nc1ccccc1Nc1ccccc1,X,X,2,1,2,1,0,0,O,O,O,N,N,N,90.2387,0.301648
2083,218444,CC(C)(C)C(O)O,CC(C)(C)C(O)O,c1ccc(-c2ccccn2)nc1,CC(N)c1ccccc1,X,X,1,2,2,1,0,0,O,O,O,N,N,N,63.928592,0.240464
2084,TAKWUY,O,O,OC(C(C)N)=O,O,O,OC(C(C)N)=O,1,1,1,1,1,1,O,O,O,O,O,O,-5.406477,0.143372
2085,221625,O,O,OCC(O)O,OCC(O)O,X,X,1,1,2,2,0,0,O,O,O,O,O,O,81.598396,0.208013
2086,TAMGUN,O=C(O)C1=C(O)OC2C=CC=CC2=C1,O=C(O)C1=C(O)OC2C=CC=CC2=C1,O,O,X,X,2,2,1,1,0,0,O,O,O,O,O,O,-125.797245,0.24319
2087,1510215,CCc1ccncc1,Cc1c(C)cc(OP(S)(S)Oc2cc(C)c(C)cc2)cc1,Cc1c(C)cc(OP(S)(S)Oc2cc(C)c(C)cc2)cc1,CCc1ccncc1,X,X,1,2,2,1,0,0,N,S,S,N,S,S,-116.348027,0.292081
2088,TARZIX,O/C(C1C=CNC=C1)=N\N/C(C)=C(C)\NO,O/C(C1C=CNC=C1)=N\N/C(C)=C(C)\NO,X,X,X,X,3,3,0,0,0,0,N,O,O,N,N,N,24.56416701,0.067890297
2089,265632,OC(O)CN(Cc1nc2ccccc2[nH]1)CC(O)O,c1ccc(-c2ccccn2)nc1,X,X,X,X,4,2,0,0,0,0,N,O,O,N,N,N,35.65623,0.16144
2090,TAWJIN,CC(C)(C)c1cc(O)c(O)c(C(C)(C)C)c1,c1(Br)c(Br)cncc1(Br),c1(Br)c(Br)cncc1(Br),CC(C)(C)c1cc(O)c(O)c(C(C)(C)C)c1,X,X,2,1,1,2,0,0,N,O,O,N,O,O,-0.269876,0.12153
2091,1450468,CC(C)(C)c1cc(O)c(O)c(C(C)(C)C)c1,Clc1cncc(Cl)c1Cl,CC(C)(C)c1cc(O)c(O)c(C(C)(C)C)c1,Clc1cncc(Cl)c1Cl,X,X,2,1,2,1,0,0,N,O,O,N,O,O,-21.543778,0.120774
2092,TAXDEE,NCS,OC(c1ccccc1)c1ccncc1,CO,NCS,OC(c1ccccc1)c1ccncc1,CO,1,1,1,1,1,1,N,N,O,N,N,O,-103.251605,0.278767
2093,839340,O,O,CC(O)c1ccncc1,O,O,CC(O)c1ccncc1,1,1,1,1,1,1,O,N,O,O,N,O,55.411643,0.178487
2094,TAZDAC,COc1cccc(CNC(Cc2ccccc2)C(O)O)c1OCCOc1c(CNC(Cc2ccccc2)C(O)O)cccc1OC,X,X,X,X,X,6,0,0,0,0,0,N,N,O,O,O,O,68.940832,0.256159
2095,1052324,COc1c(OCCOc2c(OC)cccc2CNC(C(O)O)CCSC)c(CNC(C(O)O)CCSC)ccc1,X,X,X,X,X,6,0,0,0,0,0,N,N,O,O,O,O,43.572951,0.326355
2096,TAZRIY,COc1cccc(CNC(Cc2c[nH]c3ccccc23)C(O)O)c1OCCOc1c(CNC(Cc2c[nH]c3ccccc23)C(O)O)cccc1OC,X,X,X,X,X,6,0,0,0,0,0,N,N,O,O,O,O,61.878916,0.269459
2098,TCNICO,NCS,NCS,O,O,NC(O)c1cccnc1,NC(O)c1cccnc1,1,1,1,1,1,1,O,O,N,N,N,N,80.83943697,0.144442823
2099,831341,COc1ccc(-c2nc3c4cccnc4c4ncccc4c3[nH]2)cc1,COc1ccc(-c2nc3c4cccnc4c4ncccc4c3[nH]2)cc1,OC(O)c1cccc(C(O)O)c1,O,X,X,2,2,1,1,0,0,O,O,N,N,N,N,78.385126,0.152007
2100,TEDTAZ,Cl,NCc1ccc(C(c2ccc(CN)cc2)n2cncn2)cc1,NCc1ccc(C(c2ccc(CN)cc2)n2cncn2)cc1,Cl,NCc1ccc(C(c2ccc(CN)cc2)n2cncn2)cc1,NCc1ccc(C(c2ccc(CN)cc2)n2cncn2)cc1,1,1,1,1,1,1,Cl,N,N,Cl,N,N,90.182296,0.031384
2101,288312,CC(O)C(O)O,c1cnc2c(c1)ccc1cccnc12,CC(O)C(O)O,X,X,X,2,2,2,0,0,0,O,O,N,N,O,O,68.190697,0.049664
2102,TEFFAM,O,O,CC(O)C(O)O,c1cnc2c(c1)ccc1cccnc12,X,X,1,1,2,2,0,0,O,O,O,O,N,N,88.795923,0.309788
2103,2141869,OC(O)c1cccc(-c2ccccc2)n1,OC(O)c1cccc(-c2ccccc2)n1,c1ccc(-c2ccccn2)nc1,X,X,X,2,2,2,0,0,0,O,O,N,N,N,N,68.871722,0.055753
2104,TEFQIF,Cl,CCNC(S)n1cccn1,Cl,CCNC(S)n1cccn1,X,X,1,2,1,2,0,0,Cl,N,N,Cl,N,N,46.358532,0.270924
2105,2156796,OC(O)c1cccc(-c2ccccc2)n1,OC(O)c1cccc(-c2ccccc2)n1,O,O,X,X,2,2,1,1,0,0,O,O,O,O,N,N,-103.677665,0.134915
2106,TEGGIW,NCS,COc1cccc(CNCCN(C)C)c1O,COc1cccc(CNCCN(C)C)c1O,X,X,X,1,3,2,0,0,0,O,O,N,N,N,N,29.08896233,0.149225282
2107,1561083,OC(Nc1ccccc1NNc1ccccc1)c1ccccn1,OC(Nc1ccccc1NNc1ccccc1)c1ccccn1,X,X,X,X,3,3,0,0,0,0,N,N,N,N,N,N,-79.267926,0.122874
2108,TEHLAW,OC(Nc1ccccc1NNc1ccccc1)c1ccccn1,OC(Nc1ccccc1NNc1ccccc1)c1ccccn1,X,X,X,X,3,3,0,0,0,0,N,N,N,N,N,N,-79.26792,0.122874
2109,608459,OC(Nc1ccccc1NNc1ccccc1)c1cnccn1,OC(Nc1ccccc1NNc1ccccc1)c1cnccn1,X,X,X,X,3,3,0,0,0,0,N,N,N,N,N,N,-73.610799,0.151101
2110,TEJVEL,Oc1ccc2ccccc2c1CNCCCNC1CCCCC1,Oc1ccc2ccccc2c1CNCCCNC1CCCCC1,X,X,X,X,3,3,0,0,0,0,O,N,N,O,N,N,-38.092552,0.226167
2111,128038,Cc1cc(C(O)O)n[nH]1,c1c[nH]cn1,Cc1cc(C(O)O)n[nH]1,c1c[nH]cn1,X,X,2,1,2,1,0,0,N,N,O,N,N,O,63.972387,0.081296
2112,TEKFAT,N#C/N=C1N=C(N=C=N)N/C(N\1)=N\C#N,O,O,N#C/N=C1N=C(N=C=N)N/C(N\1)=N\C#N,O,O,1,1,1,1,1,1,N,O,O,N,O,O,71.774642,0.02288
2113,888236,OC(O)c1ccc(Oc2ccc(C(O)O)cc2)cc1,O,OC(O)c1ccc(Oc2ccc(C(O)O)cc2)cc1,O,N,N,1,1,1,1,1,1,O,O,O,O,N,N,13.71525185,0.17742951
2114,TEQWOB,COc1cc(-c2cc(-c3ccccn3)nc(-c3ccccn3)c2)cc(OC)c1OC,COc1cc(-c2cc(-c3ccccn3)nc(-c3ccccn3)c2)cc(OC)c1OC,X,X,X,X,3,3,0,0,0,0,N,N,N,N,N,N,12.620482,0.296952
2115,630056,Cl,Cl,Nc1nc(-c2csc(N)n2)cs1,Nc1nc(-c2csc(N)n2)cs1,X,X,1,1,2,2,0,0,Cl,Cl,N,N,N,N,62.68321314,0.134063813
2116,TESDAX,Nc1ccc2ccccc2c1S(O)(O)O,c1cnc2c(c1)ccc1cccnc12,Nc1ccc2ccccc2c1S(O)(O)O,c1cnc2c(c1)ccc1cccnc12,X,X,1,2,1,2,0,0,O,N,N,O,N,N,65.370018,0.004957
2117,1553368,NCS,C[SH](C)O,O,NCS,C[SH](C)O,O,1,1,1,1,1,1,O,O,N,O,O,N,86.1036,0.135061
2118,TEWYAV,CC(O)c1ccc(-n2ccnc2)cc1,O,O,CC(O)c1ccc(-n2ccnc2)cc1,O,O,1,1,1,1,1,1,N,O,O,N,O,O,-5.902395,0.004278
2119,TEWYEZ,CC(O)NC(c1ccccc1)C(O)O,Cn1ccnc1,O,CC(O)NC(c1ccccc1)C(O)O,Cn1ccnc1,O,1,1,1,1,1,1,O,N,O,O,N,O,118.713955,0.109431
2120,851964,CC(O)NC(c1ccccc1)C(O)O,c1c[nH]cn1,O,CC(O)NC(c1ccccc1)C(O)O,c1c[nH]cn1,O,1,1,1,1,1,1,O,N,O,O,N,O,109.874635,0.112823
2121,THETCO,COc1ccc(-c2nc(C(O)O)c(C(O)O)[nH]2)cc1,O,COc1ccc(-c2nc(C(O)O)c(C(O)O)[nH]2)cc1,O,X,X,2,1,2,1,0,0,O,O,N,O,O,N,-116.778942,0.289465
2122,642947,OCCSCCO,OCCSCCO,Cl,Cl,X,X,2,2,1,1,0,0,Cl,S,O,Cl,S,O,64.88863,0.212707
2123,TIBPOL,O,O,OC(O)c1cccc(C(O)O)n1,NC(O)c1ccncc1,X,X,1,1,3,1,0,0,O,O,O,O,N,N,105.052949,0.091822
2124,849594,COC(O)c1cc2ccccc2nc1C(O)O,CO,COC(O)c1cc2ccccc2nc1C(O)O,CO,X,X,2,1,2,1,0,0,O,O,N,O,O,N,80.307371,0.313649
2125,TIBWIL,OC(O)c1cc2ccccc2nc1C(O)O,O,OC(O)c1cc2ccccc2nc1C(O)O,O,X,X,2,1,2,1,0,0,O,O,N,O,O,N,-74.813395,0.305096
2126,1830137,CN(C)c1ccc(C(O)O)cc1,NC(O)c1cccnc1,O,CN(C)c1ccc(C(O)O)cc1,NC(O)c1cccnc1,O,1,1,1,1,1,1,O,O,N,O,O,N,-0.98815,0.000884
2127,TICCIU,c1ccc(C2COC(c3cccc(C4=NC(c5ccccc5)CO4)n3)=N2)cc1,c1ccc(C2COC(c3cccc(C4=NC(c5ccccc5)CO4)n3)=N2)cc1,X,X,X,X,3,3,0,0,0,0,N,N,N,N,N,N,70.191367,0.015677
2128,923818,c1ccc(-c2cc(-c3cccc(-c4cc(-c5ccccc5)[nH]n4)n3)n[nH]2)cc1,c1ccc(-c2cc(-c3cccc(-c4cc(-c5ccccc5)[nH]n4)n3)n[nH]2)cc1,X,X,X,X,3,3,0,0,0,0,N,N,N,N,N,N,49.680835,0.247417
2129,TICYEL,Oc1cc(O)c2ccccc2c1O,Oc1cc(O)c2ccccc2c1O,O,O,X,X,2,2,1,1,0,0,O,O,O,O,O,O,94.24207,0.306361
2130,622194,Oc1cc(O)c2ccccc2c1O,Oc1cc(O)c2ccccc2c1O,CO,O,X,X,2,2,1,1,0,0,O,O,O,O,O,O,32.719889,0.04596
2131,TIFWAG,CSc1nc(CNNC(SC2=CC=CC=C2)S)cc(C)n1,CSc1nc(CNNC(SC2=CC=CC=C2)S)cc(C)n1,X,X,X,X,3,3,0,0,0,0,S,S,N,N,N,N,-10.1966681,0.175265115
2132,657628,OC(Nc1ccccn1)c1cccnc1,OC(Nc1ccccn1)c1cccnc1,O,O,X,X,2,2,1,1,0,0,O,O,O,O,N,N,4.564293,0.322372
2133,TIGJUP,CCCCc1ccc(C(O)O)nc1,O,CCCCc1ccc(C(O)O)nc1,O,X,X,2,1,2,1,0,0,O,O,N,O,O,N,71.535416,0.330632
2134,160415,Cc1nc(C(O)O)c(C(O)O)[nH]1,O,Cc1nc(C(O)O)c(C(O)O)[nH]1,O,X,X,2,1,2,1,0,0,O,O,N,O,O,N,50.368121,0.110679
2135,TIHJON,OC(O)c1cc(C(O)O)[nH]n1,O,OC(O)c1cc(C(O)O)[nH]n1,O,X,X,2,1,2,1,0,0,O,O,N,O,O,N,-9.24002244,0.157206573
2136,644441,O,O,O,CC1=CC(C)=CNC1,O,O,1,1,1,1,1,1,O,O,O,N,O,O,-0.000419,0.045975
2137,TINGAB,O,c1ccc(-c2cccc(-c3nc(-c4ccccn4)nc4cccnc34)n2)nc1,CCN,X,X,X,1,4,1,0,0,0,O,N,N,N,N,N,15.367566,0.294096
2138,1835531,Oc(ccc1NNc2ccc(Br)cc2)c3c1cccn3,Cc1cccnc1,Oc(ccc1NNc2ccc(Br)cc2)c3c1cccn3,Cc1cccnc1,X,X,2,1,2,1,0,0,N,N,O,N,N,O,84.507385,0.264109
2139,TINGOP,Oc1ccc(NNc2ccccc2)c2cccnc12,Cc1cccnc1,Oc1ccc(NNc2ccccc2)c2cccnc12,Cc1cccnc1,X,X,2,1,2,1,0,0,N,N,O,N,N,O,86.730168,0.235946
2140,1835533,Oc1ccc(NNc2ccccc2)c2cccnc12,c1ccncc1,Oc1ccc(NNc2ccccc2)c2cccnc12,c1ccncc1,X,X,2,1,2,1,0,0,N,N,O,N,N,O,85.573685,0.239367
2141,TINHAC,Oc(ccc1NNc2ccc(Br)cc2)c3c1cccn3,Cc1cccnc1,Oc(ccc1NNc2ccc(Br)cc2)c3c1cccn3,Cc1cccnc1,X,X,2,1,2,1,0,0,N,N,O,N,N,O,-36.907084,0.217806
2142,1835535,COc1ccc(NNc2ccc(O)c3ncccc23)cc1,c1ccncc1,COc1ccc(NNc2ccc(O)c3ncccc23)cc1,c1ccncc1,X,X,2,1,2,1,0,0,O,N,N,O,N,N,80.238458,0.257896
2143,TINHIK,CCOc1ccc(NNc2ccc(O)c3ncccc23)cc1,c1ccncc1,CCOc1ccc(NNc2ccc(O)c3ncccc23)cc1,c1ccncc1,X,X,2,1,2,1,0,0,N,N,O,N,N,O,79.067855,0.297514
2144,1835537,Oc1ccc(NNc2ccc(Cl)cc2)c2cccnc12,c1ccncc1,Oc1ccc(NNc2ccc(Cl)cc2)c2cccnc12,c1ccncc1,X,X,2,1,2,1,0,0,N,N,O,N,N,O,84.980539,0.230616
2145,TINQOX,Cc1ccc(NNc2ccc(O)c3ncccc23)cc1,c1ccncc1,Cc1ccc(NNc2ccc(O)c3ncccc23)cc1,c1ccncc1,X,X,2,1,2,1,0,0,N,N,O,N,N,O,82.616455,0.248845
2146,TIPXEV,CC1=C(C(O)=O)CC(C(O)=O)=C(C)N1,O,O,CC1=C(C(O)=O)CC(C(O)=O)=C(C)N1,O,O,1,1,1,1,1,1,O,O,O,O,O,O,127.347537,0.141891
2147,TIPYIA,CC1=C(C(O)=O)CC(C(O)=O)=C(C)N1,O,O,CC1=C(C(O)=O)CC(C(O)=O)=C(C)N1,O,O,1,1,1,1,1,1,O,O,O,O,O,O,127.347535,0.141891
2148,1833708,CCN(CC)C(O)c1cccnc1,O,Oc1ccccc1C(O)O,CCN(CC)C(O)c1cccnc1,O,Oc1ccccc1C(O)O,1,1,1,1,1,1,N,O,O,N,O,O,114.233973,0.11064
2149,TIRLOY,Cc1cccc(-c2cccc(-c3cccc(C)n3)n2)n1,CO,O[SH](O)OC(F)(F)(F),O[SH](O)OC(F)(F)(F),X,X,3,1,1,1,0,0,N,N,N,O,O,O,35.639835,0.002393
2150,1271987,Cc1cccc(-c2cccc(-c3cccc(C)n3)n2)n1,Cc1cccc(-c2cccc(-c3cccc(C)n3)n2)n1,X,X,X,X,3,3,0,0,0,0,N,N,N,N,N,N,-10.582656,0.185879
2152,690812,OC(S)N1CCCC1,C1CCNC1,C1CCNC1,OC(S)N1CCCC1,X,X,1,2,2,1,0,0,N,N,O,N,O,O,123.413142,0.2269
2153,TOJVAQ,OC(O)c1ccc(C(O)O)c(-c2cc(C(O)O)ccc2C(O)O)c1,c1cnc2c(c1)ccc1cccnc12,c1cnc2c(c1)ccc1cccnc12,X,X,X,2,2,2,0,0,0,N,N,O,O,N,N,70.252922,0.149281
2154,672247,OC(/C1=C(O)/C)=C2CC=CC=C2C1=O,OC(/C1=C(O)/C)=C2CC=CC=C2C1=O,O,O,X,X,2,2,1,1,0,0,O,O,O,O,O,O,51.25837,0.04576
2155,TOLFOR,Oc1c2cccc(OC(O)c3ccncc3)c2c(O)c2c(OC(O)c3ccncc3)cccc12,O,O,Oc1c2cccc(OC(O)c3ccncc3)c2c(O)c2c(OC(O)c3ccncc3)cccc12,O,O,1,1,1,1,1,1,N,O,O,N,O,O,4.083417,0.204647
2156,1877108,Cc1ccc2ccc3ccc(C(O)O)nc3c2n1,Cc1ccc2ccc3ccc(C(O)O)nc3c2n1,X,X,X,X,3,3,0,0,0,0,O,O,N,N,N,N,62.717825,0.199375
2157,TONDAE,NC[SeH],NC[SeH],CN1CCN(C)CCN(C)CCN(C)CC1,X,X,X,1,1,4,0,0,0,N,N,N,N,N,N,-10.626321,0.294605
2158,1580722,CN1CCN(C)CCN(C)CCN(C)CC1,NCNCN,NCNCN,X,X,X,4,1,1,0,0,0,N,N,N,N,N,N,30.735328,0.270807
2159,TOTVUT,NC(O)c1ccccn1,NNN,NC(O)c1ccccn1,NNN,X,X,2,1,2,1,0,0,O,N,N,O,N,N,49.38011,0.239737
2160,TOTWEE,Cc1cccc(O)n1,Cc1cccc(O)n1,c1cnc2c(c1)ccc1cccnc12,X,X,X,2,2,2,0,0,0,O,N,O,N,N,N,117.156183,0.144437
2161,1028564,Cc1ccc2ccc3ccc(CN(Cc4ccccn4)Cc4ccccn4)nc3c2n1,O,X,X,X,X,5,1,0,0,0,0,N,N,O,N,N,N,109.592053,0.124077
2162,TOWREE,CSC1=C(SC)S/C(S1)=C2C3=CC=CNC3=C4C/2=CC=CN4,c1ccc(CN(Cc2ccccn2)Cc2ccccn2)nc1,X,X,X,X,2,4,0,0,0,0,N,N,N,N,N,N,55.527649,0.275696
2163,965183,OC(O)COCC(O)O,NNNc1cc(-c2ccccn2)nc(-c2ccccn2)c1,X,X,X,X,3,3,0,0,0,0,O,O,O,N,N,N,80.782941,0.184958
2164,TOZMEC,O=C(O)C1=CC=CC(C(O)=O)N1O,O,O=C(O)C1=CC=CC(C(O)=O)N1O,O,X,X,2,1,2,1,0,0,O,O,O,O,O,O,36.62585,0.084524
2165,1275914,OC(CC(O)C(F)(F)F)c1cccs1,c1ccncc1,OC(CC(O)C(F)(F)F)c1cccs1,c1ccncc1,X,X,2,1,2,1,0,0,O,O,N,O,O,N,93.48357,0.07802
2166,TUDYID,CP(C(C)(C)C)C1=CC=CC=C1P(C(C)(C)C)C,CC(C)(C)C(O)O,CC(C)(C)C(O)O,X,X,X,2,2,2,0,0,0,P,P,O,O,O,O,-57.212241,0.304075
2167,977580,Oc1ccccc1C(O)c1ccccc1,c1ccc(Nc2ccccn2)nc1,c1ccc(Nc2ccccn2)nc1,X,X,X,2,2,2,0,0,0,O,O,N,N,N,N,66.649971,0.27911
2168,TUGFAD,CC(O)Nc1ccccn1,OC(CC(O)c1ccccc1)c1ccccc1,CC(O)Nc1ccccn1,OC(CC(O)c1ccccc1)c1ccccc1,X,X,1,2,1,2,0,0,N,O,O,N,O,O,114.947496,0.171421
2169,1953165,NCc1ccccn1,NCc1ccccn1,NCc1ccccn1,X,X,X,2,2,2,0,0,0,N,N,N,N,N,N,155.523053,0.005776
2170,TUJXON,OCc1cc(-c2cccc(C(O)O)c2)ccn1,O,O,OCc1cc(-c2cccc(C(O)O)c2)ccn1,X,X,2,1,1,2,0,0,O,O,O,N,O,N,-15.92824257,0.186253907
2171,1983132,OC(O)c1nc(-c2cccc(F)c2)[nH]c1C(O)O,OC(O)c1nc(-c2cccc(F)c2)[nH]c1C(O)O,c1ccc(-c2ccccn2)nc1,X,X,X,2,2,2,0,0,0,N,N,N,N,O,O,107.689248,0.082439
2172,TUKHIS,OCc1cc(C(O)O)ccn1,O,OCc1cc(C(O)O)ccn1,O,X,X,2,1,2,1,0,0,O,O,N,O,O,N,2.266433235,0.142881485
2173,TUKVAZ,O,c1cncc(-c2n[nH]c(-c3cccnc3)n2)c1,NNN,O,c1cncc(-c2n[nH]c(-c3cccnc3)n2)c1,NNN,1,1,1,1,1,1,O,N,N,O,N,N,-86.238327,0.332014
2174,1963361,Nn1c(-c2ccccn2)nnc1-c1ccccn1,Nn1c(-c2ccccn2)nnc1-c1ccccn1,NNN,NNN,X,X,2,2,1,1,0,0,N,N,N,N,N,N,-44.390382,0.287333
2175,TULLOC,Oc1c(CNOCCONCc2c(O)c(Br)cc(Cl)c2)cc(Cl)cc1Br,O,O,X,X,X,4,1,1,0,0,0,N,N,O,O,O,O,-109.349581,0.299208
2176,760121,OC(O)c1ccc(N(O)O)cc1,O,c1ccncc1,OC(O)c1ccc(N(O)O)cc1,O,c1ccncc1,1,1,1,1,1,1,O,O,N,O,O,N,-102.011508,0.290936
2177,TUSLOI,c1cn[nH]c1,c1cn[nH]c1,NCNN(O)O,c1cn[nH]c1,c1cn[nH]c1,NCNN(O)O,1,1,1,1,1,1,N,N,N,N,N,N,78.35789927,0.121231417
2178,TUSLOI,c1cn[nH]c1,c1cn[nH]c1,NCNN(O)O,c1cn[nH]c1,c1cn[nH]c1,NCNN(O)O,1,1,1,1,1,1,N,N,N,N,N,N,68.615498,0.093498
2179,TUSYEM,Oc1c(C(NNC2SCCS2)O)cccc1,CN(C)CO,Oc1c(C(NNC2SCCS2)O)cccc1,CN(C)CO,X,X,2,1,2,1,0,0,O,O,N,O,O,N,69.738116,0.24401
2180,1967298,Cl,CC1=C2N(C(C)=C1C3=CC=CS3)C(F)(F)N4C(C)=C(C5=CC=CS5)C(C)=C4/C2=C6C=CNC=C/6,CC(NO)C(C)NO,CC(NO)C(C)NO,X,X,1,1,2,2,0,0,Cl,N,N,N,N,N,8.151847845,0.158468492
2181,TUYKAC,O[P](C1=CC=CC=C1)(C2=CC=CC=C2)CN(C[P](C3=CC=CC=C3)(O)C4=CC=CC=C4)C[P](C5=CC=CC=C5)(O)C6=CC=CC=C6,O[P](C1=CC=CC=C1)(C2=CC=CC=C2)CN(C[P](C3=CC=CC=C3)(O)C4=CC=CC=C4)C[P](C5=CC=CC=C5)(O)C6=CC=CC=C6,X,X,X,X,3,3,0,0,0,0,O,O,O,O,O,O,8.682161,0.046718
2182,TUZDAT,CC(NO)C(C)NO,CC(NO)C(C)NO,Cl,Cl,X,X,2,2,1,1,0,0,Cl,Cl,N,N,N,N,15.18952707,0.158690575
2183,1015336,ONC(c1ccccc1)C(NO)c1ccccc1,ONC(c1ccccc1)C(NO)c1ccccc1,CC,c1ccncc1,X,X,2,2,1,1,0,0,N,N,N,N,C,N,7.86273464,0.16686691
2184,UBEXUW,CCOC(O)CN(CCN(Cc1ccccn1)CC(O)OCC)Cc1ccccn1,CCN,X,X,X,X,5,1,0,0,0,0,N,N,N,N,N,O,97.266399,0.12858
2185,2081668,OC(O)c1cc(C(O)O)cc(C(O)O)c1,O,c1cc(-c2n[nH]c(-c3cn[nH]c3)n2)ccn1,OC(O)c1cc(C(O)O)cc(C(O)O)c1,O,c1cc(-c2n[nH]c(-c3cn[nH]c3)n2)ccn1,1,1,1,1,1,1,O,O,N,O,O,N,103.879671,0.082675
2186,UBIPAA,CCCCN(c1ccccn1)c1ccccn1,CCCCN(c1ccccn1)c1ccccn1,O,O,X,X,2,2,1,1,0,0,N,N,N,N,O,O,77.300951,0.1003
2187,828339,CCOC(O)CC,CC(NO)C(C)NO,CC(NO)C(C)NO,CC(N)C1CCCCC1,X,X,1,2,2,1,0,0,N,N,N,N,N,C,7.653602372,0.172485412
2188,UCAMAO,CC(NO)C(C)NO,OC(O)c1ccncc1,CC(NO)C(C)NO,C,X,X,2,1,2,1,0,0,N,N,N,N,N,C,11.79611185,0.133137773
2189,1511753,Cl,O=C1N(CC2NC=CC=C2)C(O)=C3C=CC=C4C=CC=C1C43,Cl,O=C1N(CC2NC=CC=C2)C(O)=C3C=CC=C4C=CC=C1C43,X,X,1,2,1,2,0,0,Cl,O,N,Cl,O,N,105.267236,0.316607
2190,UCARIC,OC1=C2C3C(C=CC=C3C(N1CC4C=CC=CN4)=O)=CC=C2,O,OC1=C2C3C(C=CC=C3C(N1CC4C=CC=CN4)=O)=CC=C2,O,X,X,2,1,2,1,0,0,N,O,O,N,O,O,90.739341,0.100957
2191,1511755,OC1=C2C3C(C=CC=C3C(N1CC4C=CC=CN4)=O)=C(N(O)O)C=C2,OC1=C2C3C(C=CC=C3C(N1CC4C=CC=CN4)=O)=C(N(O)O)C=C2,Cl,Cl,X,X,2,2,1,1,0,0,Cl,Cl,O,N,O,N,-108.594699,0.30276
2192,UCIGOD,N#CSC(/C(N/1)=C2C=CC=CN\2)=C(SC#N)C1=C3NC=CC=C\3,N#CSC(/C(N/1)=C2C=CC=CN\2)=C(SC#N)C1=C3NC=CC=C\3,X,X,X,X,3,3,0,0,0,0,N,N,N,N,N,N,-150.955041,0.178821
2193,604778,CC(NO)C(C)NO,CC(NO)C(C)NO,X,c1ccncc1,CC(C=CC1)C2C(C1=CC=CC2)=O,X,2,2,1,1,0,0,N,N,N,N,N,C,4.707491067,0.117626323
2194,UCIMUP,CC(NO)C(C)NO,CC(NO)C(C)NO,X,CN(C)c1ccncc1,CC1C2(C(OCC)=O)C=C(C(OCC)=C)C(C(OC)=CC2CC=C1)=O,X,2,2,1,1,0,0,N,N,N,N,N,C,5.418150387,0.142377823
2195,164977,NCS,c1ccc(-n2cncn2)cc1,c1ccc(-n2cncn2)cc1,NCS,c1ccc(-n2cncn2)cc1,c1ccc(-n2cncn2)cc1,1,1,1,1,1,1,N,N,N,N,N,N,101.361114,0.142323
2196,UCUQAO,N/C(O)=N/N/C=C1C(CO)=CNC(C)=C/1O,N/C(O)=N/N/C=C1C(CO)=CNC(C)=C/1O,X,X,X,X,3,3,0,0,0,0,O,N,O,O,N,O,30.70953921,0.132388283
2197,1829567,c1ccc(-c2cc(-c3ccncc3)cc(-c3ccccn3)n2)nc1,OP(O)OC(C)(C)(C),OP(O)OC(C)(C)(C),O,X,X,3,1,1,1,0,0,N,N,N,O,O,O,85.650791,0.082942
2198,UDUYUN,ON(O)O,O,c1ccc2[nH]c(-c3ccncc3)nc2c1,ON(O)O,O,c1ccc2[nH]c(-c3ccncc3)nc2c1,1,1,1,1,1,1,O,O,N,O,O,N,-110.231378,0.324188
2199,2244949,OC(O)c1ccc2[nH]c(-c3ccc(-n4ccnc4)cc3)nc2c1,O,O,OC(O)c1ccc2[nH]c(-c3ccc(-n4ccnc4)cc3)nc2c1,O,O,1,1,1,1,1,1,N,O,O,N,O,O,66.27132628,0.161128935
2200,UFONUA,CC(C)Oc1ccc(OC(C)C)c2c1C1=NC3=NC(=NC4=NC(=NC5=NC(=NC2=N1)c1ccccc15)c1ccccc14)c1ccccc13,c1ccncc1,c1ccncc1,X,X,X,4,1,1,0,0,0,N,N,N,N,N,N,52.14012977,0.116784975
2201,2231882,CC(C)(C)N1Cc2cccc(n2)CN(C(C)(C)C)Cc2cccc(n2)C1,Oc1cc(Cl)c(Cl)cc1O,X,X,X,X,4,2,0,0,0,0,N,N,N,N,O,O,24.476037,0.235557
2202,UGEVEK,CCN(CC)C(O)c1cccnc1,O,O,CCN(CC)C(O)c1cccnc1,O,O,1,1,1,1,1,1,N,O,O,N,O,O,-70.902541,0.305408
2203,634151,Oc1ccc(CNCC(O)O)cc1,O,Oc1ccc(CNCC(O)O)cc1,O,X,X,2,1,2,1,0,0,O,O,N,O,O,N,112.295981,0.241359
2204,UGIDEV,NCS,CCN(CC)c1ccc(CCc2ccncc2)cc1,CCN(CC)c1ccc(CCc2ccncc2)cc1,NCS,CCN(CC)c1ccc(CCc2ccncc2)cc1,CCN(CC)c1ccc(CCc2ccncc2)cc1,1,1,1,1,1,1,N,N,N,N,N,N,132.415509,0.175332
2206,656940,CCN(CC)[PH](O)(NC(O)C(Cl)(Cl)Cl)N(CC)CC,CCN(CC)[PH](O)(NC(O)C(Cl)(Cl)Cl)N(CC)CC,c1cnc2c(c1)ccc1cccnc12,X,X,X,2,2,2,0,0,0,O,O,O,O,N,N,62.941538,0.141946
2207,UHIKOL,OCc1nccn1Cc1ccccc1,OCc1nccn1Cc1ccccc1,OCc1nccn1Cc1ccccc1,OCc1nccn1Cc1ccccc1,X,X,2,1,2,1,0,0,O,N,N,O,N,N,76.948872,0.153055
2208,717003,N/C(O)=C1C=C/C(C=C/1)=C(C2=CC=CN2)/C3=CC=CN3,Oc1ccccc1CNCCNCc1ccccc1O,X,X,X,X,2,4,0,0,0,0,N,N,N,N,O,O,51.02893104,0.154674995
2209,UHOWOE,N/C(O)=C1C=C/C(C=C/1)=C(C2=CC=CN2)/C3=CC=CN3,Oc1ccccc1CNCCNCc1ccccc1O,X,X,X,X,2,4,0,0,0,0,N,N,N,N,O,O,54.62683924,0.1316394
2210,1444257,OC(O)c1cc(C(O)O)c(-c2c(C(O)O)cc(C(O)O)cc2N(O)O)c(N(O)O)c1,c1cnc2c(c1)ccc1cccnc12,c1cnc2c(c1)ccc1cccnc12,X,X,X,2,2,2,0,0,0,O,O,N,N,N,N,63.755935,0.067371
2212,1036900,OC(O)c1nc(-c2ccccc2Cl)[nH]c1C(O)O,OC(O)c1nc(-c2ccccc2Cl)[nH]c1C(O)O,O,O,X,X,2,2,1,1,0,0,O,O,O,O,N,N,58.896673,0.250056
2213,ULAYOV,OC1=NS(O)(O)c2ccccc21,OCCCc1ccccn1,OC1=NS(O)(O)c2ccccc21,OCCCc1ccccn1,X,X,1,2,1,2,0,0,O,O,N,O,O,N,101.027802,0.237868
2214,1446307,C1(C2=NNC(C3=CN=CCN3)=N2)=CC=NC=C1,O,C1(C2=NNC(C3=CN=CCN3)=N2)=CC=NC=C1,O,X,X,2,1,2,1,0,0,N,N,O,N,N,O,-47.079034,0.322284
2215,UMAFUL,OC(O)c1ccc(-c2nc(-c3cccnc3)n[nH]2)cc1,O,O,OC(O)c1ccc(-c2nc(-c3cccnc3)n[nH]2)cc1,O,O,1,1,1,1,1,1,O,N,O,O,N,O,-26.16329079,0.190732087
2216,940620,CC(C)NNC(O)c1ccncc1,c1ccncc1,CC(C)NNC(O)c1ccncc1,c1ccncc1,X,X,2,1,2,1,0,0,O,N,N,O,N,N,91.665855,0.279235
2217,UMECAS,CC(C)NNC(O)c1ccncc1,O,CC(C)NNC(O)c1ccncc1,O,X,X,2,1,2,1,0,0,O,N,O,O,N,O,54.263961,0.224957
2218,UMODAB,OC(O)CC(O)C(O)O,c1c[nH]cn1,c1c[nH]cn1,c1c[nH]cn1,X,X,3,1,1,1,0,0,O,O,O,N,N,N,83.594133,0.050761
2219,760843,CC1=NC2=CC=CCC2=C(O)N1O,CCO,CC1=NC2=CC=CCC2=C(O)N1O,CCO,X,X,2,1,2,1,0,0,O,O,O,O,O,O,-68.982547,0.29645
2220,UMUTIF,CCCF,P(C1=CC=CC=C1)(C2=CC=CC=C2)C3=CC=CC=C3,CC(NO)C(C)NO,CC(NO)C(C)NO,X,X,1,1,2,2,0,0,C,P,N,N,N,N,11.602726,0.157794712
2221,219024,FC1CCCCC1,CC(NO)C(C)NO,CC(NO)C(C)NO,CC(C)(C)c1ccncc1,X,X,1,2,2,1,0,0,N,N,N,N,N,C,10.5566574,0.117430105
2222,UNAHAU,OC(O)c1cncc(Cl)c1,O,O,OC(O)c1cncc(Cl)c1,O,O,1,1,1,1,1,1,N,O,O,N,O,O,-44.136545,0.244415
2223,200711,Cl,O=C(CCN1NCNC1)C2=CC=CC=C2,O=C(CCN1NCNC1)C2=CC=CC=C2,Cl,O=C(CCN1NCNC1)C2=CC=CC=C2,O=C(CCN1NCNC1)C2=CC=CC=C2,1,1,1,1,1,1,Cl,N,N,Cl,N,N,-8.706935,0.000153
2224,UNAYEP,CN(C)CO,CC(C)CCc1c(O)c(O)c2ccccc2c1O,CN(C)CO,CC(C)CCc1c(O)c(O)c2ccccc2c1O,X,X,1,2,1,2,0,0,O,O,O,O,O,O,-72.504778,0.31981
2225,653460,Cc1nnc(SCC(O)O)s1,O,O,Cc1nnc(SCC(O)O)s1,O,O,1,1,1,1,1,1,O,O,O,O,O,O,-25.657243,0.168782
2226,UNUTAA,Cl,Cl,c1ccc2[nH]nnc2c1,c1ccc2[nH]nnc2c1,c1ccc2[nH]nnc2c1,c1ccc2[nH]nnc2c1,1,1,1,1,1,1,Cl,Cl,N,N,N,N,71.70223128,0.108243317
2227,755546,O/C(O)=C1C=CN(CC(O)=O)C=C\1,O/C(O)=C1C=CN(CC(O)=O)C=C\1,O,O,O,O,1,1,1,1,1,1,O,O,O,O,O,O,85.095763,0.288906
2228,UPUTIJ,Br,Br,c1ccc(-c2ccccn2)nc1,c1ccc(-c2ccccn2)nc1,X,X,1,1,2,2,0,0,Br,Br,N,N,N,N,97.135118,0.273691
2229,2046696,c1ccc(-c2nnc(-c3ccco3)o2)nc1,NCS,c1ccc(-c2nnc(-c3ccco3)o2)nc1,NCS,X,X,2,1,2,1,0,0,N,N,N,N,N,N,-91.781265,0.186767
2230,UQECEB,OS(O)(O)c1ccccc1-c1cc(-c2cccnc2)nc(-c2cccnc2)c1,O,O,OS(O)(O)c1ccccc1-c1cc(-c2cccnc2)nc(-c2cccnc2)c1,O,O,1,1,1,1,1,1,N,O,O,N,O,O,16.86803251,0.137262645
2231,752665,O=C(O)C1=C(O)C2=CC=C(C)NC2C=C1,O,O,O=C(O)C1=C(O)C2=CC=C(C)NC2C=C1,O,O,1,1,1,1,1,1,O,O,O,O,O,O,5.903134,0.201655
2232,UQUPAA,c1ccc(-c2cc(-c3ccc(-c4cccs4)s3)cc(-c3ccccn3)n2)nc1,c1ccc(-c2cc(-c3ccc(-c4cccs4)s3)cc(-c3ccccn3)n2)nc1,X,X,X,X,3,3,0,0,0,0,N,N,N,N,N,N,33.66429972,0.070544353
2233,825321,c1ccc(COc2ccccc2OCc2ccccn2)nc1,ON(O)O,ON(O)O,X,X,X,4,1,1,0,0,0,N,N,O,O,O,O,-99.378686,0.108609
2234,UQUTIK,CCc1ccc(C(O)O)cc1,CCc1ccc(C(O)O)cc1,CCN(CC)C(O)c1cccnc1,CCN(CC)C(O)c1cccnc1,O,O,1,1,1,1,1,1,O,O,O,O,N,N,-80.102667,0.314012
2235,825352,c1cc(CCCc2ccncc2)ccn1,O,O,c1cc(CCCc2ccncc2)ccn1,O,O,1,1,1,1,1,1,N,O,O,N,O,O,78.873612,0.287941
2236,URIGAF,c1ccc(-c2cccc(CCCc3cccc(-c4ccccn4)n3)n2)nc1,OS(OC(F)(F)F)O,OS(OC(F)(F)F)O,X,X,X,4,1,1,0,0,0,N,N,N,N,O,O,55.859433,0.054379
2237,976587,O[SH](O)OC(F)(F)(F),CC(c1ccccn1)(c1ccccn1)c1cccc(Cc2ccccn2)n1,CCN,X,X,X,1,4,1,0,0,0,O,N,N,N,N,N,-104.584039,0.290242
2238,URUROQ,OC(O)c1ccc(C(O)O)nc1,OC(O)c1ccc(C(O)O)nc1,c1cnc2c(c1)ccc1cccnc12,X,X,X,2,2,2,0,0,0,N,N,N,N,O,O,43.29842469,0.109490365
2239,1996672,CC(C)(C)c1cccc(CNCc2ccccn2)c1O,CC(C)(C)c1cccc(CNCc2ccccn2)c1O,X,X,X,X,3,3,0,0,0,0,O,O,N,N,N,N,-35.857109,0.25879
2240,USAXIX,CC(O)CC(C)O,ON1C(C)(C)C(C)(C)N(O)C1C2=CNC3=CCC=CC3=N2,CC(O)CC(C)O,ON1C(C)(C)C(C)(C)N(O)C1C2=CNC3=CCC=CC3=N2,X,X,2,1,2,1,0,0,O,O,N,O,O,N,-0.001901,0.00131
2241,762047,ON(O)c1ccc(Sc2cccs2)c(N(O)O)c1,CC(NO)C(C)NO,CC(NO)C(C)NO,c1ccncc1,X,X,1,2,2,1,0,0,N,N,N,N,N,C,11.03678707,0.1296165
2242,USIHAG,CN(C)c1ccccc1Sc1ccc(N(O)O)cc1N(O)O,CC(NO)C(C)NO,CC(NO)C(C)NO,c1ccncc1,X,X,1,2,2,1,0,0,N,N,N,N,N,C,14.34136285,0.122607585
2243,1497322,NCS,NCS,NC(O)c1ccncc1,NC(O)c1ccncc1,NC(O)c1ccncc1,O,1,1,1,1,1,1,N,N,N,N,N,O,105.846765,0.249521
2244,UTAWIY,O/C(C)=C(C(C)=O)\CNC(C=CC=C1)=C1P(C2=CC=CC=C2)C3=CC=CC=C3,O/C(C)=C(C(C)=O)\CNC(C=CC=C1)=C1P(C2=CC=CC=C2)C3=CC=CC=C3,X,X,X,X,3,3,0,0,0,0,P,O,N,P,O,N,-74.224043,0.208443
2245,1889885,c1ccc(CCc2cc(-c3ccccn3)nc(-c3ccccn3)c2)cc1,c1ccc(CCc2cc(-c3ccccn3)nc(-c3ccccn3)c2)cc1,X,X,X,X,3,3,0,0,0,0,N,N,N,N,N,N,15.846656,0.133639
2246,UWABOK,NCS,O,c1cc(CCc2ccncc2)ccn1,NCS,O,c1cc(CCc2ccncc2)ccn1,1,1,1,1,1,1,N,O,N,N,O,N,-98.343893,0.266059
2247,701581,Cn1ccnc1,Cn1ccnc1,O=C1NC(C=C(C(O)=O)N1)=O,O,O,X,1,1,2,1,1,0,N,N,N,O,O,O,132.113414,0.090197
2248,UWITIE,CC1(C)COC(c2ccccc2N)=N1,CC1(C)COC(c2ccccc2N)=N1,NCS,NCS,X,X,2,2,1,1,0,0,N,N,N,N,N,N,125.406195,0.122364
2249,840907,CC1(C)COC(c2ccccc2N)=N1,CC1(C)COC(c2ccccc2N)=N1,ON(O)O,O,X,X,2,2,1,1,0,0,N,N,N,N,O,O,104.134531,0.182554
2250,UWONAX,Cl,Cl,c1(P(C2=CC=CC=C2)C3=CC=CC=C3)c(CNC4CCCCC4NCc5ccccc5P(C6=CC=CC=C6)C7=CC=CC=C7)cccc1,X,X,X,1,1,4,0,0,0,Cl,Cl,P,N,N,N,80.809598,0.074451
2251,1475850,P(C1=CC=CC=C1)(C2=CC=CC=C2CNC3CCCCC3NCC4=CC=CC=C4P(C5=CC=CC=C5)C6=CC=CC=C6)C7=CC=CC=C7,Cl,Cl,X,X,X,4,1,1,0,0,0,P,Cl,Cl,N,Cl,N,114.766953,0.29558
2252,UXEPOD,CC(O)C(O)O,CC(O)C(O)O,O,O,X,X,2,2,1,1,0,0,O,O,O,O,O,O,102.371237,0.169254
2253,1497343,c1ccc(Cn2cncn2)cc1,c1ccc(Cn2cncn2)cc1,NCNCN,c1ccc(Cn2cncn2)cc1,c1ccc(Cn2cncn2)cc1,NCNCN,1,1,1,1,1,1,N,N,N,N,N,N,82.039523,0.001602
2254,UZOQIM,c1ccc(CN2CCCNCCN(Cc3ccccn3)CCCNCC2)nc1,X,X,X,X,X,6,0,0,0,0,0,N,N,N,N,N,N,90.130692,0.272448
2255,1435522,O,O,O=C1NC(N(CC(O)=O)C=C1)=O,O,O,O=C1NC(N(CC(O)=O)C=C1)=O,1,1,1,1,1,1,O,O,O,O,O,O,89.112702,0.220019
2256,VAHDOA,Nc1nc(N)c2[nH]cnc2n1,O,O,Nc1nc(N)c2[nH]cnc2n1,O,O,1,1,1,1,1,1,N,O,O,N,O,O,68.620712,0.276581
2257,772154,CN(CCN(Cc1ccccn1)Cc1ccccn1)Cc1ccccn1,Cl,X,X,X,X,5,1,0,0,0,0,Cl,N,N,N,N,N,32.679603,0.194165
2258,VAHGUI,c1ccc(CN(CCN(Cc2ccccn2)Cc2ccccn2)Cc2ccccn2)cc1,CC(O)O,X,X,X,X,5,1,0,0,0,0,N,N,N,N,N,O,-31.461641,0.253747
2260,VAKRUX,OC(c1c(C(O)O)[nH]c(c2cccc(Br)c2)n1)O,OC(c1c(C(O)O)[nH]c(c2cccc(Br)c2)n1)O,O,O,X,X,2,2,1,1,0,0,N,O,O,N,O,O,-108.720785,0.291226
2261,VAKTUW,Cl,CC1=NCCNC(C)(C)CC(C)=NCCNC(C)(C)C1,Cl,X,X,X,1,4,1,0,0,0,Cl,N,N,N,N,Cl,55.963363,0.122861
2262,823022,OC(O)c1ccc2ccccc2n1,COO,OC(O)c1ccc2ccccc2n1,COO,X,X,2,1,2,1,0,0,N,O,O,N,O,O,-129.687104,0.175974
2263,VAPQOV,Nc1ccc(C(O)O)cc1,O,O,Nc1ccc(C(O)O)cc1,O,O,1,1,1,1,1,1,O,O,O,O,O,O,-112.850732,0.324939
2264,848944,Cc1c(Cl)cccc1Nc1ccccc1C(O)O,c1ccc(-c2ccccn2)nc1,CO,Cc1c(Cl)cccc1Nc1ccccc1C(O)O,CO,X,1,2,1,1,1,0,N,O,O,N,O,O,109.597374,0.004656
2265,VAQFOK,Cc1c(Cl)cccc1Nc1ccccc1C(O)O,Cc1c(Cl)cccc1Nc1ccccc1C(O)O,c1ccc(Nc2ccccn2)nc1,X,X,X,2,2,2,0,0,0,N,N,O,O,O,O,-56.037078,0.142991
2266,833740,c1ccc(-c2nnc(-c3ccccn3)s2)nc1,CO,c1ccc(-c2nnc(-c3ccccn3)s2)nc1,CO,X,X,2,1,2,1,0,0,N,N,O,N,N,O,88.795121,0.191303
2267,VATGOM,CC(NO)C(C)NO,CC(NO)C(C)NO,Cc1cc2ncn(C)c2cc1C,C1CCCCC1,X,X,2,2,1,1,0,0,N,N,N,N,N,C,15.46784846,0.175232738
2268,294431,CC(O)O,CC(O)O,c1ccc(-c2cccc(-c3ccccn3)n2)nc1,X,X,X,2,1,3,0,0,0,O,O,O,N,N,N,78.660991,0.083596
2269,VELPOU,OCc1cc(Cl)cc(Cl)c1O,OCc1cc(Cl)cc(Cl)c1O,c1ccncc1,c1ccncc1,X,X,2,2,1,1,0,0,O,O,O,O,N,N,100.202918,0.268289
2270,1584255,Cl,Cl,c1ccc(C(c2ccccc2)C(c2cccc(-c3ccccn3)n2)c2cccc(-c3ccccn3)n2)cc1,X,X,X,1,1,4,0,0,0,Cl,Cl,N,N,N,N,39.621011,0.16735
2271,VERNUC,NCS,Cc1ccncc1,Cc1ccncc1,NCS,Cc1ccncc1,Cc1ccncc1,1,1,1,1,1,1,N,N,N,N,N,N,133.69243,0.140223
2272,865873,O,O,O,Cc1[nH]nc(NCNc2n[nH]c(C)c2C(C)O)c1C(C)O,X,X,1,1,1,3,0,0,O,O,O,O,N,N,-5.606533,0.065884
2274,VIGSAF01,CP(C1=CC=CC=C1)C,CC(NO)C(C)NO,CC(NO)C(C)NO,CCCN,X,X,1,2,2,1,0,0,P,N,N,N,N,C,14.34035356,0.17818354
2275,935550,NCS,CO,CO,NCS,CO,CO,1,1,1,1,1,1,N,O,O,N,O,O,83.444043,0.240472
2276,VIJTEO,NC1=C(O)C(O)=C1O,O,O,NC1=C(O)C(O)=C1O,O,O,1,1,1,1,1,1,O,O,O,O,O,O,100.164189,0.193345
2277,634206,Br,Br,Cc1cc(C)c(NC(C)c2cccc(C(Nc3c(C)cc(C)cc3C)c3cccc(C(C)Nc4c(C)cc(C)cc4C)n3)n2)c(C)c1,X,X,X,1,1,4,0,0,0,Br,Br,N,N,N,N,47.777252,0.105225
2278,VILBEA,OCc1cccc(CO)n1,OC(O)c1cccc(C(O)O)n1,X,X,X,X,3,3,0,0,0,0,O,O,O,O,N,N,-89.503192,0.154198
2279,644610,CC(C)CCc1c(O)c(O)c2ccccc2c1O,CCO,CC(C)CCc1c(O)c(O)c2ccccc2c1O,CCO,X,X,2,1,2,1,0,0,O,O,O,O,O,O,-11.659877,0.268205
2280,VIMCCO,Cl,CCn1ccnc1,CCn1ccnc1,Cl,CCn1ccnc1,CCn1ccnc1,1,1,1,1,1,1,Cl,N,N,Cl,N,N,14.17805,0.10255
2281,928580,Br,Br,OC(c1ccccn1)c1cccc(C(O)c2ccccn2)n1,CCN,X,X,1,1,3,1,0,0,Br,Br,N,N,N,N,112.356661,0.183356
2282,VINDIH,Oc1cccc2ccc(-c3ccccn3)nc12,Oc1cccc2ccc(-c3ccccn3)nc12,X,X,X,X,3,3,0,0,0,0,O,N,N,O,N,N,-27.539563,0.289273
2283,904043,Oc1ccccc1CNCCNS(O)(O)c1ccccc1N(O)O,Oc1ccccc1CNCCNS(O)(O)c1ccccc1N(O)O,X,X,X,X,3,3,0,0,0,0,O,O,N,N,N,N,31.683027,0.216819
2284,VIQKIR,ON(O)O,c1cn[nH]c1,c1cn[nH]c1,ON(O)O,c1cn[nH]c1,c1cn[nH]c1,1,1,1,1,1,1,N,O,N,N,O,N,96.201978,0.188436
2285,2244658,Cl,Cl,CCc1[nH]ncc1CN,CCc1[nH]ncc1CN,CCc1[nH]ncc1CN,CCc1[nH]ncc1CN,1,1,1,1,1,1,Cl,Cl,N,N,N,N,106.086619,0.05739
2286,VIYGIU,OC(O)c1ccc2ccccc2n1,CCO,OC(O)c1ccc2ccccc2n1,CCO,X,X,2,1,2,1,0,0,N,O,O,N,O,O,73.544557,0.310792
2287,VOBZAP,Cc1nnc(-c2ccccn2)n1C,CO,Cc1nnc(-c2ccccn2)n1C,CO,X,X,2,1,2,1,0,0,N,N,O,N,N,O,34.007537,0.134264
2288,1285393,CC(O)CC(C)O,OC(O)O,Nc1ccccn1,Nc1ccccn1,X,X,2,2,1,1,0,0,O,O,O,O,N,N,30.03404906,0.164518568
2290,942745,Cc1nnc(-c2ccccn2)n1C,NCS,Cc1nnc(-c2ccccn2)n1C,NCS,X,X,2,1,2,1,0,0,N,N,N,N,N,N,4.359528077,0.162910955
2291,VOGBOJ,Cc1ccc(Cl)cc1,ONC(c1ccccc1)C(NO)c1ccccc1,ONCCNO,c1ccncc1,X,X,1,2,2,1,0,0,N,N,N,N,N,C,15.69938185,0.184234788
2292,1511552,OC(O)c1cc(C(O)O)c(C(O)O)c(C(O)O)c1,O,O,O,c1cnc2c(c1)ccc1cccnc12,X,1,1,1,1,2,0,O,O,O,O,N,N,7.171966795,0.181438608
2293,VOJQOB,c1cnc2c(c1)ccc1cccnc12,c1cnc2c(c1)ccc1cccnc12,X,O,[O]S([O])([O])C(C=C1)=CC=C1NC2=NC(NC3=CC=C(S([O])([O])[O])C=C3)N=C(NC4=CC=C(S([O])([O])[O])C=C4)N2,X,2,2,1,1,0,0,N,N,N,N,O,O,46.3177817,0.150684115
2294,837593,Oc1cccc(C(O)O)c1,CCN(CC)C(O)c1cccnc1,O,Oc1cccc(C(O)O)c1,CCN(CC)C(O)c1cccnc1,O,1,1,1,1,1,1,N,O,O,N,O,O,94.82037,0.295516
2296,997503,c1cnc2c(c1)ccc1cccnc12,NCNCN,c1cnc2c(c1)ccc1cccnc12,NCNCN,X,X,2,1,2,1,0,0,N,N,N,N,N,N,89.48213074,0.146161728
2297,VOPPEX,COC(O)c1ccc(C(O)Nc2ncccn2)cc1,CO,COC(O)c1ccc(C(O)Nc2ncccn2)cc1,CO,X,X,2,1,2,1,0,0,O,O,N,O,O,N,123.792161,0.097408
2298,987789,COC(O)c1ccc(C(O)Nc2ncccn2)cc1,CO,COC(O)c1ccc(C(O)Nc2ncccn2)cc1,CO,X,X,2,1,2,1,0,0,O,N,O,O,N,O,128.353048,0.088961
2299,VOPYAA,C12=CC=CC=C1NC(CSCCSCC3NC(C=CC=C4)=C4N3)N2,O,O,X,X,X,4,1,1,0,0,0,O,O,N,N,O,O,-119.409523,0.17607
2300,726286,CC(C)NNC(O)c1ccccc1O,c1ccncc1,CC(C)NNC(O)c1ccccc1O,c1ccncc1,X,X,2,1,2,1,0,0,N,N,O,N,N,O,-70.952633,0.289626
2301,VOWWIP,OC(O)Cc1ccccc1N(O)O,O,O,OC(O)Cc1ccccc1N(O)O,O,O,1,1,1,1,1,1,O,O,O,O,O,O,94.746985,0.289615
2302,1938665,CC(C)N(CC(O)Nc1ccccc1)CC(O)Nc1ccccc1,CC(C)N(CC(O)Nc1ccccc1)CC(O)Nc1ccccc1,X,X,X,X,3,3,0,0,0,0,O,N,O,O,N,O,52.070238,0.143569
2303,VOYZEQ,CC1COC(c2cccc(C3=NC(C)CO3)n2)=N1,CC1COC(c2cccc(C3=NC(C)CO3)n2)=N1,X,X,X,X,3,3,0,0,0,0,N,N,N,N,N,N,92.154954,0.067177
2304,979277,Clc1cc(C2=NCCO2)nc(C2=NCCO2)c1,Clc1cc(C2=NCCO2)nc(C2=NCCO2)c1,X,X,X,X,3,3,0,0,0,0,N,N,N,N,N,N,53.863008,0.249921
2305,VOZPOR,OC(Cc1ccccn1)C(F)(F)F,CN(C)c1ccncc1,OC(Cc1ccccn1)C(F)(F)F,CN(C)c1ccncc1,X,X,2,1,2,1,0,0,O,N,N,O,N,N,87.177087,0.154278
2306,1406609,OC(O)c1cc(C(O)O)cc(C(O)O)c1,O,O,OC(O)c1cc(C(O)O)cc(C(O)O)c1,O,O,1,1,1,1,1,1,O,O,O,O,O,O,22.71839564,0.179797263
2307,VUJWEE,Cc1nc(C(O)O)cs1,Cc1nc(C(O)O)cs1,c1cnc2c(c1)ccc1cccnc12,X,X,X,2,2,2,0,0,0,O,O,N,N,N,N,-104.304783,0.278142
2308,1288549,Cc1nc(C(O)O)cs1,Cc1nc(C(O)O)cs1,c1cnc2c(c1)ccc1cccnc12,X,X,X,2,2,2,0,0,0,O,O,N,N,N,N,-104.304787,0.278142
2309,VUVJAA,CCN(CC)CCNCc1c(C)nn(-c2ccccc2)c1O,CC(O)O,CO,O,X,X,3,1,1,1,0,0,O,O,O,O,N,N,117.957416,0.257518
2310,1431271,OCCN(CCO)CC(O)O,OCCN(CCO)CC(O)O,X,X,X,X,3,3,0,0,0,0,N,N,O,O,O,O,-70.432807,0.225753
2311,VUXTAK,c1cnc2c(c1)ccc1cccnc12,OC(O)c1ccc(C(O)O)s1,O,O,O,X,2,1,1,1,1,0,N,N,O,O,O,O,-60.693919,0.302858
2313,VUYBOH,NCO,c1cnc2c(c1)ccc1cccnc12,NCO,c1cnc2c(c1)ccc1cccnc12,X,X,1,2,1,2,0,0,N,N,N,N,N,N,-109.078501,0.32869
2314,1409740,CCCC(CCC)C(O)O,c1c[nH]cn1,CCCC(CCC)C(O)O,c1c[nH]cn1,X,X,2,1,2,1,0,0,O,O,N,O,O,N,58.58028,0.173979
2315,VUYRAK,CCCC(CCC)C(O)O,O,CCCC(CCC)C(O)O,c1cnc2c(c1)ccc1cccnc12,X,X,1,1,2,2,0,0,O,O,O,O,N,N,54.789991,0.210189
2316,1288835,CC(NO)C(C)NO,CC(NO)C(C)NO,c1ccncc1,CCN,X,X,2,2,1,1,0,0,N,N,N,N,N,C,-10.359689,0.226931
2317,VUYWER,CC(NO)C(C)NO,CC(NO)C(C)NO,c1ccncc1,Cc1ccccc1,X,X,2,2,1,1,0,0,N,N,N,N,N,C,12.46580204,0.160570697
2318,972884,Cc1nn(-c2ccccc2)c(O)c1C(O)c1ccccc1,CN(C)CO,Cc1nn(-c2ccccc2)c(O)c1C(O)c1ccccc1,CN(C)CO,X,X,2,1,2,1,0,0,O,O,O,O,O,O,111.006463,0.200171
2319,WACHUE,Cc1[nH]cnc1CO,Cc1[nH]cnc1CO,Cc1[nH]cnc1CO,Cc1[nH]cnc1CO,X,X,2,1,2,1,0,0,O,N,N,O,N,N,-5.655445,0.08424
2320,752995,O,O,Nc1cnccn1,O,O,Nc1cnccn1,1,1,1,1,1,1,O,O,N,O,O,N,108.864407,0.266132
2321,WAHXUY,SCCN(Cc1ccccn1)Cc1ccccc1S,CCN(Cc1ccccc1)Cc1ccccn1,X,X,X,X,4,2,0,0,0,0,S,S,N,N,N,N,-87.072739,0.026458
2322,1412225,COCCN(Cc1ccccn1)Cc1ccccn1,Cl,Cl,X,X,X,4,1,1,0,0,0,N,N,N,O,Cl,Cl,109.591263,0.232058
2323,WAKROQ,NC(N)S,CC(CNO)NO,NC(N)S,CC(CNO)NO,X,X,1,2,1,2,0,0,S,N,N,S,N,N,14.274365,0.1715088
2324,979065,C1(/C=CNC=C1)=C2CS/C(S/2)=C3SC(OCO4)=C4S\3,CC(O)CC(C)O,C1(/C=CNC=C1)=C2CS/C(S/2)=C3SC(OCO4)=C4S\3,CC(O)CC(C)O,X,X,1,2,1,2,0,0,O,O,N,O,O,N,64.56693077,0.103349437
2325,WAKXIQ,NC(N)S,ONc1ccccc1NO,NC(N)S,ONc1ccccc1NO,X,X,1,2,1,2,0,0,S,N,N,S,N,N,6.042277162,0.15417401
2326,271869,Cn1ccnc1CNCCN(CCNCc1nccn1C)CCNCc1nccn1C,X,X,X,X,X,6,0,0,0,0,0,N,N,N,N,N,N,44.147918,0.001422
2327,WAMVEL,Cl,Cl,c1cnc(-c2ncccn2)nc1,c1cnc(-c2ncccn2)nc1,X,X,1,1,2,2,0,0,Cl,Cl,N,N,N,N,55.753058,0.118274
2328,263308,OC(O)CSCC(O)O,O,c1ccc(-c2ccccn2)nc1,X,X,X,3,1,2,0,0,0,S,O,O,O,N,N,63.358516,0.050778
2329,WANWER,Fc1c(F)c(F)c(C2=C3C=CC(=N3)C(c3c(F)c(F)c(F)c(F)c3F)=C3C=CC(=N3)C(c3c(F)c(F)c(F)c(F)c3F)=C3C=CC(=N3)C(c3c(F)c(F)c(F)c(F)c3F)=C3C=CC2=N3)c(F)c1F,C1CCOC1,ONO,X,X,X,4,1,1,0,0,0,O,N,N,N,N,N,54.24171029,0.11654069
2330,830816,OC(NC(O)c1cnccn1)c1cnccn1,OC(NC(O)c1cnccn1)c1cnccn1,X,X,X,X,3,3,0,0,0,0,N,N,N,N,N,N,-130.156146,0.264041
2331,WAWCIK,OCc1c(O)c(Br)cc(Cl)c1,OCc1c(O)c(Br)cc(Cl)c1,O,O,X,X,2,2,1,1,0,0,O,O,O,O,O,O,97.349475,0.030451
2332,290562,Cl,Cl,c1cc(-c2cc[nH]n2)ccn1,c1cc(-c2cc[nH]n2)ccn1,c1cc(-c2cc[nH]n2)ccn1,c1cc(-c2cc[nH]n2)ccn1,1,1,1,1,1,1,Cl,Cl,N,N,N,N,63.5686149,0.117543677
2333,WAWYEY,CNN1C(CC)NNC1S,CNN1C(CC)NNC1S,O,O,X,X,2,2,1,1,0,0,N,S,N,S,O,O,71.93600292,0.093212503
2334,2132848,NCS,NCS,O,NCS,NCS,O,1,1,1,1,1,1,O,N,N,O,N,N,51.01649424,0.158711882
2335,WAZDEI,CC(NNC(O)c1ccccc1)c1nc2ccccc2[nH]1,CC(NNC(O)c1ccccc1)c1nc2ccccc2[nH]1,X,X,X,X,3,3,0,0,0,0,O,O,N,N,N,N,33.522289,0.155502
2336,2072383,O,O,O,O,O=C1NC(C(O)=O)=C(N(O)O)C(N1)=O,X,1,1,1,1,2,0,O,O,O,O,N,O,106.008978,0.279966
2337,WEBGUF,CC(NO)C(C)NO,CC(NO)C(C)NO,C1CCNC1,CCCN,X,X,2,2,1,1,0,0,N,N,N,N,N,C,7.34388502,0.15971126
2338,980920,Cl,Cc1ccn[nH]1,Cc1ccn[nH]1,Cl,Cc1ccn[nH]1,Cc1ccn[nH]1,1,1,1,1,1,1,Cl,N,N,Cl,N,N,76.462959,0.145179
2339,WECCIT,OC(O)c1ccccc1-c1ccccc1C(O)O,Cc1cnc[nH]1,Cc1cnc[nH]1,Cc1cnc[nH]1,Cc1cnc[nH]1,X,2,1,1,1,1,0,O,N,N,O,N,N,117.639736,0.119942
2340,870432,c1ccc(-c2ccccn2)nc1,OC(O)c1ccc(Oc2ccc(C(O)O)c(C(O)O)c2)cc1C(O)O,O,O,O,X,2,1,1,1,1,0,N,N,O,O,O,O,47.53491677,0.139950453
2341,WEFPAZ,C12=NC(C3=CN/C(C=C3)=C4NC5=CC=CC=C5N\4)=NC1=CC=CC2,C12=NC(C3=CN/C(C=C3)=C4NC5=CC=CC=C5N\4)=NC1=CC=CC2,C12=NC(C3=CN/C(C=C3)=C4NC5=CC=CC=C5N\4)=NC1=CC=CC2,X,X,X,2,2,2,0,0,0,N,N,N,N,N,N,45.43471999,0.106191225
2342,886356,OCCCCCCOc1cc(-c2ccccn2)nc(-c2ccccn2)c1,OCCCCCCOc1cc(-c2ccccn2)nc(-c2ccccn2)c1,X,X,X,X,3,3,0,0,0,0,N,N,N,N,N,N,-1.22059,0.003003
2343,WEJNAB,O,ON(O)c1ccc2[nH]cnc2c1,Oc1cccc(C(O)O)c1,O,ON(O)c1ccc2[nH]cnc2c1,Oc1cccc(C(O)O)c1,1,1,1,1,1,1,O,O,N,O,O,N,88.66998,0.050485
2344,WEJNOO,NC(O)NNC(c1ccccn1)c1ccccn1,NC(O)NNC(c1ccccn1)c1ccccn1,X,X,X,X,3,3,0,0,0,0,O,O,N,N,N,N,2.451720762,0.164048923
2345,WEJRAE,CC(C=C1C)NC(S)N1C2=CC=CC=C2,O,O,O,O,X,2,1,1,1,1,0,S,O,O,O,O,N,-18.14316881,0.187421877
2346,1582544,Brc1cncnc1,CC(O)CC(C)O,Brc1cncnc1,CC(O)CC(C)O,X,X,1,2,1,2,0,0,O,O,N,O,O,N,84.372655,0.049026
2347,WEKNUY,Brc1cncnc1,CC(O)CC(C)O,Brc1cncnc1,CC(O)CC(C)O,X,X,1,2,1,2,0,0,O,O,N,O,O,N,88.44931,0.036345
2348,1582547,Clc1cccnc1,CC(O)CC(C)O,Clc1cccnc1,CC(O)CC(C)O,X,X,1,2,1,2,0,0,O,O,N,O,O,N,80.246208,0.007696
2349,WEKPEK,Clc1cnccn1,CC(O)CC(C)O,Clc1cnccn1,CC(O)CC(C)O,X,X,1,2,1,2,0,0,O,O,N,O,O,N,86.296207,0.029944
2350,1582549,Ic1cncnc1,CC(O)CC(C)O,Ic1cncnc1,CC(O)CC(C)O,X,X,1,2,1,2,0,0,O,O,N,O,O,N,87.543111,0.031584
2352,2159257,Brc1cncnc1,CC(O)CC(C)O,Brc1cncnc1,CC(O)CC(C)O,X,X,1,2,1,2,0,0,O,O,N,O,O,N,94.456801,0.001863
2353,WEKWAO,NCS,Brc1cccnc1,Brc1cccnc1,Brc1cccnc1,Brc1cccnc1,NCS,1,1,1,1,1,1,N,N,N,N,N,N,107.795879,0.20669
2354,2159260,NCS,Brc1cccnc1,Brc1cccnc1,CO,NCS,CO,1,1,1,1,1,1,N,N,O,N,N,O,-86.494404,0.302396
2355,WELBAT,Ic1cccnc1,CC(O)CC(C)O,Ic1cccnc1,CC(O)CC(C)O,X,X,1,2,1,2,0,0,O,O,N,O,O,N,86.072962,0.083237
2356,902070,CN(CCN1CC(OC=C2)=C(O)C2=O)CCN(CC3=C(O)C(C=CO3)=O)CCN(CC1)C,X,X,X,X,X,6,0,0,0,0,0,O,N,N,O,N,N,-15.083039,0.250941
2357,WELGIF,CN1CCN(Cc2cc(N(O)O)ccc2O)CCN(C)CCN(Cc2cc(N(O)O)ccc2O)CC1,X,X,X,X,X,6,0,0,0,0,0,O,N,N,O,N,N,-27.776657,0.11212
2358,1813239,OC(O)c1cnccn1,OC(O)c1cnccn1,COC(O)c1cnccn1,ONO,X,X,2,2,1,1,0,0,O,O,N,N,N,N,39.09920368,0.121853872
2359,WEMLIN,CCSCC1=CC=CC(CSCC)=C1,CCSCC1=CC=CC(CSCC)=C1,X,X,X,X,3,3,0,0,0,0,S,S,S,S,C,C,-108.044373,0.189476
2360,1482101,O,OC(O)c1ccccn1,O,OC(O)c1ccccn1,X,X,1,2,1,2,0,0,O,N,O,O,N,O,-80.030299,0.308935
2361,WEPLEI,OC1=CC=CCN1CC2=CC=CC=C2CN3CC=CC=C3O,CO,OC1=CC=CCN1CC2=CC=CC=C2CN3CC=CC=C3O,CO,X,X,2,1,2,1,0,0,O,O,O,O,O,O,93.37029,0.043221
2362,624983,c1ccc(-c2nc(-c3ccccn3)nc(-c3ccccn3)n2)nc1,OC(O)C(O)O,O,X,X,X,3,2,1,0,0,0,N,N,N,O,O,O,124.650781,0.228861
2363,WEQZIF,Cc1ccc(C(O)O)cc1,Cc1ccc(C(O)O)cc1,Cc1ccc2ccc3ccc(C)nc3c2n1,X,X,X,2,2,2,0,0,0,O,O,O,O,N,N,68.650287,0.165652
2364,2055148,Brc1ccc(c2ccc(c3cc(c4ncccc4)nc(c5ncccc5)c3)cc2)cc1,Brc1ccc(c2ccc(c3cc(c4ncccc4)nc(c5ncccc5)c3)cc2)cc1,X,X,X,X,3,3,0,0,0,0,N,N,N,N,N,N,7.791887,0.083912
2365,WEWBUV,Cl,CO,CO,c1cc(-c2nc3ccccc3[nH]2)nc(-c2nc3ccccc3[nH]2)c1,X,X,1,1,1,3,0,0,Cl,O,O,N,N,N,98.856702,0.199446
2368,712168,Oc1c(Cl)cc(Cl)cc1CNOCCONCc1cc(Cl)cc(Cl)c1O,O,O,X,X,X,4,1,1,0,0,0,N,N,O,O,O,O,94.797637,0.307424
2369,WEYROJ,Oc1ccccc1C(O)c1ccccc1,Oc1ccccc1C(O)c1ccccc1,Cc1ccc2ccc3ccc(C)nc3c2n1,X,X,X,2,2,2,0,0,0,O,O,O,O,N,N,-62.259985,0.232832
2370,706351,COc1ccc2nc(C(O)O)sc2c1,CN(C)CO,COc1ccc2nc(C(O)O)sc2c1,CN(C)CO,X,X,2,1,2,1,0,0,N,O,O,N,O,O,59.997903,0.070199
2371,WEYTON,O=C(O)C(C=C1)=CC=C1NC(O2)C3=CC=CC=C3C2=O,CO,CO,O=C(O)C(C=C1)=CC=C1NC(O2)C3=CC=CC=C3C2=O,CO,CO,1,1,1,1,1,1,O,O,O,O,O,O,-95.470104,0.274342
2372,2242297,NC[SeH],NC[SeH],COc1ccncc1,COc1ccncc1,COc1ccncc1,COc1ccncc1,1,1,1,1,1,1,N,N,N,N,N,N,-14.691713,0.268809
2373,WIBFEV,COC(c1cc[nH]n1)(c1cc[nH]n1)c1cccc(C(OC)(c2cc[nH]n2)c2cc[nH]n2)n1,ON(O)O,X,X,X,X,5,1,0,0,0,0,N,N,N,N,N,O,61.595631,0.056372
2374,1837826,COC(c1cc[nH]n1)(c1cc[nH]n1)c1cccc(C(OC)(c2cc[nH]n2)c2cc[nH]n2)n1,CO,X,X,X,X,5,1,0,0,0,0,N,N,O,N,N,N,51.8531,0.18822
2375,WIBFOC,CC(O)NC1C(O)C(NC(C)O)C(O)C(NC(C)O)C1O,CC(O)NC1C(O)C(NC(C)O)C(O)C(NC(C)O)C1O,X,X,X,X,3,3,0,0,0,0,O,O,O,O,O,O,-112.213943,0.166914
2376,1837829,COC(c1cc[nH]n1)(c1cc[nH]n1)c1cccc(C(OC)(c2cc[nH]n2)c2cc[nH]n2)n1,Cl,X,X,X,X,5,1,0,0,0,0,N,N,N,Cl,N,N,48.173422,0.026706
2377,WIBGAP,NC1CC(N)CC(N)C1,OC1C(O)C(O)C(O)C(O)C1O,X,X,X,X,3,3,0,0,0,0,N,N,N,O,O,O,-91.691921,0.207364
2378,293244,CC(C(C)(C)N/1O)(C)N(O)C1=C2C=CNC=C/2,CC(C(C)(C)N/1O)(C)N(O)C1=C2C=CNC=C/2,Oc1cc(C(O)O)nc(C(O)O)c1,O,X,X,1,1,3,1,0,0,O,O,O,N,N,N,-7.894468338,0.195802978
2379,WICRAC,Oc1cccnc1-c1ncccc1O,Oc1cccnc1-c1ncccc1O,Oc1cccnc1-c1ncccc1O,X,X,X,2,2,2,0,0,0,N,N,N,N,N,N,-0.050289815,0.156206717
2380,2244087,O[SH](O)OC(F)(F)(F),O[SH](O)OC(F)(F)(F),c1cc(-c2cccc(-c3cccc4cccnc34)n2)nc(-c2cccc3cccnc23)c1,X,X,X,1,1,4,0,0,0,O,O,N,N,N,N,-71.555805,0.1924
2381,WIHNUY,c1ccc(Nc2ccccn2)nc1,c1ccc(Nc2ccccn2)nc1,OCc1cc(N(O)O)ccc1O,X,X,X,2,2,2,0,0,0,N,N,N,N,O,O,-92.960077,0.249926
2382,1854821,BrCc1cc(n2nccc2)nc(n3nccc3)c1,BrCc1cc(n2nccc2)nc(n3nccc3)c1,X,X,X,X,3,3,0,0,0,0,N,N,N,N,N,N,58.826878,0.266259
2383,WIKMUZ,OCc1cc(Cl)ccc1O,OCc1cc(Cl)ccc1O,Cc1ccc2ccc3ccc(C)nc3c2n1,X,X,X,2,2,2,0,0,0,O,O,O,O,N,N,-62.674507,0.248446
2384,613000,Cc1ccc(O)c(CO)c1,Cc1ccc(O)c(CO)c1,Cc1ccc2ccc3ccc(C)nc3c2n1,X,X,X,2,2,2,0,0,0,O,O,O,O,N,N,-73.185828,0.215719
2385,WIKNEK,OCc1cc(N(O)O)ccc1O,OCc1cc(N(O)O)ccc1O,c1cnc2c(c1)ccc1cccnc12,X,X,X,2,2,2,0,0,0,O,O,O,O,N,N,42.332634,0.270909
2386,1835040,O,O,Cc1cc(C)[nH]n1,Cc1cc(C)[nH]n1,Cc1cc(C)[nH]n1,Cc1cc(C)[nH]n1,1,1,1,1,1,1,O,O,N,N,N,N,-109.040535,0.332038
2387,WIPLAI,O=C1N(C)C(N)C(CNN/C(O)=C2C=CC=CC\2)C(N1C)=O,O=C1N(C)C(N)C(CNN/C(O)=C2C=CC=CC\2)C(N1C)=O,X,X,X,X,3,3,0,0,0,0,N,N,O,N,N,O,50.067522,0.107677
2388,WIRFAE,OC(O)c1cccnc1C(O)O,O,OC(O)c1cccnc1C(O)O,O,X,X,2,1,2,1,0,0,O,O,N,O,O,N,-91.962457,0.304408
2389,2201104,FC(F)(F)Oc1ccc(-c2cc(-c3ccccn3)nc(-c3ccccn3)c2)cc1,FC(F)(F)Oc1ccc(-c2cc(-c3ccccn3)nc(-c3ccccn3)c2)cc1,X,X,X,X,3,3,0,0,0,0,N,N,N,N,N,N,93.715216,0.08047
2390,WISMOE,FC(F)(F)C(F)(F)C(F)(F)C(F)(F)C(F)(F)C(F)(F)C(F)(F)C(F)(F)CCOc1ccc(-c2cc(-c3ccccn3)nc(-c3ccccn3)c2)cc1,FC(F)(F)C(F)(F)C(F)(F)C(F)(F)C(F)(F)C(F)(F)C(F)(F)C(F)(F)CCOc1ccc(-c2cc(-c3ccccn3)nc(-c3ccccn3)c2)cc1,X,X,X,X,3,3,0,0,0,0,N,N,N,N,N,N,18.14509785,0.068783123
2391,644859,OC(O)c1ccc2ncccc2c1,O,O,OC(O)c1ccc2ncccc2c1,O,O,1,1,1,1,1,1,N,O,O,N,O,O,33.29487117,0.184770437
2392,WIWPAV,OS(O)(O)O,O,O,OS(O)(O)O,O,O,1,1,1,1,1,1,O,O,O,O,O,O,46.318364,0.149744
2393,128886,SC1N(N)C(CCC)=NN1,O,SC1N(N)C(CCC)=NN1,O,X,X,2,1,2,1,0,0,S,S,O,O,O,O,7.29376,0.061195
2394,WIZHUL,C12CCCCC1NC(C3NC(CCCC4)C4N3)CC2,CO,Cl,Cl,X,X,3,1,1,1,0,0,N,N,N,O,Cl,Cl,97.516471,0.124816
2395,1871157,C12CCCCC1NC(C3NC(CCCC4)C4N3)CC2,CO,Cl,Cl,X,X,3,1,1,1,0,0,N,N,N,O,Cl,Cl,103.13559,0.109487
2396,WIZXAG,NC[SeH],c1cnc2c(c1)ccc1cccnc12,NC[SeH],c1cnc2c(c1)ccc1cccnc12,X,X,1,2,1,2,0,0,N,N,N,N,N,N,123.542911,0.186134
2397,937901,COc1ccccc1NNc1c(O)ccc2ccccc12,COc1ccccc1NNc1c(O)ccc2ccccc12,X,X,X,X,3,3,0,0,0,0,O,O,O,N,N,O,18.12577379,0.132647542
2398,WOCKEE,CC(NO)C(C)NO,CC(NO)C(C)NO,CCC(N)O,CC(N)c1cccc2ccccc12,X,X,2,2,1,1,0,0,N,N,N,N,N,C,4.67778886,0.170239667
2399,971392,CC(NNc1c(F)c(F)c(F)c(F)c1F)c1ccccn1,NNN,CC(NNc1c(F)c(F)c(F)c(F)c1F)c1ccccn1,NNN,X,X,2,1,2,1,0,0,N,N,N,N,N,N,53.728301,0.06714
2400,WODDUO,CC(NO)C(C)NO,CC(NO)C(C)NO,COC(O)C(C)N,CCCN,X,X,2,2,1,1,0,0,N,N,N,N,N,C,22.787197,0.317317
2401,673688,Cl,O,Cc1cccc(-c2cccc(-c3cccc(-c4cccc(C)n4)n3)n2)n1,X,X,X,1,1,4,0,0,0,Cl,O,N,N,N,N,41.750231,0.115377
2402,WODTEP,C[SH](C)O,CN1C(C(O)Nc2ccccn2)=C(O)c2sccc2S1(O)O,C[SH](C)O,CN1C(C(O)Nc2ccccn2)=C(O)c2sccc2S1(O)O,X,X,1,2,1,2,0,0,O,O,N,O,O,N,85.222158,0.076641
2403,139407,Cc1ccc(S(O)(O)Nc2ccccn2)cc1,CN(C)CO,Cc1ccc(S(O)(O)Nc2ccccn2)cc1,CN(C)CO,X,X,2,1,2,1,0,0,N,N,O,N,N,O,45.712986,0.126095
2404,WOJDII,Cc1ccc(S(O)(O)Nc2ccccn2)cc1,Cc1ccc(S(O)(O)Nc2ccccn2)cc1,c1ccc(-c2ccccn2)nc1,X,X,X,2,2,2,0,0,0,N,N,N,N,N,N,-110.244867,0.115393
2405,139409,Cc1ccc(S(O)(O)Nc2ccccn2)cc1,Cc1ccc(S(O)(O)Nc2ccccn2)cc1,c1cnc2c(c1)ccc1cccnc12,X,X,X,2,2,2,0,0,0,N,N,N,N,N,N,110.223381,0.181468
2406,WOJNOY,CC1(C)N=C(CC(O)C(N)O)C(C)(C)N1O,CC1(C)N=C(CC(O)C(N)O)C(C)(C)N1O,CO,CO,X,X,2,2,1,1,0,0,O,N,O,O,N,O,96.508979,0.274345
2407,WOKTUM,COc1cc(-c2ccccn2)nc(-c2ccccn2)c1,COc1cc(-c2ccccn2)nc(-c2ccccn2)c1,X,X,X,X,3,3,0,0,0,0,N,N,N,N,N,N,-5.701464,0.312848
2408,895740,NCS,O,Nc1ccc(-c2ccc(N)cc2)cc1,NCS,O,Nc1ccc(-c2ccc(N)cc2)cc1,1,1,1,1,1,1,O,N,N,O,N,N,-123.683255,0.293975
2409,WOPDOX,Cl,O,CCn1c(CN(C)C2CCCCC2N(C)Cc2nc3cc(C(C)(C)C)ccc3n2CC)nc2cc(C(C)(C)C)ccc21,X,X,X,1,1,4,0,0,0,Cl,O,N,N,N,N,-90.450181,0.324016
2410,1915362,O,O,NCC(N)O,NCC(N)O,X,X,1,1,2,2,0,0,O,O,O,N,O,N,-58.235198,0.298576
2411,WOQYEI,OC(O)c1cc2ccccc2o1,NC(O)c1cccnc1,O,OC(O)c1cc2ccccc2o1,NC(O)c1cccnc1,O,1,1,1,1,1,1,N,O,O,N,O,O,114.07684,0.163394
2412,931361,CSC(N)NNC(C)c1ccccn1,CSC(N)NNC(C)c1ccccn1,X,X,X,X,3,3,0,0,0,0,N,N,N,N,N,N,45.914927,0.016862
2413,WOQYUY,c1ccc(Nc2ccccn2)nc1,c1ccc(Nc2ccccn2)nc1,CCC(O)c1ccccc1O,X,X,X,2,2,2,0,0,0,N,N,N,N,O,O,72.463138,0.241982
2414,1030270,OC(O)c1cncc(F)c1,O,OC(O)c1cncc(F)c1,O,O,O,1,1,1,1,1,1,O,N,O,N,O,O,15.905903,0.309895
2415,WOWDUH,c1ccc2cc3c(cc2c1)C1=NC3=NC2=NC(=NC3=NC(=NC4=NC(=N1)c1cc5ccccc5cc14)c1cc4ccccc4cc13)c1cc3ccccc3cc12,CN,CN,X,X,X,4,1,1,0,0,0,N,N,C,N,N,C,30.66636587,0.117712342
2416,157462,Oc1cc(-c2ccccn2)nc(-c2ccccn2)c1,Oc1cc(-c2ccccn2)nc(-c2ccccn2)c1,X,X,X,X,3,3,0,0,0,0,N,N,N,N,N,N,5.312158,0.228712
2417,WUGGEM,CCN(CC1)CCN1C2=C(F)CC3=C(O)C(C(O)=O)=CN(CC)C3=C2,O,CCN(CC1)CCN1C2=C(F)CC3=C(O)C(C(O)=O)=CN(CC)C3=C2,O,X,X,2,1,2,1,0,0,O,O,O,O,O,O,-121.401945,0.233461
2418,706673,CCn1c(NNc2c(SC)cccc2)ncc1,CCn1c(NNc2c(SC)cccc2)ncc1,NCS,NCS,X,X,2,2,1,1,0,0,N,N,N,N,N,N,27.785798,0.290167
2419,WULCOV,NCc1nc2c(nc1O)c1nc(O)c(CN)nc1c1nc(CN)c(CN)nc21,O,O,O,O,X,2,1,1,1,1,0,N,N,O,O,O,O,142.834044,0.034928
2420,198910,Cl,Cl,CN1CCN2CCN(C)CCN(CC1)CC2,X,X,X,1,1,4,0,0,0,Cl,Cl,N,N,N,N,77.192823,0.247613
2421,WUMRON,c1cnc(Sc2cnccn2)cn1,CC(O)O,O,c1cnc(Sc2cnccn2)cn1,CC(O)O,O,1,1,1,1,1,1,N,O,O,N,O,O,112.746034,0.321493
2422,949391,OC(O)c1cccs1,O,c1c[nH]cn1,OC(O)c1cccs1,O,c1c[nH]cn1,1,1,1,1,1,1,O,O,N,O,O,N,130.206472,0.133826
2424,764585,CCN(CC)c1ccc(-c2nc(-c3ccccn3)c3ccccn23)c(O)c1,CCN(CC)c1ccc(-c2nc(-c3ccccn3)c3ccccn23)c(O)c1,X,X,X,X,3,3,0,0,0,0,O,N,N,O,N,N,25.9489,0.259114
2425,WURSIM,O,O,c1cc(Nc2cnccn2)nc(Nc2cccc(Nc3cnccn3)n2)c1,X,X,X,1,1,4,0,0,0,O,O,N,N,N,N,58.96882,0.091067
2426,757666,NCS,NCS,c1cc(Nc2cnccn2)nc(Nc2cccc(Nc3cnccn3)n2)c1,X,X,X,1,1,4,0,0,0,N,N,N,N,N,N,-60.431969,0.315429
2427,WUTJUS,OC(O)(c1ccccn1)c1ccccn1,OC(O)(c1ccccn1)c1ccccn1,X,X,X,X,3,3,0,0,0,0,O,N,N,O,N,N,19.7462313,0.104512762
2428,730073,OC(O)c1ccc(C(O)O)nc1,O,OC(O)c1ccc(C(O)O)nc1,O,X,X,2,1,2,1,0,0,O,O,N,O,O,N,46.756397,0.323521
2429,WUWDOI,OC(O)c1ccc(C(O)O)nc1,O,NC(O)c1ccncc1,O,O,X,2,1,1,1,1,0,O,N,O,N,O,O,-82.085597,0.328164
2430,1869717,Cc1ccnc(NC(O)c2cccs2)c1,CO,Cc1ccnc(NC(O)c2cccs2)c1,CO,X,X,2,1,2,1,0,0,O,O,N,O,O,N,36.729578,0.058606
2431,WUXZOE,CC(O)CC(O)c1ccccc1,c1ccncc1,CC(O)CC(O)c1ccccc1,c1ccncc1,X,X,2,1,2,1,0,0,O,O,N,O,O,N,90.276767,0.020775
2432,746963,CC(O)O,CC(O)O,Nc1ccccn1,Nc1ccccn1,X,X,2,2,1,1,0,0,O,O,O,O,N,N,-31.739307,0.267781
2433,WUYKOR,Oc1cccnc1C(O)O,Cc1ccncc1,Oc1cccnc1C(O)O,Cc1ccncc1,X,X,2,1,2,1,0,0,N,N,O,N,N,O,109.045284,0.304667
2435,WUZGAZ,CC(NO)C(C)NO,CC(NO)C(C)NO,NC(CO)c1ccccc1,CCC(O)Nc1ccccc1,X,X,2,2,1,1,0,0,N,N,N,N,N,C,6.364997488,0.167859972
2436,1047292,c1ccc(-c2ccccn2)nc1,OC(O)COc1cccc(OCC(O)O)c1OCC(O)O,O,O,X,X,2,2,1,1,0,0,N,N,O,O,O,O,43.464331,0.309643
2437,XACHAL,Cl,Cl,CC(C)(C)N1Cc2cccc(n2)CN(C(C)(C)C)Cc2cccc(n2)C1,X,X,X,1,1,4,0,0,0,Cl,Cl,N,N,N,N,-109.510329,0.32984
2438,216870,C1(COC(c2ccccc2)=N1)CSCC3NC(CSCC4CO/C(N4)=C5CC=CC=C\5)CCC3,C1CCOC1,X,X,X,X,5,1,0,0,0,0,N,S,N,S,N,O,60.687117,0.023882
2439,XADSAA,NCS,Brc1ccncc1,Brc1ccncc1,O,NCS,O,1,1,1,1,1,1,N,N,O,N,N,O,97.927503,0.251074
2440,2022702,NCS,CO,Brc1ccncc1,Brc1ccncc1,NCS,CO,1,1,1,1,1,1,N,O,N,N,O,N,-88.211772,0.309982
2441,XADSII,NCS,c1ccncc1,Brc1ccncc1,CCN,NCS,c1ccncc1,1,1,1,1,1,1,N,N,N,N,N,N,94.168979,0.056645
2442,796710,CC(O)CC(C)O,CCO,CC(O)CC(C)O,CCO,X,X,2,1,2,1,0,0,O,O,O,O,O,O,111.029598,0.125442
2443,XAFPOJ,OP(C1=CC=CC=C1)(C2=CC=CC=C2)C3C(P(C4=CC=CC=C4)(C5=CC=CC=C5)O)N=NN3,OP(C1=CC=CC=C1)(C2=CC=CC=C2)C3C(P(C4=CC=CC=C4)(C5=CC=CC=C5)O)N=NN3,c1ccncc1,c1ccncc1,X,X,2,2,1,1,0,0,O,N,N,O,N,N,110.753543,0.052414
2444,137884,O/C(C1=C(O)C=CC=C1)=N\NC2=C3C(C4=C2C=CC=N4)=NC=CC3,CN(C)CO,O/C(C1=C(O)C=CC=C1)=N\NC2=C3C(C4=C2C=CC=N4)=NC=CC3,CN(C)CO,X,X,2,1,2,1,0,0,O,O,N,O,O,N,59.959821,0.251901
2445,XAHCEQ,COc1cc(-c2ccccn2)nc(-c2ccccn2)c1,COc1cc(-c2ccccn2)nc(-c2ccccn2)c1,X,X,X,X,3,3,0,0,0,0,N,N,N,N,N,N,90.810014,0.256876
2446,1426146,Oc1cc(O)c2ccccc2c1O,Oc1cc(O)c2ccccc2c1O,Cc1ccncc1,Cc1ccncc1,X,X,2,2,1,1,0,0,O,O,O,O,N,N,16.36925479,0.17031338
2447,XAJRIK,OC1C(/C(NO)=C2C=CC=CC\2)=C(C)NN1C3=CC=CC=C3,CO,OC1C(/C(NO)=C2C=CC=CC\2)=C(C)NN1C3=CC=CC=C3,CO,X,X,2,1,2,1,0,0,N,O,O,N,O,O,67.253974,0.124056
2449,XARPAH,S=C(S1)SC(SCC2NC=CC=C2)=C1SCC3NC=CC=C3,Br,Br,X,X,X,4,1,1,0,0,0,Br,Br,S,S,N,N,55.8018,0.085491
2450,2084525,CCC(C)(C)c1cc(CNC(C(C)C)C(O)O)c(O)c(C(C)(C)CC)c1,CCC(C)(C)c1cc(CNC(C(C)C)C(O)O)c(O)c(C(C)(C)CC)c1,X,X,X,X,3,3,0,0,0,0,O,O,O,O,N,N,39.932075,0.131273
2451,XAXFIM,C1=CC(OCc2ccccn2)C(OCc2ccccn2)C(COCc2ccccn2)O1,X,X,X,X,X,6,0,0,0,0,0,O,O,O,N,N,N,-5.893969,0.29106
2452,281275,OC(Nc1cccnc1)NC1CCC(NC(O)Nc2cccnc2)CC1,O,O,OC(Nc1cccnc1)NC1CCC(NC(O)Nc2cccnc2)CC1,O,O,1,1,1,1,1,1,N,O,O,N,O,O,5.271487,0.196202
2453,XAZPEU,OC(O)c1ccccc1S(O)(O)O,O,O,O,c1ccc(-c2ccccn2)nc1,X,1,1,1,1,2,0,O,O,O,O,N,N,109.599798,0.125633
2454,298676,OCc1cc(Cl)ccc1O,OCc1cc(Cl)ccc1O,O,O,X,X,2,2,1,1,0,0,O,O,O,O,O,O,-92.839403,0.229027
2455,XECQIG,O,O,OC(O)c1cncnc1,O,O,OC(O)c1cncnc1,1,1,1,1,1,1,O,O,N,O,O,N,58.29727411,0.143466155
2456,889983,NC[SeH],NC[SeH],c1ccnnc1,c1ccnnc1,c1ccnnc1,c1ccnnc1,1,1,1,1,1,1,N,N,N,N,N,N,108.370279,0.319615
2457,XEFQUY,O,O,COC(/C(C(OC)=C/1)=C2C=CNC=C/2)=CC1=C3C=CNC=C\3,O,O,COC(/C(C(OC)=C/1)=C2C=CNC=C/2)=CC1=C3C=CNC=C\3,1,1,1,1,1,1,O,O,N,O,O,N,5.871628,0.154336
2458,XEFWIS,CN(P(N(NCc1ncccc1)C)(S)N(NCc2ncccc2)C)NCc3ncccc3,X,X,X,X,X,6,0,0,0,0,0,N,N,N,N,N,N,-131.643919,0.037433
2459,XEGFIY,OC(O)c1cc(C(O)O)cc(C(O)O)c1,O,O,OC(O)c1cc(C(O)O)cc(C(O)O)c1,O,O,1,1,1,1,1,1,O,O,O,O,O,O,-88.40304,0.255709
2460,2154159,CCNC(S)NS(O)(O)c1ccccc1,CO,CCNC(S)NS(O)(O)c1ccccc1,CO,X,X,2,1,2,1,0,0,S,C,C,S,C,C,39.716578,0.067579
2461,XEHBIZ,OC(O)c1ccc(-c2cnccn2)cc1,O,O,OC(O)c1ccc(-c2cnccn2)cc1,O,O,1,1,1,1,1,1,O,O,N,O,O,N,-19.15474066,0.20619983
2462,821164,c1ccc(Nc2ccccn2)nc1,c1ccc(Nc2ccccn2)nc1,Cc1ccc(O)c(CO)c1,X,X,X,2,2,2,0,0,0,N,N,N,N,O,O,95.989613,0.323418
2463,XELKOQ,c1ccc(Nc2ccccn2)nc1,c1ccc(Nc2ccccn2)nc1,c1ccc(Nc2ccccn2)nc1,X,X,X,2,2,2,0,0,0,N,N,N,N,N,N,85.914801,0.049687
2464,821167,Cl,O,c1ccc(Nc2ccccn2)nc1,c1ccc(Nc2ccccn2)nc1,X,X,1,1,2,2,0,0,Cl,O,N,N,N,N,99.190888,0.17696
2465,XELYIZ,Oc1ccc2ccccc2c1NNc1ccc(S(O)(O)O)cc1,CO,CO,Oc1ccc2ccccc2c1NNc1ccc(S(O)(O)O)cc1,CO,CO,1,1,1,1,1,1,O,O,O,O,O,O,80.119157,0.209902
2466,296383,O,O,Cc1cnc(C(O)O)cn1,Cc1cnc(C(O)O)cn1,X,X,1,1,2,2,0,0,O,O,O,N,O,N,56.357917,0.075268
2467,XEPPAK,NC(O)c1ccccn1,O,NC(O)c1ccccn1,O,X,X,2,1,2,1,0,0,N,O,O,N,O,O,122.494662,0.101384
2468,893852,OC(c1ccccn1)(c1ccccn1)c1cccc(-c2ccccn2)n1,Br,Br,X,X,X,4,1,1,0,0,0,N,N,N,N,Br,Br,45.871116,0.226047
2469,XESNOA,OC(O)c1c(F)c(F)c(C(O)O)c(F)c1F,O,c1c[nH]cn1,c1c[nH]cn1,c1c[nH]cn1,c1c[nH]cn1,1,1,1,1,1,1,O,O,N,N,N,N,-59.234897,0.029954
2470,268348,O,O,OC(O)c1cc(C(O)O)c(C(O)O)cc1C(O)O,c1ccc(-c2nc(-c3ccccn3)nc(-c3ccccn3)n2)nc1,X,X,1,1,1,3,0,0,O,O,O,N,N,N,-125.902511,0.228176
2471,XESVIB,CC(O)O,c1ccc(CN(Cc2ccccn2)Cc2ccccn2)nc1,X,X,X,X,2,4,0,0,0,0,O,O,N,N,N,N,-12.925933,0.317301
2472,640312,c1cnc2c(c1)ccc1cccnc12,c1cnc2c(c1)ccc1cccnc12,OC(O)c1ccc(C(O)c2ccc(C(O)O)c(C(O)O)c2)cc1C(O)O,X,X,X,2,2,2,0,0,0,N,N,N,N,O,O,60.218047,0.255104
2473,XEZSUT,CN(N)C(N)O,O,CN(N)C(N)O,O,X,X,2,1,2,1,0,0,O,O,N,O,O,N,-61.680782,0.237696
2474,1574509,CN(N)C(N)O,Oc1c(N(O)O)cc(N(O)O)cc1N(O)O,CN(N)C(N)O,Oc1c(N(O)O)cc(N(O)O)cc1N(O)O,X,X,2,1,2,1,0,0,O,O,N,O,O,N,38.976099,0.134567
2475,XIBDIY,CN(N)C(N)O,O,CN(N)C(N)O,O,X,X,2,1,2,1,0,0,O,O,N,O,O,N,-50.040602,0.314065
2476,900707,OC(O)COc1cccc(OCC(O)O)c1OCC(O)O,O,O,c1cnc2c(c1)ccc1cccnc12,X,X,2,1,1,2,0,0,O,O,O,O,N,N,28.91062229,0.19742443
2478,1543118,[O-]Cl(=O)(=O)=O,CC(C)c1cccc(C(C)C)c1NC(C)c1cccc(C2=NC(C(C)(C)C)CO2)n1,O,O,X,X,1,3,1,1,0,0,O,O,O,N,N,N,80.562791,0.153834
2480,663612,OC(O)CCOc1ccc(C(O)O)cc1,OC(O)CCOc1ccc(C(O)O)cc1,c1ccncc1,OC(O)CCOc1ccc(C(O)O)cc1,OC(O)CCOc1ccc(C(O)O)cc1,c1ccncc1,1,1,1,1,1,1,O,O,N,O,O,N,102.034197,0.321263
2481,XIMTAR,NC(O)c1cccnc1,O,O,NC(O)c1cccnc1,O,O,1,1,1,1,1,1,N,O,O,N,O,O,83.20971,0.162916
2482,176521,CN(C)C1=C(O)C(O)=C1S,CO,CN(C)C1=C(O)C(O)=C1S,CO,X,X,1,2,1,2,0,0,O,O,O,O,O,O,80.023633,0.022659
2483,XIQRAR,OC(NC1NC=CCN1)C2C=CC=CN2,OC(NC1NC=CCN1)C2C=CC=CN2,X,X,X,X,3,3,0,0,0,0,O,N,N,O,N,N,25.38936913,0.128952797
2484,665037,Cc1cc(C)n(-c2ccc(Cl)c(C(O)O)n2)n1,Cc1cc(C)n(-c2ccc(Cl)c(C(O)O)n2)n1,X,X,X,X,3,3,0,0,0,0,N,N,O,N,N,O,31.614447,0.229406
2485,XISCIM,Cl,Cl,Cc1cc(C)c2ccc(N)nc2n1,Cc1cc(C)c2ccc(N)nc2n1,X,X,1,1,2,2,0,0,Cl,Cl,N,N,N,N,45.282449,0.114169
2486,1863559,c1ccc(-c2nnc(-c3ccccn3)s2)nc1,NCS,c1ccc(-c2nnc(-c3ccccn3)s2)nc1,NCS,X,X,2,1,2,1,0,0,N,N,N,N,N,N,-56.676648,0.264026
2487,XITQEX,OCC1=CC=CN1,OCC1=CC=CN1,CP(C)C,CP(C)C,X,X,2,2,1,1,0,0,P,N,O,P,N,O,-2.884311128,0.183831158
2488,642095,OCC1=CC=CN1,OCC1=CC=CN1,CP(C)C,CP(C)C,X,X,2,2,1,1,0,0,N,P,O,N,P,O,34.420917,0.259987
2489,XIVFIU,OC1=C2C(OC(/C1=C(O)\C)=O)=CC=CC2,c1ccncc1,c1ccncc1,OC1=C2C(OC(/C1=C(O)\C)=O)=CC=CC2,X,X,2,1,1,2,0,0,O,O,N,N,O,O,113.63214,0.162314
2490,897031,Cl,Cl,Clc1ccc(NNc2ccccn2)cc1,Clc1ccc(NNc2ccccn2)cc1,X,X,1,1,2,2,0,0,Cl,Cl,N,N,N,N,41.404247,0.227403
2491,XIYHOD,Cc1ccc(C(O)O)cc1,Cc1ccc(C(O)O)cc1,c1ccc2[nH]cnc2c1,c1ccc2[nH]cnc2c1,X,X,2,2,1,1,0,0,N,N,O,O,O,O,38.266069,0.193654
2492,2215018,c1cnc2nc(-c3ccncc3)[nH]c2c1,Cl,O,c1cnc2nc(-c3ccncc3)[nH]c2c1,Cl,O,1,1,1,1,1,1,Cl,N,O,Cl,N,O,112.512966,0.125569
2493,XIZYUB,Oc1cccc(C(O)O)n1,Oc1cccc(C(O)O)n1,Cc1ccncc1,Cc1ccncc1,X,X,2,2,1,1,0,0,N,N,N,N,O,O,85.988443,0.207774
2494,188879,OC(O)CN(CC(O)O)CC(O)O,O,O,O,X,X,3,1,1,1,0,0,O,O,N,O,O,O,59.872527,0.022809
2495,XOCYAQ,Brc1ccc(n2c(c3ncccc3)nnc2c4ncccc4)cc1,Brc1ccc(n2c(c3ncccc3)nnc2c4ncccc4)cc1,NCS,NCS,X,X,2,2,1,1,0,0,N,N,N,N,N,N,-47.755275,0.314658
2496,1879729,OS(O)OC(F)(F)F,OS(O)OC(F)(F)F,c1ccc(-c2ccccn2)nc1,c1ccc(-c2ccccn2)nc1,X,X,1,1,2,2,0,0,O,N,N,O,N,N,78.589663,0.179362
2497,XOJRUM,Oc([nH]1)c(NNC(SCC)S)c2c1cccc2,Oc([nH]1)c(NNC(SCC)S)c2c1cccc2,X,X,X,X,3,3,0,0,0,0,S,S,O,O,N,N,-15.95519411,0.172272357
2498,680844,O,c1cc(-c2ccncc2)ccn1,Cc1cc(C)c(C(O)O)c(C)c1,O,c1cc(-c2ccncc2)ccn1,Cc1cc(C)c(C(O)O)c(C)c1,1,1,1,1,1,1,O,N,O,O,N,O,93.027527,0.21726
2499,XOKWAV,O,Cc1cc(O)ncn1,O,O,O,Cc1cc(O)ncn1,1,1,1,1,1,1,O,N,O,O,O,N,0.711842,0.067332
2500,961102,NCCNCc1cc(N(O)O)ccc1O,NCCNCc1cc(N(O)O)ccc1O,X,X,X,X,3,3,0,0,0,0,O,O,N,N,N,N,44.305853,0.048901
2501,XOMHEN,OC(O)CCCC(O)O,O,O,O,O,O,1,1,1,1,1,1,O,O,O,O,O,O,92.815688,0.102357
2502,851832,OC(O)c1cccc(F)c1C(O)O,O,O,O,c1cnc2c(c1)ccc1cccnc12,X,1,1,1,1,2,0,O,O,O,O,N,N,122.356084,0.070747
2503,XOPDOX,Cc1ccc(NCc2ccccc2O)cc1,Cc1ccc(NCc2ccccc2O)cc1,c1ccncc1,c1ccncc1,X,X,2,2,1,1,0,0,O,O,N,N,N,N,-74.651789,0.275898
2504,1881044,Nc1ccc(S(O)(O)Nc2ccc(Cl)nn2)cc1,c1ccncc1,c1ccncc1,Nc1ccc(S(O)(O)Nc2ccc(Cl)nn2)cc1,X,X,2,1,1,2,0,0,N,N,N,N,N,N,104.116631,0.23776
2505,XORHAP,C1(C2=NC(C3=NNC=N3)=NN2)C=NC=CN1,C1(C2=NC(C3=NNC=N3)=NN2)C=NC=CN1,O,O,X,X,2,2,1,1,0,0,N,N,O,N,N,O,64.324105,0.145008
2506,1955951,Cl,Cl,O,c1ccc(-c2nc(-c3ccccn3)nc(-c3ccccn3)n2)nc1,X,X,1,1,1,3,0,0,Cl,Cl,O,N,N,N,-118.570909,0.266142
2507,XOWJIC,Cl,CCOC(O)C(NO)C(C)Nc1cccc2ccccc12,COC(O)C(NO)C(C)O,Nc1cccc2ccccc12,X,X,1,2,2,1,0,0,Cl,O,N,N,N,N,31.76260814,0.097156348
2508,1956932,c1ccc(-c2nnc(-c3ccco3)o2)nc1,O,c1ccc(-c2nnc(-c3ccco3)o2)nc1,O,X,X,2,1,2,1,0,0,N,O,N,N,O,N,36.814659,0.024524
2509,XOZLUT,CC(NO)C(C)NCc1ccccn1,CC(NO)C(C)NCc1ccccn1,C,X,X,X,3,2,1,0,0,0,C,N,N,N,N,N,-73.166076,0.250447
2510,194570,NC(O)NC(O)C(O)O,O,NC(O)NC(O)C(O)O,O,X,X,2,1,2,1,0,0,O,O,O,O,O,O,-71.306541,0.254555
2511,XUBMAJ,CN(C)c1ccc(C(O)O)cc1,CN(C)c1ccc(C(O)O)cc1,NC(O)c1ccncc1,O,O,X,1,2,1,1,1,0,O,O,O,O,O,N,56.223677,0.226176
2512,1968362,c1ccc(CN(Cc2ccccn2)Cc2cccc(CN(Cc3ccccn3)Cc3ccccn3)n2)nc1,X,X,X,X,X,6,0,0,0,0,0,N,N,N,N,N,N,18.378998,0.181948
2513,XUBNAK,O,CN(C)CCC(O)c1ccccn1,O,CN(C)CCC(O)c1ccccn1,X,X,1,2,1,2,0,0,O,O,N,O,O,N,-54.008073,0.326927
2514,1008751,CCN(C=C1)CN1CCCCC(NC2=NN/C(C2)=C3C=CC=CN/3)=O,CCN(C=C1)CN1CCCCC(NC2=NN/C(C2)=C3C=CC=CN/3)=O,NCS,NCS,X,X,2,2,1,1,0,0,N,N,N,N,N,N,-0.007054,0.170977
2515,XUBYAW,CCN(CC)c1nc(-n2nc(C)cc2C)nc(-n2nc(C)cc2C)n1,OC(O)c1cccc(C(O)O)n1,X,X,X,X,3,3,0,0,0,0,N,N,N,N,O,O,-122.114814,0.111595
2516,175047,NCCO,O,O,NCCO,O,O,1,1,1,1,1,1,O,O,O,O,O,O,5.711084,0.255931
2517,XUFVIG,Brc1cncc(Br)c1,Br,CC(NO)C(C)NO,CC(NO)C(C)NO,X,X,1,1,2,2,0,0,N,Br,N,N,N,N,0.865538535,0.172395013
2518,934219,CN(CC(O)O)CC(O)O,O,O,O,X,X,3,1,1,1,0,0,O,O,O,O,O,N,84.767834,0.089185
2519,XUJDIQ,Cc1cccc(C(O)O)n1,Cc1cccc(C(O)O)n1,O,O,X,X,2,2,1,1,0,0,N,N,O,O,O,O,-131.732001,0.172378
2520,1870917,OCc1ccc(C(O)O)cc1,O,O,OCc1ccc(C(O)O)cc1,O,O,1,1,1,1,1,1,O,O,O,O,O,O,-111.253318,0.245262
2521,XUJKAP,On1nnc2ccccc21,On1nnc2ccccc21,O,O,O,O,1,1,1,1,1,1,O,O,O,O,N,N,-76.848087,0.008029
2522,832401,c1ccc(-c2cc(-c3ccccn3)nc(-c3ccccn3)c2)cc1,c1ccc(-c2cc(-c3ccccn3)nc(-c3ccccn3)c2)cc1,X,X,X,X,3,3,0,0,0,0,N,N,N,N,N,N,48.78592605,0.099690327
2523,XUKWUY,Br,Cc1ccccn1,Sc1ccccc1SCc1ccccn1,Br,X,X,1,1,3,1,0,0,Br,N,S,S,N,Br,86.905842,0.139799
2524,185160,CS(O)(O)NN,CS(O)(O)NN,Cl,CS(O)(O)NN,CS(O)(O)NN,Cl,1,1,1,1,1,1,Cl,N,N,Cl,N,N,110.983364,0.231146
2525,XULJUL,c1ccc(-c2nnc(-c3ccccn3)s2)nc1,NNN,c1ccc(-c2nnc(-c3ccccn3)s2)nc1,NNN,X,X,2,1,2,1,0,0,N,N,N,N,N,N,-37.087173,0.259858
2526,1950158,CC(C)(c1ccc(OP(S)(S)Oc2ccc(C(C)(C)C)cc2)cc1)C,CC(C)(c1ccc(OP(S)(S)Oc2ccc(C(C)(C)C)cc2)cc1)C,CCc1ccncc1,CCc1ccncc1,X,X,2,2,1,1,0,0,N,S,S,N,S,S,-77.731832,0.02597
2527,XUMNAX,CC(C)(c1ccc(OP(S)(S)Oc2ccc(C(C)(C)C)cc2)cc1)C,CC(C)(c1ccc(OP(S)(S)Oc2ccc(C(C)(C)C)cc2)cc1)C,c1ccncc1,c1ccncc1,X,X,2,2,1,1,0,0,S,S,N,S,S,N,-29.027134,0.285863
2528,1950160,CC(C)(c1ccc(OP(S)(S)Oc2ccc(C(C)(C)C)cc2)cc1)C,CC(C)(c1ccc(OP(S)(S)Oc2ccc(C(C)(C)C)cc2)cc1)C,c1ccncc1,c1ccncc1,X,X,2,2,1,1,0,0,N,S,S,N,S,S,-56.743558,0.052616
2529,XUPSIN,C12=C(/C=C3OCC(C4=CC=CC=C4)N/3)NC(/C=C5NC(C6=CC=CC=C6)CO\5)=C1C=CC=C2,C12=C(/C=C3OCC(C4=CC=CC=C4)N/3)NC(/C=C5NC(C6=CC=CC=C6)CO\5)=C1C=CC=C2,X,X,X,X,3,3,0,0,0,0,N,N,N,N,N,N,128.472032,0.081358
2530,181919,NCS,NCS,c1ccc(-c2ccc(NCc3ccccn3)cc2)cc1,c1ccc(-c2ccc(NCc3ccccn3)cc2)cc1,X,X,1,1,2,2,0,0,N,N,N,N,N,N,81.505989,0.092013
2531,XUQRIK,NCS,NCS,c1ccc(CCc2ccc(NCc3ccccn3)cc2)cc1,c1ccc(CCc2ccc(NCc3ccccn3)cc2)cc1,X,X,1,1,2,2,0,0,N,N,N,N,N,N,86.879806,0.093751
2532,711609,OCc1ccccn1,NCNCN,OCc1ccccn1,NCNCN,X,X,2,1,2,1,0,0,O,N,N,O,N,N,93.922596,0.330129
2533,XUSROV,OC(O)c1cc(-c2ccccn2)nc(-c2ccccn2)c1,OC(O)c1cc(-c2ccccn2)nc(-c2ccccn2)c1,X,X,X,X,3,3,0,0,0,0,N,N,N,N,N,N,62.16643356,0.090941538
2534,1406890,NCS,CO,c1cc2ccc3ccc(-c4cc(-c5ccncc5)nc(-c5ccncc5)c4)c4ccc(c1)c2c34,NCS,CO,c1cc2ccc3ccc(-c4cc(-c5ccncc5)nc(-c5ccncc5)c4)c4ccc(c1)c2c34,1,1,1,1,1,1,O,N,N,O,N,N,88.133307,0.088825
2535,XUTYUI,NCS,CCN(CC)CC(O)Nc1c(C)cccc1C,NCS,CCN(CC)CC(O)Nc1c(C)cccc1C,X,X,1,2,1,2,0,0,O,N,N,O,N,N,79.606717,0.135667
2536,1999652,NCNCN,CC(C)(C)N1Cc2cccc(n2)CN(C(C)(C)C)Cc2cccc(n2)C1,NCNCN,X,X,X,1,4,1,0,0,0,N,N,N,N,N,N,95.735089,0.197955
2537,YABNOG,O=C1NN=C(O)C2C1=CC(CC)=CN2C,O,O=C1NN=C(O)C2C1=CC(CC)=CN2C,O,X,X,2,1,2,1,0,0,N,O,O,N,O,O,90.427846,0.271404
2538,815423,O,O,c1cc(Nc2ccncc2)ccn1,O,O,c1cc(Nc2ccncc2)ccn1,1,1,1,1,1,1,O,O,N,O,O,N,-74.175866,0.321635
2539,YADKUJ,C1=NC=CN1,CC(O)CC(O)c1ccccc1,C1=NC=CN1,CC(O)CC(O)c1ccccc1,X,X,1,2,1,2,0,0,N,O,O,N,O,O,-13.787053,0.278569
2540,1490854,Cc1cccc(Nc2ccccc2C(O)O)c1C,Cc1cccc(Nc2ccccc2C(O)O)c1C,Cc1ccc2ccc3ccc(C)nc3c2n1,X,X,X,2,2,2,0,0,0,O,O,O,O,N,N,-80.547539,0.33026
2541,YAFGUK,Cc1cccc(Nc2ccccc2C(O)O)c1C,Cc1cccc(Nc2ccccc2C(O)O)c1C,Cc1ccc2ccc3ccc(C)nc3c2n1,X,X,X,2,2,2,0,0,0,O,O,O,O,N,N,-114.728942,0.140526
2542,852089,Cc1ccc(O)c(CNCc2ccco2)c1,Cc1ccc(O)c(CNCc2ccco2)c1,Cc1ccc(O)c(CNCc2ccco2)c1,X,X,X,2,2,2,0,0,0,N,N,N,O,O,O,40.895773,0.223316
2543,YAFRII,OC(CC(O)C(F)(F)F)c1ccc(OCc2ccccc2)cc1,c1ccncc1,OC(CC(O)C(F)(F)F)c1ccc(OCc2ccccc2)cc1,c1ccncc1,X,X,2,1,2,1,0,0,N,O,O,N,O,O,99.376642,0.003168
2546,2093984,Cl,COc1ccc(C(NO)C(NO)c2ccc(OC)cc2)cc1,COc1ccc(C(NO)C(NO)c2ccc(OC)cc2)cc1,Cn1ccnc1,X,X,1,2,2,1,0,0,Cl,N,N,N,N,N,-0.791388883,0.111728113
2547,YALKAZ,NCS,c1ccc2[nH]c(Cn3cnnn3)nc2c1,O,NCS,c1ccc2[nH]c(Cn3cnnn3)nc2c1,O,1,1,1,1,1,1,N,N,O,N,N,O,110.651229,0.210806
2548,269859,OC(CSCC(O)=O)=O,c1cnc2c(c1)ccc1cccnc12,X,O,X,X,3,2,1,0,0,0,S,O,S,O,N,N,47.195977,0.037905
2549,YANCID,c1ccc(-c2cnnc(-c3ccccn3)n2)cc1,ON(O)O,c1ccc(-c2cnnc(-c3ccccn3)n2)cc1,ON(O)O,X,X,2,1,2,1,0,0,N,N,O,N,N,O,33.257424,0.202587
2551,843737,O,OC(O)c1ccc(C(O)O)c(C(O)O)c1,O,O,OC(O)c1ccc(C(O)O)c(C(O)O)c1,O,1,1,1,1,1,1,O,O,O,O,O,O,37.94699138,0.147360128
2552,YASFAA,ON(O)c1ccc2[nH]cnc2c1,OC(O)COCC(O)O,O,O,X,X,1,3,1,1,0,0,N,O,O,O,O,O,77.424247,0.125141
2553,YASVUJ,CC(C)(C)OC(O)C(PO)C(O)C(C(O)OC(C)(C)C)C(O)OC(C)(C)C,CC(C)(C)OC(O)C(PO)C(O)C(C(O)OC(C)(C)C)C(O)OC(C)(C)C,O,O,X,X,2,2,1,1,0,0,O,O,O,O,O,O,54.64842261,0.17409607
2554,877035,CCc1nc(C(O)O)c(C(O)O)[nH]1,O,CCc1nc(C(O)O)c(C(O)O)[nH]1,O,X,X,2,1,2,1,0,0,N,O,O,N,O,O,52.711074,0.220921
2555,YAVCOP,O,O,OC(O)c1ccc(C(O)O)cc1,c1c[nH]cn1,c1c[nH]cn1,c1c[nH]cn1,1,1,1,1,1,1,O,O,O,N,N,N,111.121203,0.136418
2556,877099,OC(O)c1ccc(-n2ccnc2)cc1,O,O,OC(O)c1ccc(-n2ccnc2)cc1,O,O,1,1,1,1,1,1,N,O,O,N,O,O,29.8401708,0.163450245
2557,YAVHOU,NC(O)c1cnccn1,O,NC(O)c1cnccn1,O,X,X,2,1,2,1,0,0,N,O,O,N,O,O,48.248807,0.179799
2558,877119,OC(c1ccccc1I)O,OC(c1ccccc1I)O,NC(O)c1cccnc1,NC(O)c1cccnc1,O,O,1,1,1,1,1,1,O,O,N,O,O,N,104.965463,0.180772
2560,877426,OC(O)c1ccccc1,CC1(C)C(C)(C)N(O)/C(N1O)=C2C=CNC=C\2,O,OC(O)c1ccccc1,CC1(C)C(C)(C)N(O)/C(N1O)=C2C=CNC=C\2,O,1,1,1,1,1,1,O,O,N,O,O,N,-34.797518,0.193324
2561,YAVRAP,CC(NO)C(C)NO,CC(NO)C(C)NO,CCCCCN,Nc1ccccc1,X,X,2,2,1,1,0,0,N,N,N,N,N,C,-3.061443935,0.12069471
2562,2145767,NCS,NCS,C1N2CN3CN1CN(C2)C3,CCO,CCO,CCO,1,1,1,1,1,1,N,N,N,O,O,O,118.038446,0.177944
2563,YAZFIP,COC(C)(CNCC(C)(C)NC(O)C(C)(CNCC(C)(C)N)OC)C(O)O,CC(O)O,X,X,X,X,5,1,0,0,0,0,N,N,N,N,O,O,48.88349667,0.154942757
2564,1486055,c1ccncc1,c1ccncc1,c1ccncc1,c1ccncc1,OC(O)C(F)(F)F,OC(O)C(F)(F)F,1,1,1,1,1,1,N,N,N,N,O,O,128.031789,0.157232
2565,YECLUP,c1ccc(N(c2ccccn2)c2cccc(N(c3ccccn3)c3ccccn3)n2)nc1,c1ccc(N(c2ccccn2)c2cccc(N(c3ccccn3)c3ccccn3)n2)nc1,X,X,X,X,3,3,0,0,0,0,N,N,N,N,N,N,49.94049329,0.162231575
2566,YEDJIA,ON(O)O,OC(N)CN1CCCC1=O,O,ON(O)O,OC(N)CN1CCCC1=O,O,1,1,1,1,1,1,O,O,O,O,O,O,84.961736,0.10248
2567,YEDKIB,NCS,O,OCNC(O)c1cccnc1,O,OCNC(O)c1cccnc1,NCS,1,1,1,1,1,1,O,N,N,O,N,N,-116.163136,0.248527
2568,YEDKUN,CC(O)CC(C)O,Cc1ccncc1,Cc1ccncc1,CC(O)CC(C)O,X,X,2,1,1,2,0,0,O,N,N,O,O,O,-0.001195,0.035311
2569,992126,c1cn[nH]c1,OC(O)c1cc(N(O)O)cc(N(O)O)c1,O,c1cn[nH]c1,OC(O)c1cc(N(O)O)cc(N(O)O)c1,O,1,1,1,1,1,1,N,O,O,N,O,O,82.638341,0.151142
2570,YEHGEB,Cl,Cl,OC(O)c1ccc(-n2ccc(-c3ccccn3)n2)cc1,OC(O)c1ccc(-n2ccc(-c3ccccn3)n2)cc1,X,X,1,1,2,2,0,0,Cl,Cl,N,N,N,N,38.928088,0.088688
2571,903215,OC(O)c1ccc(C(O)O)nc1,O,OC(O)c1ccc(C(O)O)nc1,O,X,X,2,1,2,1,0,0,O,O,N,O,O,N,-12.85943545,0.168571405
2572,YEJGOM,Brc1ccc(c2cc(c3ncccc3)nc(c4ncccc4)c2)cc1,Brc1ccc(c2cc(c3ncccc3)nc(c4ncccc4)c2)cc1,X,X,X,X,3,3,0,0,0,0,N,N,N,N,N,N,32.05151527,0.108975625
2573,1545744,CCCCn1ccnc1,CCCCn1ccnc1,CCCCn1ccnc1,CCCCn1ccnc1,CCCCn1ccnc1,CCCCn1ccnc1,1,1,1,1,1,1,N,N,N,N,N,N,54.80993549,0.09040039
2574,YELWUK,CC(NNC(O)c1ccccc1)c1cnccn1,CC(NNC(O)c1ccccc1)c1cnccn1,X,X,X,X,3,3,0,0,0,0,N,O,N,N,O,N,-26.773364,0.190256
2575,1563592,Br,O=C(C(N/1)=CC=CC1=C(N2)/C=CC=C2C3=O)C4=CC=C/C(N4)=C5NC3=CC=C/5,Br,X,X,X,1,4,1,0,0,0,Br,C,C,C,C,Br,24.37820707,0.153456867
2576,YEMMUB,CCCc1nc(C(O)O)c(C(O)O)[nH]1,CCCc1nc(C(O)O)c(C(O)O)[nH]1,c1cnc2c(c1)ccc1cccnc12,X,X,X,2,2,2,0,0,0,O,O,N,N,N,N,92.635839,0.253821
2577,1408344,O,NNC(O)c1ccccc1,OC(O)CC(O)O,O,X,X,1,2,2,1,0,0,O,O,O,N,O,O,79.14826,0.142531
2578,YEQDAZ,OP(O)O,CN1CCCNCCN(C[PH](O)(O)O)CCCNCC1,X,X,X,X,1,5,0,0,0,0,O,O,N,N,N,N,58.815534,0.103416
2579,1561543,O,O,NC(O)c1ccncc1,O,O,NC(O)c1ccncc1,1,1,1,1,1,1,O,O,N,O,O,N,100.018232,0.151847
2580,YESHIN,O[Cr](O)(O)O,O[Cr](O)(O)O,NCCN,NCCN,X,X,1,1,2,2,0,0,O,O,N,N,N,N,29.49141099,0.139296635
2581,2063851,Cl,Cl,OC(O)c1cccc(NCc2ccccn2)c1,OC(O)c1cccc(NCc2ccccn2)c1,X,X,1,1,2,2,0,0,Cl,Cl,N,N,N,N,6.054812655,0.131196315
2582,YEXBEM,Cc1ccc(C(O)C(Cl)C(O)c2ccc(C)cc2)cc1,c1ccc(-c2ccccn2)nc1,c1ccc(-c2ccccn2)nc1,X,X,X,2,2,2,0,0,0,O,O,N,N,N,N,-22.241147,0.123082
2583,2201203,COc1ccc(C(O)C(Cl)C(O)c2ccc(OC)cc2)cc1,c1ccc(-c2ccccn2)nc1,c1ccc(-c2ccccn2)nc1,X,X,X,2,2,2,0,0,0,O,O,N,N,N,N,-6.681289,0.179189
2584,YEXBOW,c1ccc(-c2ccccn2)nc1,c1ccc(-c2ccccn2)nc1,CCN,CCN,X,X,2,2,1,1,0,0,N,N,N,N,N,N,136.104276,0.012458
2585,632205,O,O,OC(O)c1cc(C(O)O)nc(C(O)O)c1,C1(/C=CNC=C1)=C2C=CNC=C/2,X,X,1,1,3,1,0,0,O,O,O,O,N,N,-74.157053,0.274535
2586,YEZFES,Cl,Cl,Cc1ccc2ccc(C)nc2n1,Cc1ccc2ccc(C)nc2n1,X,X,1,1,2,2,0,0,Cl,Cl,N,N,N,N,-104.568493,0.204167
2587,647335,OC(O)c1ccc(C2=C3C=CC(=N3)C(c3ccc(C(O)O)cc3)=C3C=CC(=N3)C(c3ccc(C(O)O)cc3)=C3C=CC(=N3)C(c3ccc(C(O)O)cc3)=C3C=CC2=N3)cc1,c1ccncc1,c1ccncc1,X,X,X,4,1,1,0,0,0,N,N,N,N,N,N,49.18555373,0.102245867
2588,YICNII,OC(O)c1ccc(Cl)cc1,NC(O)c1cccnc1,O,OC(O)c1ccc(Cl)cc1,NC(O)c1cccnc1,O,1,1,1,1,1,1,O,O,N,O,O,N,117.031286,0.276968
2589,650507,OC(c1ccccc1)c1ccccn1,O,OC(c1ccccc1)c1ccccn1,O,X,X,2,1,2,1,0,0,O,O,N,O,O,N,-16.652551,0.130028
2590,YIDNAB,C1(/C=NC=CN1)=C2NNN=C\2,O,C1(/C=NC=CN1)=C2NNN=C\2,O,X,X,2,1,2,1,0,0,N,N,O,N,N,O,70.323808,0.168613
2592,YIFKIL,OC(c1cccc(Br)c1)O,OC(c1cccc(Br)c1)O,O,OC(O)c1cccnc1,O,OC(O)c1ccccc1,1,1,1,1,1,1,O,O,N,O,O,N,106.784742,0.166514
2593,1831952,NC(O)CCN(O)CCC(N)O,CC(O)O,CC(O)O,X,X,X,3,2,1,0,0,0,N,O,O,O,O,O,118.39173,0.233643
2595,1848987,c1ccc(-c2ccccn2)nc1,ON(O)O,O,O,O,X,2,1,1,1,1,0,N,N,O,O,O,O,108.11868,0.092211
2596,YIJSOC,O,Cc1cc(C(O)O)n[nH]1,O,Cc1cc(C(O)O)n[nH]1,X,X,1,2,1,2,0,0,O,O,N,O,O,N,74.717097,0.097825
2597,1876889,Br,Br,X,X,X,X,0,0,3,3,0,0,O,O,N,N,N,N,-34.654157,0.043125
2599,641639,COc1cccc(CO)c1O,P(C)(C)(C),P(C)(C)(C),COc1cccc(CO)c1O,X,X,2,1,1,2,0,0,P,P,O,O,O,C,24.78865431,0.170640965
2600,YIZSIJ,Cl,Cc1cncc(C)c1,Cl,Cc1cncc(C)c1,Cc1cncc(C)c1,Cc1cncc(C)c1,1,1,1,1,1,1,Cl,N,Cl,N,N,N,126.40467,0.154113
2603,1846018,c1ccc(-c2nnc(-c3ccco3)c(-c3ccco3)n2)nc1,ON(O)O,c1ccc(-c2nnc(-c3ccco3)c(-c3ccco3)n2)nc1,ON(O)O,X,X,2,1,2,1,0,0,N,N,O,N,N,O,47.271891,0.131197
2604,YOBMEJ,O,O,O=C1OC2=CC=CC=C2N1CC(O)=O,O,O,O=C1OC2=CC=CC=C2N1CC(O)=O,1,1,1,1,1,1,O,O,O,O,O,O,-84.896415,0.295092
2605,696389,Br,c1ccc(-c2ccnc(Sc3nccc(-c4ccccn4)n3)n2)nc1,Br,X,X,X,1,4,1,0,0,0,Br,N,N,N,N,Br,13.586297,0.146596
2606,YODKIO,COc1cccc(CNn2cnnc2)c1O,O,COc1cccc(CNn2cnnc2)c1O,O,X,X,2,1,2,1,0,0,N,O,O,N,O,O,-74.657162,0.209584
2607,1853218,Cc1cc(CC(O)Nc2ccccc2N)n[nH]1,CCO,Cc1cc(CC(O)Nc2ccccc2N)n[nH]1,CCO,X,X,2,1,2,1,0,0,O,O,N,O,O,N,74.827327,0.111045
2608,YOFQES,Oc1c(O)c(Br)c(Br)c(Br)c1Br,Cc1cccc(CN(Cc2cccc(C)n2)Cc2cccc(C)n2)n1,X,X,X,X,2,4,0,0,0,0,O,O,N,N,N,N,118.352646,0.144554
2609,860553,O=C(O)C1=NC2=CC=CC=C2N1,CO,O=C(O)C1=NC2=CC=CC=C2N1,CO,X,X,2,1,2,1,0,0,N,O,O,N,O,O,-93.75674,0.207843
2610,YOLPEV,NCCN(CCNCc1ccccn1)CCNCc1ccccn1,X,X,X,X,X,6,0,0,0,0,0,N,N,N,N,N,N,114.719411,0.157033
2611,620811,OC(O)c1ccccc1,OC(O)c1ccccc1,c1ccncc1,c1ccncc1,O,X,1,2,1,1,1,0,N,N,O,O,O,O,98.965239,0.083199
2612,YOMGOY,ON(O)c1ccc(CNCCCn2ccnc2)cc1,ON(O)c1ccc(CNCCCn2ccnc2)cc1,NCS,ON(O)c1ccc(CNCCCn2ccnc2)cc1,ON(O)c1ccc(CNCCCn2ccnc2)cc1,NCS,1,1,1,1,1,1,N,N,N,N,N,N,97.995572,0.024292
2613,718453,OC(CC(O)C(F)(F)F)C(F)(F)F,OC(CC(O)C(F)(F)F)C(F)(F)F,CN(C)CCN(C)C,X,X,X,2,2,2,0,0,0,O,O,O,O,N,N,88.520774,0.068233
2614,YONTUT,c1cc(Sc2ccncc2)ccn1,c1cc(Sc2ccncc2)ccn1,O,c1cc(Sc2ccncc2)ccn1,c1cc(Sc2ccncc2)ccn1,O,1,1,1,1,1,1,N,O,N,N,O,N,79.35404231,0.159921558
2615,991320,OCCN(CCN(CC(O)O)CC(O)O)Cc1nc2ccccc2[nH]1,O,X,X,X,X,5,1,0,0,0,0,O,O,O,N,N,N,66.638978,0.311382
2616,YOSYEL,c1cc(CCc2ccncc2)ccn1,Cc1ccc(C(O)O)c(C(O)O)n1,c1cc(CCc2ccncc2)ccn1,Cc1ccc(C(O)O)c(C(O)O)n1,X,X,1,2,1,2,0,0,N,N,O,N,N,O,85.609801,0.281474
2617,738103,OC(O)c1cccn2nnnc12,O,OC(O)c1cccn2nnnc12,O,X,X,2,1,2,1,0,0,O,O,N,O,O,N,107.427252,0.264051
2618,YOTFET,OC(O)c1cc2nc[nH]c2cc1C(O)O,O,O,O,O,O,1,1,1,1,1,1,N,O,O,O,O,O,68.93005796,0.134938483
2619,684749,CC(CN(CC(C)NO)CC(C)NO)NO,OC(O)C(O)O,X,X,X,X,4,2,0,0,0,0,O,O,N,N,N,N,85.296805,0.195262
2620,YOZQEM,OC(CC(O)C(F)(F)F)C(F)(F)F,c1ccc(-c2ccccn2)nc1,OC(CC(O)C(F)(F)F)C(F)(F)F,X,X,X,2,2,2,0,0,0,O,O,N,N,O,O,62.846879,0.110389
2621,1024703,CC(C)c1cccc(C(C)C)c1O[PH](O)(O)O,c1ccncc1,c1ccncc1,CC(C)c1cccc(C(C)C)c1O[PH](O)(O)O,c1ccncc1,c1ccncc1,1,1,1,1,1,1,N,N,O,N,N,O,107.944032,0.158589
2623,1057063,CC(NO)C(C)NCCNCCNC(C)(O)C(C)NO,Cl,X,X,X,X,5,1,0,0,0,0,N,N,N,N,N,Cl,34.14279556,0.10532512
2624,YUMPON,O=C(O1)C(C(C2NC=CC=C2)SCC)=C(O)C3=C1C=CC=C3,O=C(O1)C(C(C2NC=CC=C2)SCC)=C(O)C3=C1C=CC=C3,X,X,X,X,3,3,0,0,0,0,S,O,N,S,O,N,58.237535,0.299815
2625,1307103,NCS,O=C1C2=CC=CNC2=C3C1=CC=CN3,O=C1C2=CC=CNC2=C3C1=CC=CN3,NCS,X,X,1,2,2,1,0,0,N,N,N,N,N,N,108.710832,0.279074
2626,YUXHEH,Cl,Cl,O,c1ccc(-n2cnnn2)nc1,c1ccc(-n2cnnn2)nc1,X,1,1,1,1,2,0,Cl,Cl,O,N,N,N,102.14723,0.266995
2627,738931,CCCCCC(O)c1c(C)nn(-c2ccccc2)c1O,O,CCCCCC(O)c1c(C)nn(-c2ccccc2)c1O,O,X,X,2,1,2,1,0,0,O,O,O,O,O,O,-113.956032,0.315057
2628,ZAFTAE,NNc1nncn1N,NNc1nncn1N,NNc1nncn1N,X,X,X,2,2,2,0,0,0,N,N,N,N,N,N,32.61183282,0.124464177
2629,ZAGNAW,OC1CC(C(O)O)N(CN2CC(O)CC2C(O)O)C1,O,O,X,X,X,4,1,1,0,0,0,O,N,O,O,N,O,-107.805074,0.163038
2630,1973635,NCS,O,CCN(CC)C(O)c1cccnc1,NCS,O,CCN(CC)C(O)c1cccnc1,1,1,1,1,1,1,O,N,N,O,N,N,-100.456803,0.267483
2631,ZAHWEO,OC(O)C(F)(F)F,c1cn[nH]c1,c1cn[nH]c1,OC(O)C(F)(F)F,c1cn[nH]c1,c1cn[nH]c1,1,1,1,1,1,1,O,N,N,O,N,N,90.345043,0.139807
2632,2046245,CC1=C2C(OC(C3=CC=CO3)=C1C)C=CC=C2,c1ccncc1,CC1=C2C(OC(C3=CC=CO3)=C1C)C=CC=C2,c1ccncc1,X,X,2,1,2,1,0,0,O,O,N,O,O,N,97.363777,0.318123
2633,ZAKHIC,Cl,CN(CC1NC2=CC=C1)CC3NC(CN(C)C2)=CC=C3,Cl,X,X,X,1,4,1,0,0,0,Cl,N,N,N,N,Cl,-11.185492,0.301085
2634,880114,N=C=[Se],CC(O)c1cccnc1,O,CC(O)c1cccnc1,N=C=[Se],O,1,1,1,1,1,1,N,O,N,N,O,N,67.43181627,0.1347988
2635,ZANSAK,Cn1ccnc1,OC(O)Cc1cccc2ccccc12,O,Cn1ccnc1,OC(O)Cc1cccc2ccccc12,O,1,1,1,1,1,1,N,O,O,N,O,O,99.000217,0.214213
2636,1532114,NCS,CCN,OC(c1ccccc1)c1ccncc1,NCS,CCN,OC(c1ccccc1)c1ccncc1,1,1,1,1,1,1,N,N,N,N,N,N,102.329739,0.282252
2637,ZAVZAZ,OC1CC(NCc2ccccn2)CC(NCc2ccccn2)C1,ON(O)O,O,X,X,X,4,1,1,0,0,0,N,N,N,N,O,O,41.5963,0.200242
2638,1310446,CC(NO)C(C)NO,CC(NO)C(C)NO,NCc1ccncc1,CCCN,X,X,2,2,1,1,0,0,N,N,N,N,N,C,7.387403493,0.125372323
2639,ZEMHEI,Cl,Cl,CC(NO)C(C)NO,CC(NO)C(C)NO,X,X,1,1,2,2,0,0,Cl,Cl,N,N,N,N,8.88002642,0.116643087
2640,1517693,CCCC(O)C(CCC)NO,CCCC(O)C(CCC)NO,CC(C)C(O)O,CC(C)C(O)O,X,X,2,2,1,1,0,0,N,N,O,O,O,O,87.578151,0.198721
2641,ZENDOP,CN1C(N2)=CC=C2/C(C3=CC=C(N(C)C4=CC=C(/C(C5=CC=C1N5)=C6CC=CC=C/6)N4)N3)=C7CC=CC=C/7,OS(OC(F)(F)F)O,OS(OC(F)(F)F)O,X,X,X,4,1,1,0,0,0,N,N,N,N,O,O,53.27605653,0.162444232
2642,848266,COc1cc(NS(O)(O)c2ccc(N)cc2)nc(OC)n1,CC(NO)C(C)NO,CC(NO)C(C)NO,NNN,X,X,1,2,2,1,0,0,N,N,N,N,N,N,6.040514603,0.186514872
2643,ZEQFIM,COc1cnc(NS(O)(O)c2ccc(N)cc2)nc1,CC(NO)C(C)NO,CC(NO)C(C)NO,NNN,X,X,1,2,2,1,0,0,N,N,N,N,N,N,10.55957863,0.154896922
2644,790043,COC(O)c1cc(C)[nH]n1,O,COC(O)c1cc(C)[nH]n1,O,X,X,2,1,2,1,0,0,O,N,O,O,N,O,4.510887,0.13615
2645,ZEQKIR,Br,ONC(c1ccccc1)C(NO)c1ccccc1,ONC(c1ccccc1)C(NO)c1ccccc1,NC(O)c1cnccn1,X,X,1,2,2,1,0,0,Br,N,N,N,N,N,6.907638563,0.146330147
2646,819281,Cl,ONC1=C(NO)CCCC1,ONC1=C(NO)CCCC1,NC(O)c1cnccn1,X,X,1,2,2,1,0,0,Cl,N,N,N,N,N,9.650668235,0.09119383
2647,ZEQPOC,COC(O)C(NC(c1ccc(Cl)cc1)c1c(C)nn(-c2ccccc2)c1O)C(C)C,COC(O)C(NC(c1ccc(Cl)cc1)c1c(C)nn(-c2ccccc2)c1O)C(C)C,X,X,X,X,3,3,0,0,0,0,O,O,O,O,N,N,31.84057,0.233973
2648,817421,NCS,OC1NCCCCC1,OC1NCCCCC1,NCS,OC1NCCCCC1,OC1NCCCCC1,1,1,1,1,1,1,N,O,O,N,O,O,-120.203299,0.317786
2649,ZEQXIE,CC(C)(C)C(O)O,CC(C)(C)C(O)O,Cc1cc(C)[nH]n1,Cc1cc(C)[nH]n1,c1ccc(-c2ccccn2)nc1,X,1,1,1,1,2,0,O,O,N,N,N,N,95.854436,0.281658
2650,891699,CC(C)(C)C(O)O,CC(C)(C)C(O)O,Cc1cc(C)[nH]n1,c1cnc2c(c1)ccc1cccnc12,X,X,2,1,1,2,0,0,O,O,O,N,N,N,61.1317,0.07105
2651,ZEQXUQ,OC(O)c1ccccc1,OC(O)c1ccccc1,Cc1cc(C)[nH]n1,Cc1cc(C)[nH]n1,c1cnc2c(c1)ccc1cccnc12,X,1,1,1,1,2,0,O,O,N,N,N,N,90.868071,0.270246
2652,898146,CC(c1ccccn1)(c1ccccn1)c1cccc(C(C)(c2ccccn2)c2ccccn2)n1,O,X,X,X,X,5,1,0,0,0,0,N,N,N,O,N,N,-74.809219,0.272618
2653,ZIBNIH,OS(O)(O)C(F)(F)F,CCOCCP(CCOCC)CC1=CC=CC=C1,CCOCCP(CCOCC)CC1=CC=CC=C1,OS(O)(O)C(F)(F)F,X,X,1,2,2,1,0,0,P,O,O,P,O,O,68.399351,0.18034
2654,1830866,O,Oc1cncc(C(O)O)c1,O,O,Oc1cncc(C(O)O)c1,O,1,1,1,1,1,1,O,O,N,O,O,N,91.092854,0.170848
2655,ZIJJEL,OC(O)c1ccc2[nH]ncc2c1,O,O,OC(O)c1ccc2[nH]ncc2c1,O,O,1,1,1,1,1,1,O,O,N,O,O,N,62.67102614,0.135701733
2656,ZIJWEU,OC(N(C)C)N,OC(N(C)C)N,OC(N(C)C)N,OC(N(C)C)N,OC(N(C)C)N,OC(N(C)C)N,1,1,1,1,1,1,O,O,O,O,O,O,91.785681,0.032892
2657,864491,NS(O)(O)c1ccccc1C(O)O,O,O,NS(O)(O)c1ccccc1C(O)O,O,O,1,1,1,1,1,1,O,O,O,O,O,O,114.199276,0.22362
2658,ZIQBEI,OC(CC1C(NC(N1)=O)=O)=O,O,O,OC(CC1C(NC(N1)=O)=O)=O,O,O,1,1,1,1,1,1,O,O,O,O,O,O,103.728397,0.329099
2659,1313053,P(C1=CC=CC=C1)(C2=CC=CC=C2)C3=CC=CC=C3,CC(C)(C)c1cc(O)c(O)c(C(C)(C)C)c1,CC(NO)C(C)NO,CC(NO)C(C)NO,X,X,1,1,2,2,0,0,P,O,N,N,N,N,9.03895264,0.14848809
2660,ZIRCOW,CC(C)(C)C(O)Nc1ccccc1C1=C2C=CC(=N2)C(c2ccccc2NC(O)C(C)(C)C)=C2C=CC(=N2)C(c2ccccc2NC(O)C(C)(C)C)=C2C=CC(=N2)C(c2ccccc2NC(O)C(C)(C)C)=C2C=CC1=N2,c1ccncc1,c1ccncc1,X,X,X,4,1,1,0,0,0,N,N,N,N,N,N,54.30260492,0.119423495
2661,942321,CN(C)C(S)S,CN(C)C(S)S,FC(OP(C1=CC=CC=C1)C2=CC=CC=C2)(OP(C3=CC=CC=C3)C4=CC=CC=C4)F,X,X,X,2,2,2,0,0,0,S,S,S,S,P,P,116.264728,0.092234
2662,ZITXIJ,Cl,CC(NO)C(C)NO,CC(NO)C(C)NO,Nc1ccccc1,X,X,1,2,2,1,0,0,Cl,N,N,N,N,N,19.269436,0.316966
2663,1867162,O,NCNc1ccccn1,O,NCNc1ccccn1,X,X,1,2,1,2,0,0,O,N,N,O,N,N,60.878605,0.175153
2664,ZIXSOR,CC(NNc1ccccc1)c1cccc(C(C)NNc2ccccc2)n1,CC(NNc1ccccc1)c1cccc(C(C)NNc2ccccc2)n1,X,X,X,X,3,3,0,0,0,0,N,N,N,N,N,N,88.918844,0.269189
2665,1313691,Cl,Cl,c1ccncc1,c1ccncc1,c1ccncc1,c1ccncc1,1,1,1,1,1,1,Cl,Cl,N,N,N,N,0.050818,0.002895
2666,ZOKJEQ,NCS,NCS,c1cncc(-n2cnnc2)c1,c1cncc(-n2cnnc2)c1,O,O,1,1,1,1,1,1,N,N,N,N,O,O,118.675555,0.147754
2667,1938488,O=C1OC2=CC(N(CC)CC)C=CC2=C/C1=C(/C=C(OCC)\O)O,c1ccc(CN(Cc2ccccn2)Cc2ccccn2)nc1,X,X,X,X,2,4,0,0,0,0,O,O,N,N,N,N,87.393923,0.202129
2668,ZUDTUP,CCc1ccncc1,Cc1cc(C)c(OP(S)(S)Oc2c(C)cc(C)cc2)cc1,Cc1cc(C)c(OP(S)(S)Oc2c(C)cc(C)cc2)cc1,CCc1ccncc1,X,X,1,2,2,1,0,0,N,S,S,N,S,S,-130.815185,0.259751
2669,1051255,CCc1ccncc1,Cc1cc(C)c(OP(S)(S)Oc2c(C)cc(C)cc2)cc1,Cc1cc(C)c(OP(S)(S)Oc2c(C)cc(C)cc2)cc1,CCc1ccncc1,X,X,1,2,2,1,0,0,N,S,S,N,S,S,-130.815187,0.259751
2670,ZUDVIF,CCc1ccncc1,Cc1cc(C)c(OP(S)(S)Oc2c(C)cc(C)cc2)cc1,Cc1cc(C)c(OP(S)(S)Oc2c(C)cc(C)cc2)cc1,CCc1ccncc1,X,X,1,2,2,1,0,0,N,S,S,N,S,S,-133.071234,0.265646
2671,1945861,c1cnc2ncccc2c1,c1cnc2ncccc2c1,c1cnc2ncccc2c1,c1cnc2ncccc2c1,X,X,2,1,2,1,0,0,N,N,N,N,N,N,28.866891,0.330131
2672,ZUFZEI,NCS,CO,c1cc(-c2nc(-c3ccncc3)nc(-c3ccncc3)n2)ccn1,NCS,CO,c1cc(-c2nc(-c3ccncc3)nc(-c3ccncc3)n2)ccn1,1,1,1,1,1,1,O,N,N,O,N,N,75.275484,0.279031
2673,1042803,COCCn1ccnc1-c1ccccn1,COCCn1ccnc1-c1ccccn1,COCCn1ccnc1-c1ccccn1,X,X,X,2,2,2,0,0,0,N,N,N,N,N,N,-8.639421,0.052558
2674,ZUGLEU,CCn1ccnc1-c1ccccn1,CCn1ccnc1-c1ccccn1,CCn1ccnc1-c1ccccn1,X,X,X,2,2,2,0,0,0,N,N,N,N,N,N,78.61842,0.095968
2675,1937453,NCC(NCc1ccccc1)C(CN)NCc1ccccn1,NCC(NCc1ccccc1)C(CN)NCc1ccccn1,X,X,X,X,3,3,0,0,0,0,N,N,N,N,N,N,-70.782101,0.201096
2676,ZULBAM,O,O,COc1nc(-n2nc(C)cc2C)nc(-n2nc(C)cc2C)n1,O,X,X,1,1,3,1,0,0,N,N,N,O,O,O,68.04173,0.236319
2677,1922554,Nc1ccc(S(O)(O)Nc2ncccn2)cc1,c1c[nH]cn1,Nc1ccc(S(O)(O)Nc2ncccn2)cc1,c1c[nH]cn1,X,X,2,1,2,1,0,0,N,N,N,N,N,N,47.749939,0.10331
2678,ZUZRUK,CCCCN(C1=S)CNN1CC2NC(CN3C(N(CCCC)CN3)=S)=CC=C2,Cl,O,Cl,X,X,3,1,1,1,0,0,N,N,N,Cl,O,Cl,105.830258,0.332848
2684,2321246,C1(CSC2)=CC=CC(CSCC3=CC=CC2N3)N1,Cl,Cl,X,X,X,4,1,1,0,0,0,S,N,S,N,Cl,Cl,69.834843,0.131526
2685,FOJCAM,C=C(O)C1=CC=C(N2CC=C(O)C(C(O)=O)=N2)C=C1,O,C=C(O)C1=CC=C(N2CC=C(O)C(C(O)=O)=N2)C=C1,O,X,X,2,1,2,1,0,0,O,O,O,O,O,O,-123.682251,0.204033
2686,2254446,Oc1cc(Nc2cccc3cccnc23)c(O)c2ccccc12,Oc1cc(Nc2cccc3cccnc23)c(O)c2ccccc12,X,X,X,X,3,3,0,0,0,0,O,N,N,O,N,N,-121.053286,0.238576
2687,GOLJAW,O=c(cc(Nc(ccc1)c2c1cccn2)c3(OC)O)c4c3cccc4,Oc1c2ccccc2c(O)c(Nc3c4ncccc4ccc3)c1,X,X,X,X,3,3,0,0,0,0,O,O,N,N,N,N,-12.81856,0.21046
2688,2069287,O,CCCNCC(O)O,O,CCCNCC(O)O,X,X,1,2,1,2,0,0,O,O,N,O,O,N,-91.228996,0.251496
2689,IYETEO01,CCNCC(O)O,O,CCNCC(O)O,O,X,X,2,1,2,1,0,0,O,O,N,O,O,N,-88.814495,0.300102
2690,2043924,Cl,CN(Cc1ccccn1)Cc1cccc(C(C)(c2ccccn2)c2ccccn2)n1,X,X,X,X,1,5,0,0,0,0,Cl,N,N,N,N,N,-49.483574,0.330881
2691,NOGFAU,Br,Br,c1ccc2cnccc2c1,c1ccc2cnccc2c1,c1ccc2cnccc2c1,c1ccc2cnccc2c1,1,1,1,1,1,1,Br,Br,N,N,N,N,125.682458,0.032664
2692,2289955,COc1ccc(-c2cc(-c3ccccn3)nc(-c3ccccn3)c2)cc1,COc1ccc(-c2cc(-c3ccccn3)nc(-c3ccccn3)c2)cc1,X,X,X,X,3,3,0,0,0,0,N,N,N,N,N,N,80.067606,0.317675
2693,TONXON,CC(O)CC(C)O,c1ccc2ncccc2c1,CC(O)CC(C)O,c1ccc2ncccc2c1,X,X,2,1,2,1,0,0,O,O,N,O,O,N,93.025468,0.080312
2694,2316873,Br,CN(CCN(C)Cc1ccccn1)Cc1ccccn1,Br,X,X,X,1,4,1,0,0,0,Br,N,N,N,N,Br,83.197924,0.175497
2695,VONFAJ,CCn1c(CN(C)CCN(C)Cc2nc3ccccc3n2CC)nc2ccccc21,O,O,X,X,X,4,1,1,0,0,0,N,N,N,N,O,O,-124.861421,0.248681
2696,2334789,Cl,CN(P(N(NCc(ncc1)c2c1cccc2)C)([S])N(NCc(ncc3)c4c3cccc4)C)NCc(ncc5)c6c5cccc6,Cl,X,X,X,1,4,1,0,0,0,Cl,Cl,N,N,N,N,40.34864,0.225924
2697,WOMYIK,c1ccc(CN2CCN(Cc3ccccn3)CCN(Cc3ccccn3)CCN(Cc3ccccn3)CC2)nc1,X,X,X,X,X,6,0,0,0,0,0,N,N,N,N,N,N,-64.639328,0.012782
2698,2175888,NCS,NCS,c1ccc2[nH]nnc2c1,NCS,NCS,c1ccc2[nH]nnc2c1,1,1,1,1,1,1,N,N,N,N,N,N,-1.410643,0.050511
2699,XODXAT,O[SH](O)OC(F)(F)(F),O[SH](O)OC(F)(F)(F),c1cc2ccc3ccc4nc3c2nc1[nH]c1ccc2ccc3ccc(nc3c2n1)[nH]4,X,X,X,1,1,4,0,0,0,O,N,N,N,N,O,31.22293793,0.166633655
2700,2308885,OC(O)Cn1ccc(C(O)O)n1,O,O,O,O,X,2,1,1,1,1,0,N,O,O,O,O,O,106.268679,0.215279
2701,YOKZEH,Cc1ccc(-c2ccc(C)cn2)nc1,Cc1ccc(-c2ccc(C)cn2)nc1,Cc1ccc(-c2ccc(C)cn2)nc1,X,X,X,2,2,2,0,0,0,N,N,N,N,N,N,3.003551,0.316225
2702,2311275,OCC(CO)(CO)NCc1ccc2ccccc2n1,OCC(CO)(CO)NCc1ccc2ccccc2n1,X,X,X,X,3,3,0,0,0,0,O,N,N,O,N,N,-112.89448,0.26378
2703,CONNOM,OC1=C(C(O)Nc2ccccn2)N(Cc2ccccc2)S(O)(O)c2ccccc21,O,OC1=C(C(O)Nc2ccccn2)N(Cc2ccccc2)S(O)(O)c2ccccc21,O,X,X,2,1,2,1,0,0,N,O,O,N,O,O,-84.998916,0.273747
2704,2332745,c1ccc(N(c2ccccc2)c2ccc(-c3cc(-c4ccccn4)nc(-c4ccccn4)c3)cc2)cc1,c1ccc(N(c2ccccc2)c2ccc(-c3cc(-c4ccccn4)nc(-c4ccccn4)c3)cc2)cc1,X,X,X,X,3,3,0,0,0,0,N,N,N,N,N,N,24.43962833,0.0781746
2705,CORBIY,CN(C)c1ccc(-c2cc(-c3ccccn3)nc(-c3ccccn3)c2)cc1,CN(C)c1ccc(-c2cc(-c3ccccn3)nc(-c3ccccn3)c2)cc1,X,X,X,X,3,3,0,0,0,0,N,N,N,N,N,N,0.68288,0.009297
2706,2341683,Cl,Cl,Clc1ccc2ccc3cccnc3c2n1,Clc1ccc2ccc3cccnc3c2n1,X,X,1,1,2,2,0,0,Cl,Cl,N,N,N,N,37.015073,0.303485
2707,FONTEL,Cl,c1cc2ccc3ccc4nc3c2nc1oc1ccc2ccc3ccc(nc3c2n1)o4,Cl,X,X,X,1,4,1,0,0,0,Cl,N,N,N,N,Cl,-66.788873,0.149322
2708,2208329,NCS,NCS,c1ccc(-c2ccccn2)nc1,c1ccc(-c2ccccn2)nc1,X,X,1,1,2,2,0,0,N,N,N,N,N,N,54.622908,0.08142
2709,JORVIZ,OCc1cc(-c2ccccn2)nc(-c2ccccn2)c1,OCc1cc(-c2ccccn2)nc(-c2ccccn2)c1,X,X,X,X,3,3,0,0,0,0,N,N,N,N,N,N,76.19284207,0.049118335
2710,2332907,P(C1=CC=CC=C1)(C2=CC=CC=C2)C3=CC=CC=C3,CC(O)CC(C)O,P(C1=CC=CC=C1)(C2=CC=CC=C2)C3=CC=CC=C3,CC(O)CC(C)O,X,X,1,2,1,2,0,0,P,O,O,P,O,O,84.612783,0.080929
2711,KOWLER,O=C1N(C)C(C(C(C2=CC=CCN2)C(C(N3C)=O)=C(O)N(C)C3=O)=C(O)N1C)=O,O,O,O,X,X,3,1,1,1,0,0,O,O,O,O,O,N,-78.251361,0.311954
2712,2342586,c1ccc(-c2nc3ccccc3s2)nc1,c1ccc(-c2nc3ccccc3s2)nc1,Cl,Cl,X,X,2,2,1,1,0,0,Cl,Cl,N,N,N,N,36.263405,0.108049
2713,NOPNIT,OC(O)c1ccccc1S(O)(O)O,Cc1cc(C)[nH]n1,Cc1cc(C)[nH]n1,Cc1cc(C)[nH]n1,O,X,2,1,1,1,1,0,N,N,N,O,O,O,95.896097,0.059289
2714,2243286,Nc1nonc1-c1nnnn1O,O,Nc1nonc1-c1nnnn1O,O,X,X,2,1,2,1,0,0,O,O,N,O,O,N,51.665696,0.117602
2715,RONCOQ,CC1(C)CCCC(C)(C)N1C(O)O,CN(C)CCN(C)C,CC1(C)CCCC(C)(C)N1C(O)O,X,X,X,2,2,2,0,0,0,O,O,N,N,O,O,-126.632266,0.274365
2716,2259338,I,CSC(N)NNC(C)CC(C)NNC(N)SC,CO,X,X,X,1,4,1,0,0,0,I,N,C,S,O,N,5.272793,0.203598
2717,ROTCUC,I,I,CC(NNC(SC)N)CC(NNC(SC)N)C,X,X,X,1,1,4,0,0,0,I,I,N,N,C,N,11.70004938,0.127771632
2718,2339904,c1cncc(NNN2CCOCC2)c1,ON(O)O,O,c1cncc(NNN2CCOCC2)c1,ON(O)O,O,1,1,1,1,1,1,N,O,O,N,O,O,65.531295,0.173928
2719,TAFGEQ01,NCS,NCS,Cc1cc(C)nc(NNC(C)c2cccc(C(C)NNc3nc(C)cc(C)n3)n2)n1,X,X,X,1,1,4,0,0,0,N,N,N,N,N,N,11.894424,0.260042
2720,2253816,Nc1ccncc1Cl,NCS,O,Nc1ccncc1Cl,NCS,O,1,1,1,1,1,1,O,N,N,O,N,N,35.9765623,0.177492052
2721,TOSBUC,NC[SeH],Nc1ccncc1Cl,O,NC[SeH],Nc1ccncc1Cl,O,1,1,1,1,1,1,O,N,N,O,N,N,5.370958,0.163573
2722,2260191,Cc1nn(-c2ccccc2)c(O)c1C(O)c1cccs1,O,Cc1nn(-c2ccccc2)c(O)c1C(O)c1cccs1,O,X,X,2,1,2,1,0,0,O,O,O,O,O,O,-87.114889,0.243832
2723,TUBDAZ,Cc1cc(CNCc2ccco2)n[nH]1,Cc1cc(CNCc2ccco2)n[nH]1,Cc1cc(CNCc2ccco2)n[nH]1,X,X,X,2,2,2,0,0,0,N,N,N,N,N,N,88.438523,0.062785
2724,2295416,OC(O)c1ccc(N(O)O)cn1,O,OC(O)c1ccc(N(O)O)cn1,O,X,X,2,1,2,1,0,0,O,O,N,O,O,N,81.000269,0.296942
2725,WOQMUO,OC(c1ccccc1)C(Cl)C(O)c1ccccc1,c1ccc(-c2cccc(CN(Cc3ccccn3)Cc3cccc(-c4ccccc4)n3)n2)cc1,X,X,X,X,2,4,0,0,0,0,O,O,N,N,N,N,-88.032097,0.332027
a1,ROYFET,Cn1nnnc1S,Cn1nnnc1S,NCCN,NCCN,X,X,1,1,2,2,0,0,N,N,N,N,N,N,24.938255,0.1574888
a10,BOKBAI,Oc1c(Cl)cc(Cl)cc1CNc1ccccc1NCc1cc(Cl)cc(Cl)c1O,Cn1ccnc1,Cn1ccnc1,X,X,X,4,1,1,0,0,0,O,N,N,O,N,N,54.434666,0.15014449
a100,NUYMEC,NCS,CC(C)(C)OO,CN1CCN(C)Cc2cccc(n2)CN(C)CC1,X,X,X,1,1,4,0,0,0,O,N,N,N,N,N,30.58089,0.22750486
a1000,FOHXAD,CC(NCCCNCCCNC(C)c1ccccc1O)c1ccccc1O,C1=NCCC1,X,X,X,X,5,1,0,0,0,0,O,O,N,N,N,N,38.021873,0.072754584
a1002,PUVZAJ,Oc1c(CNc2cccc3cccnc23)cc2c3c1CCCN3CCC2,Oc1c(CNc2cccc3cccnc23)cc2c3c1CCCN3CCC2,X,X,X,X,3,3,0,0,0,0,O,O,N,N,N,N,25.557665,0.20864947
a1003,DETBIQ,FC(F)C(F)(F)F,CC(NO)C(C)NO,CC(NO)C(C)NO,N,X,X,1,2,2,1,0,0,C,N,N,N,N,N,17.555794,0.10860694
a1004,CEYYOV,NC(Cc1c[nH]cn1)C(O)O,NC(Cc1c[nH]cn1)C(O)O,X,X,X,X,3,3,0,0,0,0,O,O,N,N,N,N,-52.035564,0.1561626
a1005,WULSOL,OC(Nc1ccccc1NC(O)c1ccccn1)c1ccccn1,C1CCNC1,C1CCNC1,X,X,X,4,1,1,0,0,0,N,N,N,N,N,N,25.450438,0.16264728
a1006,ABOQAJ,CC(O)c1ccc(NCc2ccccc2O)cc1,CC(O)CC(C)O,CC(O)c1ccc(NCc2ccccc2O)cc1,X,X,X,2,2,2,0,0,0,O,O,N,O,N,O,66.216576,0.19329205
a1007,QOGMIK,c1ccncc1,NCCN,NNN,NNN,NNN,X,1,2,1,1,1,0,N,N,N,N,N,N,60.47247,0.18316723
a1008,DEHDAW,Oc1ccccc1CNCCNCc1ccccc1O,Nc1ccccc1,Nc1ccccc1,X,X,X,4,1,1,0,0,0,O,N,O,N,N,N,29.931183,0.13192923
a1009,WIMQIU,CC1(C)COC(c2ccccn2)(c2ccccn2)N1O,CC1(C)COC(c2ccccn2)(c2ccccn2)N1O,X,X,X,X,3,3,0,0,0,0,O,O,N,N,N,N,62.52483,0.14672336
a101,YAJCIZ,Cl,COc1ccc(C(NO)C(NO)c2ccc(OC)cc2)cc1,COc1ccc(C(NO)C(NO)c2ccc(OC)cc2)cc1,Cn1ccnc1,X,X,1,2,2,1,0,0,Cl,N,N,N,N,N,8.855259,0.15600644
a1010,RIRQUF,CN,CN,c1cnc2c(c1)ccc1cccnc12,c1cnc2c(c1)ccc1cccnc12,X,X,1,1,2,2,0,0,N,N,N,N,C,C,52.927334,0.17404184
a1011,EYOPOZ,Oc1ccccc1CNCCNCc1ccccc1O,c1nn[nH]n1,NNN,X,X,X,4,1,1,0,0,0,O,N,N,N,N,O,23.605886,0.08745768
a1013,PULXAW,Oc1c(CNc(ccc2)c3c2cccn3)cc(Br)cc1,Oc1c(CNc(ccc2)c3c2cccn3)cc(Br)cc1,X,X,X,X,3,3,0,0,0,0,N,N,N,N,O,O,-10.878641,0.2559734
a1015,ROLQUE,ON1C(S)C=CC=C1,ON1C(S)C=CC=C1,ON1C(S)C=CC=C1,X,X,X,2,2,2,0,0,0,S,O,S,O,S,O,85.500435,0.14159773
a1017,MGSACO,Cl,Nc1ccc(S(N)(O)O)cc1,CC(NO)C(C)NO,CC(NO)C(C)NO,X,X,1,1,2,2,0,0,Cl,N,N,N,N,N,6.5196953,0.13967605
a1018,QAWQUB,NCCNCCNCc1ccccc1,NNN,NNN,NNN,X,X,3,1,1,1,0,0,N,N,N,N,N,N,46.756,0.21814804
a1019,BAXDUZ,CC(NO)C(C)NO,CC(NO)C(C)NO,c1ccncc1,CC(C)(C)C,X,X,2,2,1,1,0,0,N,N,N,N,N,C,7.5597095,0.18143706
a102,UQETIW,CC(O)C(Cl)C(C)O,CC(O)C(Cl)C(C)O,CC(O)CC(C)O,X,X,X,2,2,2,0,0,0,O,O,O,O,O,O,28.619703,0.15998666
a1021,SAWVOE,OC(O)c1cc(-c2ccc(N(O)O)cc2)cc(-c2ccccn2)n1,OC(O)c1cc(-c2ccc(N(O)O)cc2)cc(-c2ccccn2)n1,X,X,X,X,3,3,0,0,0,0,O,O,N,N,N,N,-30.300646,0.17460375
a1024,VUYWER,CC(NO)C(C)NO,CC(NO)C(C)NO,c1ccncc1,Cc1ccccc1,X,X,2,2,1,1,0,0,N,N,N,N,N,C,-2.3798807,0.13163461
a1025,CIJRUJ,OCCNCCNCc1ccccc1O,OCCNCCNCc1ccccc1O,X,X,X,X,3,3,0,0,0,0,O,O,N,N,N,N,-23.232412,0.12829484
a1026,GOVBIE,Oc1ccccc1CNc1cc(Cl)ccc1O,Oc1ccccc1CNc1cc(Cl)ccc1O,X,X,X,X,3,3,0,0,0,0,N,O,O,N,O,O,-4.920557,0.23534594
a1027,AAZDCO,NCCCNCCNCCCN,ONO,ONO,X,X,X,4,1,1,0,0,0,N,N,N,N,N,N,100.48087,0.17696711
a1029,ZEQKAJ,CNC(S)NNCc1ccccn1,CNC(S)NNCc1ccccn1,X,X,X,X,3,3,0,0,0,0,S,S,N,N,N,N,32.57213,0.100762255
a103,FULSIO,CN,OCCN(CCN(CC(O)O)CC(O)O)CC(O)O,X,X,X,X,1,5,0,0,0,0,C,O,N,N,O,O,-53.307217,0.2069116
a1030,CGLCOA,Cl,CCCCP(CCCC)CCCC,CC(NO)C(C)NO,CC(NO)C(C)NO,X,X,1,1,2,2,0,0,Cl,P,N,N,N,N,16.315325,0.13288596
a1031,COMBUB,CC(NO)C(C)NO,CC(NO)C(C)NO,CCOC(O)CCC(O)OCC,c1ccncc1,X,X,2,2,1,1,0,0,N,N,N,N,N,C,8.150644,0.13177297
a1032,KOMKIG,NC(C(O)O)C(O)O,NCCNCCCNCCN,X,X,X,X,2,4,0,0,0,0,O,N,N,N,N,N,81.40469,0.19989824
a1033,SEWFIJ,FC(F)F,CC(NO)C(C)NO,CC(NO)C(C)NO,c1ccncc1,X,X,1,2,2,1,0,0,N,N,N,N,N,C,9.609835,0.09928358
a1036,XINYAX,Cc1cc(NC(O)c2ccccn2)c(NC(O)c2ccccn2)cc1C,NCc1ccccc1,NCc1ccccc1,X,X,X,4,1,1,0,0,0,N,N,N,N,N,N,40.763004,0.20712027
a1037,FEVGAO,CC(C)(C)c1cc(O)c(O)c(C(C)(C)C)c1,CP(C)C,CP(C)C,CP(C)C,C,X,2,1,1,1,1,0,O,O,P,P,P,C,45.168217,0.18120542
a1039,PIBXAG,O/C(C1=CC=CC=C1)=C\P(C2=CC=CC=C2)C3=CC=CC=C3,O/C(C1=CC=CC=C1)=C\P(C2=CC=CC=C2)C3=CC=CC=C3,O/C(C1=CC=CC=C1)=C\P(C2=CC=CC=C2)C3=CC=CC=C3,X,X,X,2,2,2,0,0,0,P,P,P,O,O,O,-4.1683064,0.18226433
a104,LEWNUA,COCCNCc1ccccc1O,COCCNCc1ccccc1O,COCCNCc1ccccc1O,X,X,X,2,2,2,0,0,0,O,O,O,N,N,N,52.518658,0.18655366
a1040,ULAHUL,Cl,COc1ccccc1CNNC(O)c1ccc(N(O)O)cc1,COc1ccccc1CNNC(O)c1ccc(N(O)O)cc1,Cc1ccncc1,X,X,1,2,2,1,0,0,Cl,O,O,N,N,N,13.010107,0.20833261
a1041,BEBQOP,NCS,NCS,NCCCNCCNCCCN,X,X,X,1,1,4,0,0,0,N,N,N,N,N,N,78.98589,0.22624391
a1043,QAXHUT,N(CC1=CC=CCN1)(CC2=CC=CCN2)CC3=CC=CCN3,OP(O)(O)O,X,X,X,X,5,1,0,0,0,0,O,O,N,N,N,N,87.70604,0.20283225
a1044,LACSEN,CC(O)CC(C)O,CC(O)CC(C)O,CC(C)(C)OO,Cn1ccnc1,X,X,2,2,1,1,0,0,O,O,O,O,O,N,70.09578,0.1372023
a1045,REJDUH,COc1cc(CNC2CCCCC2NCc2cc(OC)cc(C(C)(C)C)c2O)c(O)c(C(C)(C)C)c1,Cn1ccnc1,Cn1ccnc1,X,X,X,4,1,1,0,0,0,O,N,O,N,N,N,35.005413,0.17221022
a1046,XECXAG,COc1cccc(CNCCNCc2cccc(OC)c2O)c1O,CC(O)O,O,X,X,X,4,1,1,0,0,0,O,O,O,O,N,N,34.207485,0.118484445
a1047,UBELIW,ONO,ONO,CNCCN,CNCCN,X,X,1,1,2,2,0,0,N,N,N,N,N,N,123.50989,0.13937077
a1049,POZQOK,COC(O)C1C(C2=C3C=CC(=N3)C(C3C(C(O)OC)C3(C)C)=C3C=CC(=N3)C(C3C(C(O)OC)C3(C)C)=C3C=CC(=N3)C(C3C(C(O)OC)C3(C)C)=C3C=CC2=N3)C1(C)C,OCC1CCCN1,OCC1CCCN1,X,X,X,4,1,1,0,0,0,N,N,N,N,N,N,26.440434,0.11718904
a105,RUHDAA,NNN,NCCCN,NCCCN,C,X,X,1,2,2,1,0,0,N,N,N,N,N,C,108.00389,0.12567982
a1050,SADYON,Cl,CC(NO)C(C)NO,CC(NO)C(C)NO,CCOC(O)c1cccnc1,X,X,1,2,2,1,0,0,Cl,N,N,N,N,N,16.174248,0.13116257
a1051,AVUWET,NCC(O)O,NCC(O)O,NCC(O)O,X,X,X,2,2,2,0,0,0,N,N,N,O,O,O,64.27101,0.07708398
a1052,YETBOP,Cl,Cl,P,P,CCCN,CCCN,1,1,1,1,1,1,Cl,Cl,P,P,N,N,70.15854,0.25735524
a1053,XAXYIE,CN(CCN)CCCN,NNN,NNN,NNN,X,X,3,1,1,1,0,0,N,N,N,N,N,N,66.17116,0.21587531
a1054,DOKWAE,O,FC(F)C(F)(F)F,O,O,FC(F)C(F)(F)F,FC(F)C(F)(F)F,1,1,1,1,1,1,C,O,O,C,O,C,-15.352285,0.005971476
a1055,FOBKAJ,CC(NO)C(C)NO,CC(NO)C(C)NO,CCC(N)O,CC(N)c1ccccc1,X,X,2,2,1,1,0,0,N,N,N,N,N,C,7.6169796,0.15202297
a1057,SCHXCO,Oc1ccccc1CNC1CC(NCc2ccccc2O)CC(NCc2ccccc2O)C1,X,X,X,X,X,6,0,0,0,0,0,N,O,N,N,O,O,-33.960766,0.20402417
a1058,PAGNUG,Cl,NCCNCc1nc(C(NCCc2nc[nH]c2)O)c(Br)cn1,X,X,X,X,1,5,0,0,0,0,Cl,N,N,N,N,N,20.22607,0.19572893
a1059,UQEMEJ,CCNC(S)C(C)NNC(N)S,CCNC(S)C(C)NNC(N)S,X,X,X,X,3,3,0,0,0,0,S,S,N,N,N,N,63.491848,0.05624091
a106,PUMFAH,C[Si](C)(C)C,CC(C=C1)=CC=C1C(N2NCC=C2)(N3C=CCN3)C4=CCC=C(C(N5C=CCN5)(N6NCC=C6)C7=CC=C(C)C=C7)C4,X,X,X,X,1,5,0,0,0,0,N,N,N,N,N,C,76.233894,0.26292333
a1060,QERSEM,Oc1ccccc1CNNC(O)COc1ccccc1,CN(C)CO,CC(O)CC(C)O,X,X,X,3,1,2,0,0,0,O,O,O,O,O,N,28.166964,0.1914704
a1061,FUQDIG,CCc1ccc(N(O)O)cc1,C1CNCCNCCCNCCNC1,CCc1ccccc1,X,X,X,1,4,1,0,0,0,N,N,N,N,C,C,57.04438,0.20818156
a1064,VIYHOC,NNN,NNN,NNN,c1ccc(CCNCc2ccccn2)nc1,X,X,1,1,1,3,0,0,N,N,N,N,N,N,19.829233,0.20433787
a1065,MASFIW,CP(C)C,CP(C)C,OCC(c1ccccc1)C(O)c1ccccc1,C,C,X,1,1,2,1,1,0,P,P,O,O,C,C,-15.681574,0.14054804
a1066,UNAVIQ,CC(O)CC(C)NC(c1ccccc1)C(NC(C)CC(C)O)c1ccccc1,Cc1nccn1C,Cc1nccn1C,X,X,X,4,1,1,0,0,0,O,N,O,N,N,N,3.6472704,0.16183892
a1067,WUQTOR,ONCCNO,ONCCNO,c1ccncc1,NNN,X,X,2,2,1,1,0,0,N,N,N,N,N,N,36.46284,0.13796057
a1068,PIHJAT,c1ccc(CNNc2nc3cccnc3s2)nc1,c1ccc(CNNc2nc3cccnc3s2)nc1,X,X,X,X,3,3,0,0,0,0,N,N,N,N,N,N,-25.30699,0.2386975
a1069,KUFJOL,Cl,ONC(Sc1ccccc1)C(NO)Sc1ccccc1,ONC(Sc1ccccc1)C(NO)Sc1ccccc1,c1ccncc1,X,X,1,2,2,1,0,0,Cl,N,N,N,N,N,20.917337,0.15641062
a107,HOWNEP,Cl,CC(NO)C(C)NO,CC(NO)C(C)NO,C1(CNCC2=CCNC=C2)=CC=CC=C1,X,X,1,2,2,1,0,0,Cl,N,N,N,N,N,13.69129,0.121289745
a1070,ATOZIU,OC(NNCc1ccccn1)c1ccc2c(c1)OCCO2,OC(NNCc1ccccn1)c1ccc2c(c1)OCCO2,X,X,X,X,3,3,0,0,0,0,O,O,N,N,N,N,0.07970829,0.3085629
a1071,AQAYAU,CC(O)CC(C)O,NCc1ccccn1,NNN,NNN,X,X,2,2,1,1,0,0,O,O,N,N,N,N,69.62916,0.16868187
a1073,QOFCOE,Nc1ccc(S(N)(O)O)cc1,Nc1ccc(S(N)(O)O)cc1,CC(NO)C(C)NO,CC(NO)C(C)NO,X,X,1,1,2,2,0,0,N,N,N,N,N,N,-10.484514,0.14502735
a1074,XACGEN,CC(C(C(NNC(SC)N)C)O)NNC(SC)N,c1ccncc1,c1ccncc1,X,X,X,4,1,1,0,0,0,N,N,N,N,N,N,-13.68535,0.13654737
a1075,IYATAF,Cc1ccc(O)c(CNc2cccc3ccccc23)c1,Cc1ccc(O)c(CNc2cccc3ccccc23)c1,Cc1ccc(O)c(CO)c1,X,X,X,2,2,2,0,0,0,N,N,O,O,O,O,-21.054853,0.21597041
a1076,REYFUY,Oc1c(O)c(Br)c(Br)c(Br)c1Br,NCCCN,NCCCN,X,X,X,2,2,2,0,0,0,N,N,N,N,O,O,79.89824,0.17928384
a1078,UCIMOJ,CC(NO)C(C)NO,CC(NO)C(C)NO,O=C1C2C=CC=CC1CC=CC2,c1ccncc1,X,X,2,2,1,1,0,0,N,N,N,N,N,C,2.2810462,0.07276236
a108,YELMUA,CC(O)C(N)C(O)O,CC(O)C(N)C(O)O,CC(O)C(N)C(O)O,X,X,X,2,2,2,0,0,0,N,N,N,O,O,O,34.454853,0.07833162
a1080,SEBKUG,SC1=C(C=CC=C2)C2OC(C3=CC=CC=C3)=C1O,SC1=C(C=CC=C2)C2OC(C3=CC=CC=C3)=C1O,SC1=C(C=CC=C2)C2OC(C3=CC=CC=C3)=C1O,X,X,X,2,2,2,0,0,0,S,O,S,S,O,O,-45.372852,0.1883781
a1081,YAYHAI,CC(NO)C(NO)c1ccccc1,C,CC(NO)C(NO)c1ccccc1,c1ccncc1,X,X,2,1,2,1,0,0,C,N,N,N,N,N,10.079981,0.1273416
a1082,DOPHEV,ONCCNO,ONCCNO,c1ccncc1,CC,X,X,2,2,1,1,0,0,N,N,N,N,N,C,43.122227,0.11481422
a1084,ETAZEE,OC(O)c1ccccn1,OC(O)c1ccccn1,CCN(CC)CCN,X,X,X,2,2,2,0,0,0,O,O,N,N,N,N,58.83293,0.1757033
a1085,ENCYCO,NC(C(O)O)CS,NCCN,NCCN,X,X,X,2,2,2,0,0,0,S,N,N,N,N,N,75.3532,0.11058341
a1086,DOYMIN,CC(N)(C(O)O)C(O)O,CC(CC(C)NCCN)NCCN,X,X,X,X,2,4,0,0,0,0,O,N,N,N,N,N,3.2912886,0.22332053
a1087,XEYZIN,Cc1ccccc1C(O)Nc1cccc2cccnc12,Cc1ccccc1C(O)Nc1cccc2cccnc12,CNC(C)(C)C,X,X,X,2,3,1,0,0,0,N,N,N,N,C,C,31.9969,0.21471511
a1088,RENDAQ,Cl,OC(CN(Cc1ccccn1)Cc1ccccn1)NCc1ccccn1,X,X,X,X,1,5,0,0,0,0,Cl,N,N,N,N,N,-5.2162876,0.20077
a1089,FITBUF,CCNCCNCCC(O)O,c1ccc(-c2ccccn2)nc1,X,X,X,X,4,2,0,0,0,0,O,N,N,N,N,C,33.79644,0.12066905
a109,XUFVUS,CC(NO)C(C)NO,CC(NO)C(C)NO,CN,CNC,X,X,2,2,1,1,0,0,N,N,N,N,N,C,6.5717793,0.1536291
a1091,BIYNIJ,CC(NO)C(O)c1ccccc1,CC(NO)C(O)c1ccccc1,CC(NO)C(O)c1ccccc1,X,X,X,2,2,2,0,0,0,O,O,O,N,N,N,-54.977184,0.1706566
a1092,YASFEE,Cl,CC(NO)C(C)NO,CC(NO)C(C)NO,OC(O)c1ccncc1,X,X,1,2,2,1,0,0,Cl,N,N,N,N,N,10.525835,0.10541426
a1095,COTSOU,OC(O)c1ccccn1,ONO,OC(O)c1ccccn1,ONO,X,X,2,1,2,1,0,0,N,N,O,N,N,O,36.700615,0.19222394
a1097,KIQVAK,COc1cc(NNc2ccccc2)cc(CNCCNCCO)c1O,COc1cc(NNc2ccccc2)cc(CNCCNCCO)c1O,X,X,X,X,3,3,0,0,0,0,O,O,N,N,N,N,12.78426,0.1573388
a1098,UKEQUW,COc1ccc(O)c(CNC2CCCCC2NCc2cc(OC)ccc2O)c1,Cn1ccnc1,Cn1ccnc1,X,X,X,4,1,1,0,0,0,N,N,N,N,O,O,29.09009,0.1637734
a1099,MAXDAS,CC(NCCNc1ccccc1)c1ccccc1O,NCCNc1ccccc1,NNN,X,X,X,3,2,1,0,0,0,N,N,N,N,N,O,54.626545,0.16049384
a11,HOWNIT,OC1=CC=C(CCNCC2=CCCC=C2)C=C1,CC(NO)C(C)NO,CC(NO)C(C)NO,Cl,X,X,1,2,2,1,0,0,N,Cl,N,N,N,N,17.563389,0.14769077
a110,ZAHBUJ,OS(N1CCN(CC1)c2ccncc2)(C)O,CC(NO)C(C)NO,CC(NO)C(C)NO,C,X,X,1,2,2,1,0,0,C,N,N,N,N,N,22.115082,0.16191186
a1100,USEYUO,CC(O)CC(C)O,Oc1c2ccc(c1CNCCCNCc1c3ccc(c1O)CCc1ccc(cc1)CC3)CCc1ccc(cc1)CC2,X,X,X,X,2,4,0,0,0,0,O,O,O,O,N,N,10.812614,0.12443237
a1101,EDCHCO,Cl,Cl,NCCN,NCCN,X,X,1,1,2,2,0,0,Cl,Cl,N,N,N,N,108.58185,0.10642437
a1102,TEZKAN,CNCc1cccc(OC)c1O,CNCc1cccc(OC)c1O,CNCc1cccc(OC)c1O,X,X,X,2,2,2,0,0,0,O,N,O,N,O,N,7.1232185,0.087812886
a1103,MUTCIP,Cl,Cl,OC(Nc1ccccc1NC(O)c1cnccn1)c1cnccn1,X,X,X,1,1,4,0,0,0,Cl,Cl,N,N,N,N,-41.738865,0.22665651
a1106,DIVMON,Cl,Cl,CC(NO)C(C)NO,CC(NO)C(C)NO,X,X,1,1,2,2,0,0,Cl,Cl,N,N,N,N,8.198961,0.113954976
a1107,HULDOH,P(C1=CC=CC=C1)(C2=CC=CC=C2)CP(C3=CC=CC=C3)C4=CC=CC=C4,ON1C(S)=CC=CC1,ON1C(S)=CC=CC1,X,X,X,2,2,2,0,0,0,S,S,P,P,O,O,26.804157,0.1964527
a1108,NAWGIB,OC(O)CN1CCN(CC(O)O)COCNCCNCOC1,X,X,X,X,X,6,0,0,0,0,0,O,O,N,N,N,N,-9.944288,0.17073305
a1109,OXPHCO,OC(O)C(O)O,C(CNCC1CCCN1)CNCC1CCCN1,X,X,X,X,2,4,0,0,0,0,O,O,N,N,N,N,50.02368,0.15642743
a111,MASQOQ,OCC(NCc1ccccc1OCc1ccccn1)c1ccccc1,NNN,NNN,X,X,X,4,1,1,0,0,0,O,O,N,N,N,N,-41.37678,0.16705321
a1110,XAPDEX,CC(NO)C(C)NO,CC(NO)C(C)NO,CCCN,CC(N)CN,X,X,2,2,1,1,0,0,N,N,N,N,N,C,7.459408,0.18035282
a1112,FOWCEZ,NCCCl,CC(NO)C(C)NO,CC(NO)C(C)NO,Cc1cc2ncn(C)c2cc1C,X,X,1,2,2,1,0,0,N,N,N,N,N,C,20.502583,0.14746253
a1113,FOBKEN,CC(NO)C(C)NO,CC(NO)C(C)NO,CCC(O)NC,CC(N)c1ccccc1,X,X,2,2,1,1,0,0,N,N,N,N,N,C,6.374632,0.15304564
a1114,SEHRED,c1ccc2c3c(ccc2c1)C1=NC2=NC(=NC4=NC(=NC5=NC(=NC3=N1)c1ccc3ccccc3c15)c1ccc3ccccc3c14)c1ccc3ccccc3c12,CN,CN,X,X,X,4,1,1,0,0,0,N,N,C,N,N,C,50.33468,0.10374717
a1115,FACJIC,Cl,CC(NO)C(C)NO,CC(NO)C(C)NO,Cc1cc(C)[nH]n1,X,X,1,2,2,1,0,0,Cl,N,N,N,N,N,9.1181755,0.16821398
a1118,ECUQIC,COC(O)C1C(C2=C3C=CC(=N3)C(C3C(C(O)OC)C3(C)C)=C3C=CC(=N3)C(C3C(C(O)OC)C3(C)C)=C3C=CC(=N3)C(C3C(C(O)OC)C3(C)C)=C3C=CC2=N3)C1(C)C,COC(O)CCC(N)C(O)OC,COC(O)CCC(N)C(O)OC,X,X,X,4,1,1,0,0,0,N,N,N,N,N,N,23.615398,0.11907469
a1119,WODDUO,CC(NO)C(C)NO,CC(NO)C(C)NO,COC(O)C(C)N,CCCN,X,X,2,2,1,1,0,0,N,N,N,N,N,C,9.557169,0.16787791
a112,VECREE,COc1cccc(CNCCO)c1O,COc1cccc(CNCCO)c1O,X,X,X,X,3,3,0,0,0,0,O,O,O,O,N,N,29.19712,0.13864757
a1120,NUYLAU,C/C1=C(C)/NOC(C2=CC=CC=C2)(C3=CC=CC=C3)ON/C(C)=C(C)\NOC(C4=CC=CC=C4)(C5=CC=CC=C5)ON1,CCN,CCc1ccccc1,X,X,X,4,1,1,0,0,0,N,N,N,N,N,C,30.535364,0.10715241
a1122,WAXGIN,CCNC(S)NNCc1cc(C)[nH]n1,CCNC(S)NNCc1cc(C)[nH]n1,X,X,X,X,3,3,0,0,0,0,S,S,N,N,N,N,51.5972,0.12817699
a1123,MYNBCO,CC(NO)C(C)NCCCNC(C)C(C)NO,C,C,X,X,X,4,1,1,0,0,0,C,C,N,N,N,N,31.285261,0.20126359
a1124,XAYWUS,c1ccc(-c2ccccn2)nc1,c1ccc(-c2ccccn2)nc1,CCCC,X,X,X,2,2,2,0,0,0,N,N,N,N,C,C,68.62219,0.13055135
a1125,HOSLEI,CC(C(C(O)O)N)(S)C,c1ccc(CNCc2ccccn2)nc1,X,X,X,X,3,3,0,0,0,0,S,O,N,N,N,N,25.446821,0.19760326
a1126,KIRVAJ,CCOc1ccc(CNCCNCCNCc2ccc(OCC)cc2)cc1,NNN,NNN,NNN,X,X,3,1,1,1,0,0,N,N,N,N,N,N,80.7404,0.25204557
a1127,XOPNAS,FC1(ON/C(C2=CC=CC=C2)=C(C3=CC=CC=C3)/NO4)ON/C(C5=CC=CC=C5)=C(C6=CC=CC=C6)\NOC4(F)ON/C(C7=CC=CC=C7)=C(C8=CC=CC=C8)\NO1,X,X,X,X,X,6,0,0,0,0,0,N,N,N,N,N,N,-1.8763254,0.14214005
a1128,WOCKEE,CC(NO)C(C)NO,CC(NO)C(C)NO,CCC(N)O,CC(N)c1cccc2ccccc12,X,X,2,2,1,1,0,0,N,N,N,N,N,C,14.394711,0.14066109
a1129,OLOWOB,Cl,OC(O)c1cccc(CN(Cc2ccccn2)Cc2ccccn2)n1,X,X,X,X,1,5,0,0,0,0,Cl,O,N,N,N,N,-43.23473,0.20778911
a1130,FAGTIT,COc1c(O)c(CNc(c2)c(O)cc3c2cccc3)c(Br)cc1,COc1c(O)c(CNc(c2)c(O)cc3c2cccc3)c(Br)cc1,X,X,X,X,3,3,0,0,0,0,O,O,O,O,N,N,-22.620817,0.20783262
a1131,MGCACO,Cl,Nc1ccc(Cl)cc1,CC(NO)C(C)NO,CC(NO)C(C)NO,X,X,1,1,2,2,0,0,Cl,N,N,N,N,N,16.379686,0.13576172
a1132,EXIFAS,OC(CC(O)C(F)(F)F)C(F)(F)F,OC(CC(O)C(F)(F)F)C(F)(F)F,CC1(C)N=C(C(N)O)N(O)C1(C)C,X,X,X,2,2,2,0,0,0,O,O,O,O,N,O,12.761108,0.034821525
a1133,IDACCO,OC(O)CNCC(O)O,OC(O)CNCC(O)O,X,X,X,X,3,3,0,0,0,0,N,N,O,O,O,O,24.930555,0.044278353
a1134,ABUKEQ,CC(NO)C(C)NO,Nc1ccccc1,CC(NO)C(C)NO,Nc1ccccc1,X,X,2,1,2,1,0,0,N,N,N,N,N,N,11.732914,0.14253038
a1135,QOPXEA,NCCN,NCCN,C1(C2=NN=NN2)=CC=NC=C1,C1(C2=NN=NN2)=CC=NC=C1,X,X,2,2,1,1,0,0,N,N,N,N,N,N,59.013622,0.08414858
a1136,KIKNOH,CC(NO)C(C)NO,CC(NO)C(C)NO,CCCN,Nc1ccncc1,X,X,2,2,1,1,0,0,N,N,N,N,C,N,9.880171,0.15748893
a1137,WOTWEH,OSO,OSO,OSO,CC(CNCc1ccccc1)(CNCc1ccccc1)CNCc1ccccc1,X,X,1,1,1,3,0,0,S,S,S,N,N,N,29.072374,0.17679553
a1138,HINYUZ,CC(NCCCCNC(C)c1ccccc1O)c1ccccc1O,Cc1ccncc1,Cc1ccncc1,X,X,X,4,1,1,0,0,0,N,N,N,N,O,O,58.798122,0.21267027
a1139,VAHHER,CP(C)C,CP(C)C,COC(O)CC(C(O)OC)C(CC(O)OC)C(O)OC,CCN,CCN,X,1,1,2,1,1,0,P,P,N,N,C,C,87.71931,0.124070466
a114,KUJROZ,CC(NO)C(C)NO,CC(NO)C(C)NO,CC(N)c1ccccc1,NCO,X,X,2,2,1,1,0,0,N,N,N,N,N,N,2.4866202,0.14926971
a1141,LAFZUP,NCc1ccc(C(O)CC(O)c2ccc(CN)cc2)cc1,NCc1ccc(C(O)CC(O)c2ccc(CN)cc2)cc1,NCc1ccc(C(O)CC(O)c2ccc(CN)cc2)cc1,X,X,X,2,2,2,0,0,0,O,O,O,O,O,O,130.18059,0.17691717
a1142,QAFNUG,OC(O)CSCCSCC(O)=O,NCCN,X,X,X,X,4,2,0,0,0,0,S,S,O,O,N,N,94.17648,0.06986261
a1143,BOCVOF,C1(P(C2=CC=CC=C2)C3=CC=CC=C3)=CC=CC=C1,C1(P(C2=CC=CC=C2)C3=CC=CC=C3)=CC=CC=C1,Oc1ccccc1NCCNc1ccccc1O,X,X,X,1,1,4,0,0,0,P,P,O,O,N,N,21.300709,0.19880167
a1144,OREBUJ,Cc1cccc(C)c1SC(NO)C(NO)Sc1c(C)cccc1C,Cc1cccc(C)c1SC(NO)C(NO)Sc1c(C)cccc1C,c1ccncc1,Cc1ccccc1,X,X,2,2,1,1,0,0,N,N,N,N,N,C,-16.105055,0.12990138
a1146,BIXBUG,NCC(NNc1ccccc1O)NNc1ccccc1O,c1ccncc1,c1ccncc1,X,X,X,4,1,1,0,0,0,O,O,N,N,N,N,25.841614,0.14493775
a1148,BUTZIZ,OP(O)(CP(O)(O)O)O,NCCN,NCCN,X,X,X,2,2,2,0,0,0,O,O,N,N,N,N,106.82984,0.23596981
a1149,XAKGAU,Cl,Cl,c1ccncc1,CC1=CC(C)=CC(C)=C1N(C2=C3C=CC=C2)CN3C4=CC=CC(N5C(C=CC=C6)=C6N(C7=C(C)C=C(C)C=C7C)C5)=C4,X,X,1,1,1,3,0,0,Cl,Cl,N,C,C,C,18.825054,0.22410527
a1150,DANHOR,COc1cccc(CNCCNc2ccccc2)c1O,COc1cccc(CNCCNc2ccccc2)c1O,X,X,X,X,3,3,0,0,0,0,N,N,N,N,O,O,-19.08045,0.11021239
a1151,IWUCOT,ONC(C(NO)SCC)SCC,CC(NO)C(C)NO,c1ccncc1,Cc1ccccc1,X,X,2,2,1,1,0,0,N,N,N,N,N,C,6.0099983,0.11406728
a1153,WIZPIF,OC(O)C1CCCN1,OC(O)C1CCCN1,OC(O)C1CCCN1,X,X,X,2,2,2,0,0,0,N,N,N,O,O,O,85.46191,0.2307512
a1155,LICWEA,OC(CC(O)C(F)(F)F)c1ccccc1,OC(CC(O)C(F)(F)F)c1ccccc1,CC1(C)N=C(c2ccccn2)N(O)C1(C)C,X,X,X,2,2,2,0,0,0,O,O,O,O,N,N,3.64831,0.15468965
a1157,SUVFAQ,Cl,C1CNC(CNCCNCC2CCCN2)C1,Cl,X,X,X,1,4,1,0,0,0,Cl,N,N,Cl,N,N,44.41097,0.2000159
a1158,WAJDOA,ClCCl,CC(NO)C(C)NO,CC(NO)C(C)NO,c1ccncc1,X,X,1,2,2,1,0,0,N,N,N,N,N,C,4.278967,0.12717506
a1159,ICOHIS,CC(NO)C(C)NO,CC(NO)C(C)NO,CCc1ccccn1,C,X,X,2,2,1,1,0,0,N,N,N,N,N,C,9.35449,0.12990713
a1160,OYIWAW,CC(C)c1cccc(C(C)C)c1NC1=C(Nc2c(C(C)C)cccc2C(C)C)c2cccc3cccc1c23,C1=CCCC=CCC1,X,X,X,X,2,4,0,0,0,0,N,N,C,C,C,C,26.6535,0.18491253
a1161,FOHTUT,CC(NCCNCCNC(C)c1ccccc1O)c1ccccc1O,Cc1cccnc1,X,X,X,X,5,1,0,0,0,0,O,O,N,N,N,N,57.18807,0.114702225
a1162,GIQNEA,CCNCCNCc1ccccc1O,CCNCCNCc1ccccc1O,X,X,X,X,3,3,0,0,0,0,O,O,N,N,N,N,25.98288,0.12228925
a1163,TANPII,NC(N)NNO,NC(N)NNO,NC(O)NNO,X,X,X,2,2,2,0,0,0,O,N,N,N,N,N,20.016863,0.19684047
a1166,ADEGOH,CC(C)(C)c1cc(CNc2cc3ccccc3cc2N(Cc2cc(C(C)(C)C)cc(C(C)(C)C)c2O)Cc2cc(C(C)(C)C)cc(C(C)(C)C)c2O)c(O)c(C(C)(C)C)c1,CO,X,X,X,X,5,1,0,0,0,0,O,O,O,N,N,O,23.03091,0.22603548
a1167,KEVHOI,OC(S)c1cccc(C(O)S)n1,OC(S)c1cccc(C(O)S)n1,X,X,X,X,3,3,0,0,0,0,S,S,S,S,N,N,-19.60275,0.18117219
a1168,NEFXOO,CCN(CC)C(S)NC(O)CC(C)(C)C,CCN(CC)C(S)NC(O)CC(C)(C)C,CCN(CC)C(S)NC(O)CC(C)(C)C,X,X,X,2,2,2,0,0,0,S,O,S,O,S,O,48.044983,0.11239549
a1170,TIZWUV,CC(NO)C(C)NO,Nc1ccccc1,CC(NO)C(C)NO,Nc1ccccc1,X,X,2,1,2,1,0,0,N,N,N,N,N,N,11.732914,0.14253038
a1173,LAYNEF,CNCc1ccccc1O,CP(C)C,CP(C)C,C,C,X,2,1,1,1,1,0,N,O,P,P,C,C,58.603672,0.14712808
a1175,RUSGAN,CC(O)CC(C)NCCNC(C)CC(C)O,Cc1cnc[nH]1,Cc1cnc[nH]1,X,X,X,4,1,1,0,0,0,O,N,N,O,N,N,31.894356,0.1446772
a1177,BICNAC,O,CC(NO)C(C)NO,CC(NO)C(C)NO,CCC(O)OC,X,X,1,2,2,1,0,0,O,N,N,N,N,C,10.137077,0.13746129
a1178,SUZGID,CC(NO)C(C)NO,CC(NO)C(C)NO,CCCCCN,c1ccncc1,X,X,2,2,1,1,0,0,N,N,N,N,N,C,5.231722,0.12517154
a118,YEYTOP,FC(F)C(F)(F)F,FC(F)C(F)(F)F,c1cnc2ncccc2c1,c1cnc2ncccc2c1,X,X,1,1,2,2,0,0,N,N,N,N,C,C,-23.329088,0.15344045
a1180,VEMWUI,OC(O)(c1ccccn1)c1ccccn1,OC(O)(c1ccccn1)c1ccccn1,X,X,X,X,3,3,0,0,0,0,N,N,N,N,O,O,-54.843296,0.13447495
a1181,UMAZAK,C/C(NC1=CC=CC=C1)=C2NC=CC/2,C/C(NC1=CC=CC=C1)=C2NC=CC/2,C/C(NC1=CC=CC=C1)=C2NC=CC/2,X,X,X,2,2,2,0,0,0,N,N,N,N,N,N,-7.518099,0.15049903
a1182,SADXON,CCNC(S)c1ccccc1O,CCNC(S)c1ccccc1O,CCNC(S)c1ccccc1O,X,X,X,2,2,2,0,0,0,N,N,N,O,O,O,12.850821,0.14031725
a1183,ECUPUN,COC(O)C1C(C2=C3C=CC(=N3)C(C3C(C(O)OC)C3(C)C)=C3C=CC(=N3)C(C3C(C(O)OC)C3(C)C)=C3C=CC(=N3)C(C3C(C(O)OC)C3(C)C)=C3C=CC2=N3)C1(C)C,CCC(C)C(N)C(O)OC,CCC(C)C(N)C(O)OC,X,X,X,4,1,1,0,0,0,N,N,N,N,N,N,22.892187,0.09117533
a1184,HIRGIA,CC(NO)C(C)NO,CC(NO)C(C)NO,CCC(O)OC(C)(C)C,c1ccncc1,X,X,2,2,1,1,0,0,N,N,N,N,N,C,5.2284184,0.15138036
a1185,LEHDOT,CCNCc1cc(Cl)cc(Cl)c1O,CCNCc1cc(Cl)cc(Cl)c1O,CCNCc1cc(Cl)cc(Cl)c1O,X,X,X,2,2,2,0,0,0,N,N,N,O,O,O,79.97074,0.1329469
a1186,ENEYAY,C1(/C=CNC=C1)=C(C2=CC=CN2)/C3=CC=CN3,C1(/C=CNC=C1)=C(C2=CC=CN2)/C3=CC=CN3,CC(O)C(CN)C(C)O,X,X,X,2,2,2,0,0,0,N,N,N,N,O,O,87.400856,0.12586448
a1188,VIYHIW,c1ccc(CNCc2ccccn2)nc1,NNN,NNN,NNN,X,X,3,1,1,1,0,0,N,N,N,N,N,N,7.1680603,0.15848263
a1189,XIHLUY,COc1ccc(O)c(CNCCNCc2cc(OC)ccc2O)c1,Cn1ccnc1,Cn1ccnc1,X,X,X,4,1,1,0,0,0,O,N,N,N,O,N,70.70626,0.11258344
a1190,BEBQAB,NCCCNCCNCCCN,ONO,ONO,X,X,X,4,1,1,0,0,0,N,N,N,N,N,N,100.48088,0.17696711
a1191,TESYAR,CC(C)(C)c1ccc(CN2CCN(Cc3ccc(C(C)(C)C)cc3S)CCN(Cc3ccc(C(C)(C)C)cc3S)CC2)c(S)c1,X,X,X,X,X,6,0,0,0,0,0,S,S,S,N,N,N,20.443384,0.17824964
a1192,IWUCIN,Cl,ONC(Sc1ccccc1)C(NO)Sc1ccccc1,CC(NO)C(C)NO,c1ccncc1,X,X,1,2,2,1,0,0,Cl,N,N,N,N,N,18.66864,0.14184844
a1193,GOBHIO,CC(CC(O)c1ccccc1)NCCN,NCCN,C,X,X,X,3,2,1,0,0,0,O,N,N,N,N,C,45.882908,0.1413907
a1195,JONPAG,OC(O)CN(CC(O)O)CC(O)O,NC1CCCCC1N,X,X,X,X,4,2,0,0,0,0,O,O,N,N,N,O,0.41171664,0.14328872
a1196,TOBKEB,CCCNCc1ccccc1O,CCCNCc1ccccc1O,CCCNCc1ccccc1O,X,X,X,2,2,2,0,0,0,N,N,N,O,O,O,79.79314,0.18459159
a1199,WENTIU,NC1=C(N(O)O)CC(N(O)O)=C(N)N1O,NC1=C(N(O)O)CC(N(O)O)=C(N)N1O,NC1=C(N(O)O)CC(N(O)O)=C(N)N1O,X,X,X,2,2,2,0,0,0,O,N,O,N,N,O,23.503794,0.1210842
a120,FIVFID,Cl,Cl,NCCNCCCl,CCNCCN,X,X,1,1,2,2,0,0,Cl,Cl,N,N,N,N,95.6441,0.24640854
a1200,KIBKOV,OC(O)CNCCNCCNCC(O)O,N,X,X,X,X,5,1,0,0,0,0,O,O,N,N,N,N,-75.95634,0.18501334
a1201,LIPQUY,CC(C)(C)c1cc(CNCCNC(c2ccccc2O)c2ccccc2O)c(O)c(C(C)(C)C)c1,NC(c1ccccc1)C(N)c1ccccc1,X,X,X,X,4,2,0,0,0,0,O,O,N,N,N,N,17.08713,0.19775558
a1202,MGXPCQ,CC(NO)C(C)NO,CC(NO)C(C)NO,c1ccncc1,CCC,X,X,2,2,1,1,0,0,N,N,N,N,N,C,4.7612934,0.12626164
a1203,EXEPOM,c1ccc(CN(Cc2ccccn2)Cc2ccccn2)nc1,NNN,NNN,X,X,X,4,1,1,0,0,0,N,N,N,N,N,N,-0.8310755,0.20388035
a1204,ODAKOW,NCCN(Cc1ccccn1)Cc1ccccn1,Cl,Cl,X,X,X,4,1,1,0,0,0,Cl,Cl,N,N,N,N,18.626457,0.23527235
a1205,TEHLEA,OC(Nc1ccccc1NNc1ccccc1)c1ccccn1,OC(Nc1ccccc1NNc1ccccc1)c1ccccn1,X,X,X,X,3,3,0,0,0,0,N,N,N,N,N,N,-63.37437,0.15290989
a1208,EFUSUT,C1(/N=CCN1)=C2NC=CN/2,C1(/N=CCN1)=C2NC=CN/2,C1(/N=CCN1)=C2NC=CN/2,X,X,X,2,2,2,0,0,0,N,N,N,N,N,N,12.440386,0.10050871
a1209,ZTDXCO,CS,CCC(NCCNC(CC)C(O)O)C(O)O,CS,X,X,X,1,4,1,0,0,0,O,N,C,O,N,C,60.30314,0.25475904
a121,FOCMAP,Oc1c(CNCc2ccccc2)cc(Br)cc1,Oc1c(CNCc2ccccc2)cc(Br)cc1,Oc1c(CNCc2ccccc2)cc(Br)cc1,X,X,X,2,2,2,0,0,0,O,O,O,N,N,N,79.62992,0.20342885
a1210,TAPDIY,ONCc1ccccn1,ONCc1ccccn1,ONCc1ccccn1,X,X,X,2,2,2,0,0,0,N,N,N,N,N,N,21.090347,0.19087075
a1211,ESUPAL,Oc1c(O)c(Br)c(Br)c(Br)c1Br,Oc1c(O)c(Br)c(Br)c(Br)c1Br,c1ccncc1,c1ccncc1,X,X,2,2,1,1,0,0,O,N,O,O,N,O,141.24152,0.09296622
a1212,YAZFOV,COC1(C)CN2Cc3cccc(n3)CN(CC(C)(C)N=C1O)CC(C)(OC)C(O)=NC(C)(C)C2,CC(O)O,X,X,X,X,5,1,0,0,0,0,O,N,N,N,N,N,41.583447,0.1566667
a1214,OBEXUP,COc1cccc(CNc2ccccc2N[SH](O)O)c1O,CC(O)Nc1nncs1,c1ccncc1,c1ccncc1,X,X,3,1,1,1,0,0,O,N,N,N,N,N,11.715992,0.22311924
a1216,OHIZAI,Oc1ccc(NC(O)c2ccccn2)cc1,Oc1ccc(NC(O)c2ccccn2)cc1,Oc1ccc(NC(O)c2ccccn2)cc1,X,X,X,2,2,2,0,0,0,N,N,N,N,N,O,-5.8228664,0.21373634
a1217,ASGLCO,Oc1ccccc1CNCC(O)O,Oc1ccccc1CNCC(O)O,X,X,X,X,3,3,0,0,0,0,N,N,O,O,O,O,60.953354,0.14689334
a1218,LICWIE,OC(CC(O)C(F)(F)F)c1ccc2ccccc2c1,OC(CC(O)C(F)(F)F)c1ccc2ccccc2c1,CC1(C)N=C(c2ccccn2)N(O)C1(C)C,X,X,X,2,2,2,0,0,0,O,O,O,O,N,N,1.338629,0.19895293
a1219,VEQZEX,Cl,NCCN,Cl,NCCN,X,X,1,2,1,2,0,0,Cl,N,N,Cl,N,N,103.66692,0.1638497
a1221,VETDIH,NCCC(O)O,NCC(O)O,NCC(O)O,X,X,X,2,2,2,0,0,0,O,O,O,N,N,N,-36.626446,0.2471002
a1223,OSACOC,OCC1=CCCCC1,CP(C)C,CP(C)C,Cl,C,X,2,1,1,1,1,0,O,P,P,Cl,C,C,65.89835,0.127392
a1224,WUZGAZ,CC(NO)C(C)NO,CC(NO)C(C)NO,NC(CO)c1ccccc1,CCC(O)Nc1ccccc1,X,X,2,2,1,1,0,0,N,N,N,N,N,C,14.787819,0.14807552
a1225,RISSIW,CNCc1ccccc1Cl,Cl,Cl,CP(C)C,CP(C)C,X,2,1,1,1,1,0,N,Cl,Cl,P,P,C,50.84807,0.11827285
a1226,WORKET,c1ccc(Nc2ccccc2NNc2ccccn2)cc1,c1ccc(Nc2ccccc2NNc2ccccn2)cc1,X,X,X,X,3,3,0,0,0,0,N,N,N,N,N,N,-24.118559,0.15632282
a1228,SICDOZ,NCC(N)C(CN)NCc1ccccn1,NCC(N)C(CN)NCc1ccccn1,X,X,X,X,3,3,0,0,0,0,N,N,N,N,N,N,-55.899326,0.16533597
a1229,SAWVUK,OC(O)c1cc(-c2cccc(N(O)O)c2)cc(-c2ccccn2)n1,OC(O)c1cc(-c2cccc(N(O)O)c2)cc(-c2ccccn2)n1,X,X,X,X,3,3,0,0,0,0,O,O,N,N,N,N,-27.020231,0.14708602
a1234,TOQHUE,C1(P(C2=CC=CC=C2)C3=CC=CC=C3)=CC=CC=C1,CC(NCCNC(C)c1ccccc1O)c1ccccc1O,CCO,X,X,X,1,4,1,0,0,0,O,O,N,N,P,O,16.745028,0.15458022
a1235,IFOYEK,c1ccc(-c2ccccn2)nc1,c1ccc(-c2ccccn2)nc1,CN,CN,X,X,2,2,1,1,0,0,N,N,N,N,C,C,81.60251,0.14040995
a1236,FELMUE,OC(CC(O)(O)C(F)(F)F)C(F)(F)F,NCCN,NCCN,X,X,X,2,2,2,0,0,0,O,O,N,N,N,N,42.660744,0.12335298
a1237,PIBFIP,OC(O)C(O)O,OC(O)C(O)O,NCCN,X,X,X,2,2,2,0,0,0,O,O,O,O,N,N,79.97961,0.19203556
a1238,SANNON,FC1=C(F)C(F)=C(F)C(F)=C1/C2=C3C=C/C(C\3)=C4C=C/C(C\4)=C(C5=C(F)C(F)=C(F)C(F)=C5F)/C(C6)=CC=C6/C(C7=C(F)C(F)=C(F)C(F)=C7F)=C8CC=C2C/8,COc1ccncc1,COc1ccncc1,X,X,X,4,1,1,0,0,0,N,N,N,N,N,N,33.606926,0.15884593
a1239,DAFYIU,Cl,Cl,CC1=NCCNCCCNCCN=C(C)C1,X,X,X,1,1,4,0,0,0,Cl,Cl,N,N,N,N,53.176105,0.14535409
a124,AQODES,CC(O)CC(C)NCCN,CCCO,NCCN,X,X,X,3,1,2,0,0,0,O,N,N,N,N,C,91.17497,0.14923485
a1240,VEQZAT,Cl,NCCN,Cl,NCCN,X,X,1,2,1,2,0,0,Cl,N,N,Cl,N,N,103.66692,0.1638497
a1241,FOHVEF,CC(NCCNCCNC(C)c1ccccc1O)c1ccccc1O,Cn1ccnc1,X,X,X,X,5,1,0,0,0,0,O,O,N,N,N,N,40.113846,0.11095092
a1242,XOZLUT,CC(NO)C(C)NCc1ccccn1,CC(NO)C(C)NCc1ccccn1,C,X,X,X,3,2,1,0,0,0,C,N,N,N,N,N,-1.1980112,0.15910754
a1243,POLHOO,Oc1c(O)c(Cl)c(Cl)c(Cl)c1Cl,Cc1cccc(CN(Cc2cccc(C)n2)Cc2cccc(C)n2)n1,X,X,X,X,2,4,0,0,0,0,O,O,N,N,N,N,22.020105,0.1185705
a1244,YIKJEI,Cc1cc(C)c(C(NO)C(NO)c2c(C)cc(C)cc2C)c(C)c1,Cc1cc(C)c(C(NO)C(NO)c2c(C)cc(C)cc2C)c(C)c1,OOCc1ccc2ccccc2c1,c1ccncc1,X,X,2,2,1,1,0,0,O,N,N,N,N,N,27.399822,0.18624277
a1245,GUDYIO,c1ccc(-c2ccn(CCCn3ccc(-c4ccccn4)n3)n2)nc1,C,C,X,X,X,4,1,1,0,0,0,N,N,N,N,C,C,28.313684,0.15723132
a1246,ESONIJ,ONC(c1ccccc1)C(NO)c1ccccc1,ONC(c1ccccc1)C(NO)c1ccccc1,c1ccncc1,CC(C)(C)C,X,X,2,2,1,1,0,0,N,N,N,N,N,C,19.291594,0.17189674
a1248,TECNEX,NCS,NCS,COc1cccc(CNCCCNCCCN(C)C)c1O,X,X,X,1,1,4,0,0,0,O,N,N,N,N,N,63.316074,0.2039553
a1249,CUZHIO,CC(C(C)N(CC(O)O)CC(O)O)N(CC(O)O)CC(O)O,X,X,X,X,X,6,0,0,0,0,0,N,N,O,O,O,O,26.506498,0.082316056
a125,JEFWEA,CC(C)(C)c1cccc(CNc2ccccc2NCc2cccc(C(C)(C)C)c2O)c1O,CO,CO,X,X,X,4,1,1,0,0,0,O,O,O,O,N,N,21.945234,0.18360049
a1250,BADKAS,CC(NO)C(C)NO,CC(NO)C(C)NO,OC(O)c1ccncc1,CCCN,X,X,2,2,1,1,0,0,N,N,N,N,N,C,10.077787,0.12303221
a1251,ICOHOY,CC(NO)C(C)NO,CC(NO)C(C)NO,C,Nc1ccccn1,X,X,2,2,1,1,0,0,C,N,N,N,N,N,8.958799,0.18670163
a1253,KEHNOB,Oc1c(Cl)cc(Cl)cc1CNCc1ccccn1,Oc1c(Cl)cc(Cl)cc1CNCc1ccccn1,X,X,X,X,3,3,0,0,0,0,N,N,O,N,N,O,12.806246,0.17228514
a1254,UGAGAL,Oc1ccccc1CNC(c1ccccc1)C(NCc1ccccc1O)c1ccccc1,c1ccncc1,c1ccncc1,X,X,X,4,1,1,0,0,0,O,O,N,N,N,N,-9.311098,0.17240739
a1255,WEWZAZ,OC(O)CNCCNCC(O)O,CC(N)CC(C)N,X,X,X,X,4,2,0,0,0,0,O,O,N,N,N,N,-17.006136,0.253022
a1257,PUXQIK,COc1cccc(CNCCCNCCNCCCNCc2cccc(OC)c2O)c1O,X,X,X,X,X,6,0,0,0,0,0,O,N,N,O,N,N,34.632973,0.06598173
a126,FALFAZ,CC(NO)C(C)NO,CC(NO)C(C)NO,c1ccncc1,CCCN,X,X,2,2,1,1,0,0,N,N,N,N,N,C,5.806633,0.13118796
a1260,COPQEE,Cl,CC(NO)C(C)NO,CC(NO)C(C)NO,Brc1ccncc1,X,X,1,2,2,1,0,0,Cl,N,N,N,N,N,15.801336,0.15060286
a1261,LENQUQ,c1ccc(SNSc2ccccn2)nc1,c1ccc(SNSc2ccccn2)nc1,X,X,X,X,3,3,0,0,0,0,N,N,N,N,N,N,-4.1835003,0.18597625
a1262,SSCEBC,CC(NO)C(C)NO,CC(NO)C(C)NO,CC(N)c1ccccc1,CCCN,X,X,2,2,1,1,0,0,N,N,N,N,N,C,3.309561,0.16106406
a1263,IDAREK,NCCCNCCN,CN,CN,CN,X,X,3,1,1,1,0,0,N,N,N,C,C,C,135.39883,0.22757907
a1266,LEHVIE,CC(NCCCNCCNCCCNC(C)c1ccccc1O)c1ccccc1O,X,X,X,X,X,6,0,0,0,0,0,O,N,O,N,N,N,44.863766,0.06456482
a1268,DALJEH,ONC(C1=CC=CC=C1)C(C2=CC=CC=C2)NO,ONC(C1=CC=CC=C1)C(C2=CC=CC=C2)NO,CC1=CC=C(Cl)C=C1,C1=CNCC=C1,X,X,2,2,1,1,0,0,C,N,N,N,N,N,15.6021,0.14663228
a127,HEDTIX,CC(C)(CNCc1cccc(Cl)c1O)CNCc1cccc(Cl)c1O,OCc1cccc(Cl)c1O,X,X,X,X,4,2,0,0,0,0,O,O,O,O,N,N,4.8729267,0.12481761
a1270,FOHVAB,CC(NCCNCCNC(C)c1ccccc1O)c1ccccc1O,c1ccncc1,X,X,X,X,5,1,0,0,0,0,O,O,N,N,N,N,45.248726,0.09554679
a1273,MERTUZ,Cl,ONC(c1ccccc1)C(NO)c1ccccc1,ONC(c1ccccc1)C(NO)c1ccccc1,c1cnccn1,X,X,1,2,2,1,0,0,Cl,N,N,N,N,N,13.276014,0.13376054
a1275,JAHCIE,Cl,CC(C)C(NC(O)OC(C)(C)C)C(O)O,NCCN,NCCN,X,X,1,1,2,2,0,0,Cl,O,N,N,N,N,90.35692,0.120246924
a1276,PANBUD,OC1=NCCNCCNCCNCCN=C(O)C1(F)F,CC(O)O,X,X,X,X,5,1,0,0,0,0,N,N,N,N,N,O,13.543205,0.1548906
a1277,SUFFAC,OC(O)CN(Cc1ccccn1)C1CCCCC1N(Cc1ccccn1)CC(O)O,X,X,X,X,X,6,0,0,0,0,0,N,N,O,N,N,O,16.563168,0.22895575
a1278,NOKJOO,ONCc1ccccn1,ONCc1ccccn1,ONCc1ccccn1,X,X,X,2,2,2,0,0,0,N,N,N,N,N,N,21.090347,0.19087075
a128,ICUQAC,N/C([H])=N/N/C=C1C(O)=CNC=C\1CO,N/C([H])=N/N/C=C1C(O)=CNC=C\1CO,X,X,X,X,3,3,0,0,0,0,S,S,N,N,O,O,12.65238,0.19851351
a1280,GEZNEE,OC(O)CN(CCN(CC(O)O)CC(O)O)CC(O)O,CC(NO)C(C)NO,X,X,X,X,4,2,0,0,0,0,O,O,N,N,N,N,-66.09439,0.16151355
a1281,SASKED,CC(NO)C(C)NO,CC(NO)C(C)NO,CCCCBr,O,X,X,2,2,1,1,0,0,C,N,N,N,N,O,-9.538485,0.232689
a1282,LAXMIG,CC(NO)C(C)NO,CC(NO)C(C)NO,CN(O)O,Cc1cc2ncn(C)c2cc1C,X,X,2,2,1,1,0,0,N,N,N,N,N,C,12.456963,0.13816649
a1283,FUSSOB,CC(O)CC(C)O,OC(O)CN(CCN(CC(O)O)CC(O)O)CC(O)O,X,X,X,X,2,4,0,0,0,0,O,O,O,O,N,N,30.722599,0.1640787
a1284,VHTDCO,CC1C(C=C)C(C)NC(C=CC=C2)=C2NC(C)/C=C(C)\NC3=CC=CC=C3N1,c1ccncc1,X,X,X,X,5,1,0,0,0,0,N,N,N,N,N,C,-22.06891,0.13230358
a1285,IKIFAL,CCN(CCNCc1c(O)ccc(Br)c1)CC,CCN(CC)CCN,NNN,NNN,X,X,3,1,1,1,0,0,O,N,N,N,N,N,28.336422,0.17265478
a1286,QIWKOX,Cl,NNCc1ccccc1Cl,CP(C)C,CP(C)C,C,X,1,2,1,1,1,0,Cl,P,P,N,C,C,100.678314,0.14505401
a1287,EZASUU,c1ccc(C(NCCCCNC(c2ccccc2)c2ccccn2)c2ccccn2)cc1,NNN,NNN,X,X,X,4,1,1,0,0,0,N,N,N,N,N,N,15.766349,0.18272129
a1288,DUMYAL,NCCCN,NCCCN,CN,CN,X,X,2,2,1,1,0,0,N,N,N,N,C,C,151.25081,0.12989633
a1289,ZAPREQ,CC(C=C1)=CC=C1C(N/2)=C[Se]C2=N\N/C=C3NC=CC=C\3,CC(C=C1)=CC=C1C(N/2)=C[Se]C2=N\N/C=C3NC=CC=C\3,X,X,X,X,3,3,0,0,0,0,N,N,N,N,N,N,36.495014,0.1984994
a129,PUMDUZ,CC(C=C1)=CC=C1C(N2NC=CC2)(N3NC=CC3)C4=CC=CC(C(N5CC=CN5)(N6CC=CN6)C7=CC=C(C)C=C7)N4,C,X,X,X,X,5,1,0,0,0,0,N,N,N,N,N,C,63.023624,0.16554661
a1290,DUJKOI,CC(NO)C(C)(C)N,CC(NO)C(C)(C)N,ONO,ONO,X,X,2,2,1,1,0,0,N,N,N,N,N,N,100.94848,0.09479681
a1292,SULYIH,O=C(NCCN)CSCCCN,CC(O)NCCN,X,X,X,X,4,2,0,0,0,0,S,O,N,N,N,N,87.89533,0.13680026
a1294,EJOTOM,Cc1ccc(O)c(C(C)NCCNC(C)c2cc(C)ccc2O)c1,c1ccncc1,c1ccncc1,X,X,X,4,1,1,0,0,0,N,N,N,N,O,O,2.1806395,0.24962838
a1295,JAKNIS,CC(NO)C(C)NO,CC(NO)C(C)NO,Cn1ccnc1,CCCN,X,X,2,2,1,1,0,0,N,N,N,N,N,C,10.349726,0.1477652
a1296,ORECAQ,ONC(Sc1ccccc1)C(NO)Sc1ccccc1,ONC(Sc1ccccc1)C(NO)Sc1ccccc1,c1ccncc1,Cc1ccccc1,X,X,2,2,1,1,0,0,N,N,N,N,N,C,22.904997,0.14662383
a1297,NUYKUN,C/C1=C(C)/NOC(C2=CC=CC=C2)(C3=CC=CC=C3)ON/C(C)=C(C)\NOC(C4=CC=CC=C4)(C5=CC=CC=C5)ON1,NCC(CN)C(CN)CN,C,X,X,X,4,1,1,0,0,0,N,N,N,N,N,C,2.6924155,0.13203223
a1298,JALTOI,OC(Nc1cccc2cccnc12)c1ccccc1-c1ccccc1C(O)Nc1cccc2cccnc12,CC(O)CC(C)O,X,X,X,X,4,2,0,0,0,0,O,O,N,N,N,N,-24.693567,0.10586149
a1299,GEMJOY,NC(N)NNCc1ccccc1O,NC(N)NNCc1ccccc1O,X,X,X,X,3,3,0,0,0,0,O,N,N,O,N,N,39.232693,0.17601229
a1300,NOXTAV,CC(NO)C(C)NCCCNC(C)C(C)NO,O,COC(C)O,X,X,X,4,1,1,0,0,0,O,N,N,N,N,C,49.61658,0.17571673
a1303,FAGYAN,ONO,ONO,NCCN,NCCN,X,X,1,1,2,2,0,0,N,N,N,N,N,N,122.00473,0.09070529
a1305,ROSGEL,NC(NNCc1c(O)cccc1)SC,c1ccncc1,c1ccncc1,c1ccncc1,X,X,3,1,1,1,0,0,N,N,O,N,N,N,27.86746,0.11029057
a1307,BEBFUL,OC(Nc1cc(Cl)c(Cl)cc1NC(O)c1ccccn1)c1ccccn1,Cl,Cl,X,X,X,4,1,1,0,0,0,Cl,Cl,N,N,N,N,75.63428,0.27779934
a1309,ANEGIK,CN,CN,c1ccc(-c2ccccn2)nc1,c1ccc(-c2ccccn2)nc1,X,X,1,1,2,2,0,0,C,C,N,N,N,N,85.56756,0.12932739
a131,DIBCUQ,Oc1ccc(C(O)NNCc2cc(Cl)cc(Cl)c2O)cc1,c1ccncc1,c1ccncc1,c1ccncc1,X,X,3,1,1,1,0,0,O,N,O,N,N,N,16.409096,0.2066848
a1312,EPODUK,CC(C)(C)c1cc(O)c(O)c(C(C)(C)C)c1,Cc1cc(C)n(CN(Cc2ccccn2)Cc2ccccn2)n1,X,X,X,X,2,4,0,0,0,0,O,O,N,N,N,N,1.4513323,0.18660349
a1313,IKEROF,NCCN(CCN)CCN,NNN,NNN,X,X,X,4,1,1,0,0,0,N,N,N,N,N,N,96.07527,0.23428297
a1314,LORZEY,OC(O)CNCC(O)O,OC(O)CNCC(O)O,X,X,X,X,3,3,0,0,0,0,O,O,N,O,O,N,-68.40734,0.22369425
a1316,MEBXEX,Cl,ONC(c1ccccc1)C(NO)c1ccccc1,ONCCNO,c1ccncc1,X,X,1,2,2,1,0,0,Cl,N,N,N,N,N,27.532623,0.12132325
a1317,ROLMUB,ONC(c1ccccc1)C(NO)c1ccccc1,ONC(c1ccccc1)C(NO)c1ccccc1,c1c[nH]cn1,Cl,X,X,2,2,1,1,0,0,N,N,N,N,N,Cl,19.084097,0.13847959
a1319,BIFHII,ONO,OC(NCc1cccc2cccnc12)c1cccc(C(O)NCc2cccc3cccnc23)n1,ONO,X,X,X,1,4,1,0,0,0,N,O,N,N,N,N,-13.844442,0.12251517
a132,UGEMAX,ONC(NNc1ccccc1)c1ccc2ccc3cccc4ccc1c2c34,ONC(NNc1ccccc1)c1ccc2ccc3cccc4ccc1c2c34,ONC(NNc1ccccc1)c1ccc2ccc3cccc4ccc1c2c34,X,X,X,2,2,2,0,0,0,N,N,N,N,N,N,47.463627,0.124591105
a1322,ITEQIJ,Cc1cc(C)n(C(C(O)O)n2nc(C)cc2C)n1,Cc1cc(C)n(C(C(O)O)n2nc(C)cc2C)n1,X,X,X,X,3,3,0,0,0,0,O,O,N,N,N,N,7.8805714,0.17584424
a1323,UMAYUD,C1(N/C=C2CC=CN/2)=CC=CC=C1,C1(N/C=C2CC=CN/2)=CC=CC=C1,C1(N/C=C2CC=CN/2)=CC=CC=C1,X,X,X,2,2,2,0,0,0,N,N,N,N,N,N,30.927292,0.08426058
a1324,ZOFLEL,OC(Nc1ccccc1NC(O)c1ccccn1)c1ccccn1,OC(Nc1ccccc1NC(O)c1ccccn1)c1ccccn1,X,X,X,X,4,2,0,0,0,0,N,N,N,N,N,O,-51.378056,0.1605941
a1325,BAYPAU,OC(O)C(O)O,OC(O)C(O)O,NCCN,X,X,X,2,2,2,0,0,0,O,O,O,O,N,N,79.9796,0.19203556
a1326,ROKMIN,N,N,N,N,ON(O)C1=NNN=N1,ON(O)C1=NNN=N1,1,1,1,1,1,1,N,N,N,N,N,N,44.317997,0.025147378
a1327,HERFAM,Cl,Cl,CC(NO)C(C)NCCNC(C)C(C)NO,X,X,X,1,1,4,0,0,0,Cl,Cl,N,N,N,N,23.412743,0.15547164
a1328,KABZUJ,CC(NNC(O)C(N)O)c1ccccn1,CC(NNC(O)C(N)O)c1ccccn1,X,X,X,X,3,3,0,0,0,0,N,N,N,N,O,O,23.72904,0.138855
a1329,MGXIMC,CC(NO)C(C)NO,Cn1ccnc1,C,CC(NO)C(C)NO,X,X,2,1,1,2,0,0,C,N,N,N,N,N,16.484106,0.16181545
a133,DALHOP,ON/C([Se]C1=CC=CC=C1)=C([Se]C2=CC=CC=C2)/NO,ON/C([Se]C1=CC=CC=C1)=C([Se]C2=CC=CC=C2)/NO,Cl,c1ccncc1,X,X,2,2,1,1,0,0,N,N,N,Cl,N,N,43.109993,0.08247189
a1330,XEMKAD,CNCCNCc1c(O)ccc(Br)c1,CNCCNCc1c(O)ccc(Br)c1,X,X,X,X,3,3,0,0,0,0,N,N,N,N,O,O,22.590801,0.2530432
a1331,DESZUZ,FC(F)F,CC(NO)C(C)NO,CC(NO)C(C)NO,CN,X,X,1,2,2,1,0,0,C,N,N,N,N,N,18.26843,0.13345313
a1333,VUZGEE,CC(C)c1cccc(C(C)C)c1NC(C)c1ccccn1,CC(C)c1cccc(C(C)C)c1NC(C)c1ccccn1,CC(C)c1cccc(C(C)C)c1NC(C)c1ccccn1,X,X,X,2,2,2,0,0,0,N,C,N,C,N,C,17.715258,0.15050195
a1334,ENCOPH,O[PH](O)(O)O,NCCN,NCCN,X,X,X,2,2,2,0,0,0,O,O,N,N,N,N,102.193054,0.06950524
a1335,WABCUZ,OC(NNCc1ccccn1)c1ccc(Cl)cc1,OC(NNCc1ccccn1)c1ccc(Cl)cc1,X,X,X,X,3,3,0,0,0,0,N,N,N,N,O,O,27.126137,0.16380432
a1336,IXOCAZ,CC(O)CC(C)O,CC(O)CC(C)O,CC(O)CN(C)C,X,X,X,2,2,2,0,0,0,O,O,O,O,O,N,86.113014,0.16625549
a1337,YEGXIS,CC(NO)C(C)NO,CC(NO)C(C)NO,CC(N)C1CCCCC1,CCCCN,X,X,2,2,1,1,0,0,N,N,N,N,N,C,13.662842,0.16316476
a134,FEFVOF,Cl,C/C(NCCCN/C(C)=C1C)=C(NCCCN/1C(C2=CC=C(N(C)C)C=C2)=C)\C,X,X,X,X,1,5,0,0,0,0,Cl,N,N,N,N,C,28.730661,0.17901517
a1340,RULFAG,COc1cccc(CNCCCN)c1O,COc1cccc(CNCCCN)c1O,X,X,X,X,3,3,0,0,0,0,N,N,O,N,N,O,-11.723234,0.101171546
a1341,QIGRED,NCCNCCN,CN,CN,CN,X,X,3,1,1,1,0,0,N,N,N,C,C,C,118.340904,0.22400565
a1342,XEKLAC,CNC(S)NNCc1cccs1,CNC(S)NNCc1cccs1,CNC(S)NNCc1cccs1,X,X,X,2,2,2,0,0,0,S,S,S,N,N,N,53.999374,0.019478321
a1344,QATKIH,OC(O)CN(CC(O)O)CC(O)O,O,c1ccncc1,X,X,X,4,1,1,0,0,0,O,O,O,O,N,N,60.73214,0.08350277
a1345,VITGUC,ONC(c1ccccc1)C(NO)c1ccccc1,ONC(c1ccccc1)C(NO)c1ccccc1,Cn1ccnc1,CCl,X,X,2,2,1,1,0,0,N,N,N,N,N,C,21.686028,0.15348604
a1346,MOBFEO,CC(NCCNCCNCCNC(C)C(O)O)C(O)O,X,X,X,X,X,6,0,0,0,0,0,O,N,N,O,N,N,37.894955,0.1360342
a1347,YURBAQ,C1(C(N2CP=CN2)(N3NC=PC3)N4NC=PC4)=CC=CC=C1,C1(C(N2CP=CN2)(N3NC=PC3)N4NC=PC4)=CC=CC=C1,X,X,X,X,3,3,0,0,0,0,N,N,N,N,N,N,84.75802,0.20219943
a1348,WAJDUG,ClCCl,CC(NO)C(C)NO,CC(NO)C(C)NO,Cc1cc2ncn(C)c2cc1C,X,X,1,2,2,1,0,0,N,N,N,N,N,C,25.046446,0.15504064
a1349,OHIZAG,c1ccc(-c2ccccn2)nc1,c1ccc(-c2ccccn2)nc1,C,C,X,X,2,2,1,1,0,0,N,N,N,N,C,C,64.12927,0.100976944
a135,OHOHAX,CN(S(O)(C)O)Cc1ccncc1,CC(NO)C(C)NO,CC(NO)C(C)NO,CC(C)N(C(C)C)C(C)O,X,X,1,2,2,1,0,0,N,N,N,N,N,C,4.6995373,0.13361068
a1350,JEYQAG,ONCCNO,ONCCNO,c1ccncc1,Cc1ccccc1Br,X,X,2,2,1,1,0,0,N,N,N,N,N,C,17.612328,0.15740143
a1351,TASREK,NCS,CC(C)(C)c1cccc2cn(B(n3cc4cccc(C(C)(C)C)c4n3)n3ncc4cccc(C(C)(C)C)c43)nc12,X,X,X,X,1,5,0,0,0,0,B,N,N,N,N,N,33.13085,0.2354211
a1352,ROFLON,CC(NO)C(C)NO,CC(NO)C(C)NO,CCCN,NC(CO)Cc1ccccc1,X,X,2,2,1,1,0,0,N,N,N,N,C,N,6.6201496,0.17096013
a1353,DOCZEB,Oc1ccccc1CNCc1ccco1,Oc1ccccc1CNCc1ccco1,Oc1ccccc1CNCc1ccco1,X,X,X,2,2,2,0,0,0,O,O,O,N,N,N,14.371307,0.24407706
a1355,QOQFIN,NCCN,NCCN,C1(C2=NN=NN2)=CC=CC=C1,C1(C2=NN=NN2)=CC=CC=C1,X,X,2,2,1,1,0,0,N,N,N,N,N,N,38.31013,0.0576064
a1356,GICBAX,ONO,ONO,NCCNCCO,NCCNCCO,X,X,1,1,2,2,0,0,N,N,N,N,N,N,65.49587,0.20596543
a1359,MEBGAO,CC(NO)C(C)NO,CC(NO)C(C)NO,CC(N)c1ccccc1,CCC(O)OC,X,X,2,2,1,1,0,0,N,N,N,N,N,C,8.075924,0.1583028
a136,ZIFJED,CP(C1=CC=CC=C1)C2=CC=CC=C2,CP(C1=CC=CC=C1)C2=CC=CC=C2,CC(O)CC(C)O,CN,CN,X,1,1,2,1,1,0,P,P,O,O,C,C,34.29746,0.17219487
a1360,RICSOL,C/C(NCCN/C(C)=C1CC(C)=C(C)C=C/1O)=C2C(O)=CC(C)=C(C)C/2,CN1CNC=C1,CN1CNC=C1,X,X,X,4,1,1,0,0,0,N,N,N,N,N,C,41.770866,0.12856136
a1361,WOMTOJ,Cc1cc(O)c(C(C)NCCNC(C)c2cc(C)c(C)cc2O)cc1C,Cn1ccnc1,Cn1ccnc1,X,X,X,4,1,1,0,0,0,O,N,N,O,N,N,75.64581,0.12822965
a1362,YEQDAZ,OP(O)O,OP(O)O,CN1CCCNCCN(C)CCCNCC1,X,X,X,1,1,4,0,0,0,O,O,N,N,N,N,114.33077,0.27805278
a1363,RACZEB,CC(NO)C(C)NO,CC(NO)C(C)NO,O,NNN,X,X,2,2,1,1,0,0,O,N,N,N,N,N,12.179583,0.16749693
a1364,PANBOX,OC1=NCCNCCNCCNCCN=C(O)C1(F)F,CC(O)O,X,X,X,X,5,1,0,0,0,0,N,N,N,N,N,O,13.543205,0.1548906
a1365,NUNLIS,C1(/N=CCN1)=C2NC=CN/2,C1(/N=CCN1)=C2NC=CN/2,C1(/N=CCN1)=C2NC=CN/2,X,X,X,2,2,2,0,0,0,N,N,N,N,N,N,12.440386,0.10050871
a1368,NOWVIE,Cc1ncc(CO)c(CNC(C)C(O)O)c1O,Cc1ncc(CO)c(CNC(C)C(O)O)c1O,X,X,X,X,3,3,0,0,0,0,O,O,O,O,N,N,13.533384,0.14024425
a1369,JOSREO,CC(NO)C(C)NO,c1ccncc1,CC(NO)C(C)NO,c1ccncc1,X,X,2,1,2,1,0,0,N,N,N,N,N,N,-2.500757,0.08746519
a137,PUYDAR,FC(F)F,CCN,FC(F)F,CCN,CCN,CCN,1,1,1,1,1,1,C,N,C,N,N,N,225.48694,0.06754124
a1371,PIKKEC,Nc1ccccc1C(O)NNC(N)c1ccccn1,Nc1ccccc1C(O)NNC(N)c1ccccn1,X,X,X,X,3,3,0,0,0,0,O,O,N,N,N,N,27.940056,0.14947817
a1372,UNEMIK,CCN(CC)C(S)NC(S)N(CC)CC,CCN(CC)C(S)NC(S)N(CC)CC,CCN(CC)C(S)NC(S)N(CC)CC,X,X,X,2,2,2,0,0,0,S,S,S,S,S,S,84.476425,0.018340752
a1373,SAGWIG,CC(NO)C(C)NO,CC(NO)C(C)NO,c1ccncc1,COC1OC(C)C(O)C1O,X,X,2,2,1,1,0,0,N,N,N,N,N,C,1.6869643,0.11416611
a1374,AWOZES,COc1cccc(CNc2ccccc2NCc2cccc(OC)c2O)c1O,CN,O,X,X,X,4,1,1,0,0,0,C,N,N,O,O,O,47.564922,0.06965345
a1377,GANZOM,Cl,CC(NO)C(C)NO,CC(NO)C(C)NO,CCOC(O)c1ccncc1,X,X,1,2,2,1,0,0,Cl,N,N,N,N,N,13.175447,0.12191066
a1378,IGAZAS,CC(NNC(O)c1ccccc1O)c1ccccn1,CC(NNC(O)c1ccccc1O)c1ccccn1,X,X,X,X,3,3,0,0,0,0,N,N,O,N,N,O,2.7887614,0.21114464
a1379,CEZPOM,CC(CCN(CCN)CC(O)O)N(CCN)CC(O)O,X,X,X,X,X,6,0,0,0,0,0,N,N,N,N,O,O,45.667072,0.17390935
a1381,AJUMUP,Oc1ccc(Cl)cc1CNCCNCc1cc(Cl)ccc1O,NNN,O,X,X,X,4,1,1,0,0,0,N,N,N,O,O,O,11.613302,0.19658762
a1383,JOLQUZ,OC(O)c1cccc(-c2ccccn2)n1,OC(O)c1cccc(-c2ccccn2)n1,X,X,X,X,3,3,0,0,0,0,O,O,N,N,N,N,-46.264606,0.10141229
a1385,SICWEG,Cl,Cl,c1ccncc1,c1ccncc1,c1ccncc1,c1ccncc1,1,1,1,1,1,1,Cl,Cl,N,N,N,N,89.69022,0.062312797
a1386,PPRDXC,CC(NO)C(O)c1ccccc1,CC(NO)C(O)c1ccccc1,CC(NO)C(O)c1ccccc1,X,X,X,2,2,2,0,0,0,N,N,N,O,O,O,19.254875,0.17722799
a1387,TUMFEM,OC(O)CCN(CCCN(CCC(O)O)CC(O)O)CC(O)O,X,X,X,X,X,6,0,0,0,0,0,O,O,O,O,N,N,-2.0674074,0.22735876
a1388,PACLIO,Clc1cccc(Cl)c1C1=C2C=CC(=N2)C(c2c(Cl)cccc2Cl)=C2C=CC(=N2)C(c2c(Cl)cccc2Cl)=C2C=CC(=N2)C(c2c(Cl)cccc2Cl)=C2C=CC1=N2,Cn1ccnc1,Cn1ccnc1,X,X,X,4,1,1,0,0,0,N,N,N,N,N,N,3.6144736,0.14444537
a1389,ETUVEV,CC(NCCN1CCOCC1)c1ccccc1O,NCS,CC(O)c1ccccc1O,X,X,X,3,1,2,0,0,0,N,N,N,O,O,O,46.125954,0.22869423
a139,IFEYEX,NCCN,NC(Cc1ccc(O)cc1)C(O)O,NC(Cc1ccc(O)cc1)C(O)O,X,X,X,2,2,2,0,0,0,N,N,O,N,O,N,25.55487,0.22299439
a1391,NELLUN,c1ccc(CNCCNCc2ccccn2)nc1,NNN,NNN,X,X,X,4,1,1,0,0,0,N,N,N,N,N,N,27.948656,0.1704312
a1392,ZEGGEX,CC(NO)C(C)NO,CC(NO)C(C)NO,NCc1ccncc1,CCCN,X,X,2,2,1,1,0,0,N,N,N,N,N,C,7.6094418,0.1395807
a1393,ETOTIR,CC(NO)C(C)NO,CC(NO)C(C)NO,Cc1ccncc1,Cl,X,X,2,2,1,1,0,0,N,N,N,N,N,Cl,10.305908,0.13365942
a1394,IWUDEK,Cl,ONC(C(NO)SCC)SCC,CC(NO)C(C)NO,c1ccncc1,X,X,1,2,2,1,0,0,Cl,N,N,N,N,N,16.92812,0.110208966
a1395,RIBROJ,CC(NO)C(C)NCCCNC(C)C(C)NO,COC,Cc1cc2ncn(C)c2cc1C,X,X,X,4,1,1,0,0,0,N,N,N,N,N,C,26.064934,0.16635588
a1396,UMEKEC,COc1ccc(C)cc1C(C)NCCNC(C)c1cc(C)ccc1O,Cn1ccnc1,Cn1ccnc1,X,X,X,4,1,1,0,0,0,C,N,N,N,N,O,29.614658,0.09533495
a1398,YISQAT,COc1cccc(CO)c1O,CP(C)C,CP(C)C,COc1cccc(CO)c1O,X,X,2,1,1,2,0,0,P,P,O,O,O,C,23.450727,0.18813397
a1399,GOPTOX,CC(c1ncccc1)NNC(c(cc2)cc3c2cc(Br)cc3)O,CC(c1ncccc1)NNC(c(cc2)cc3c2cc(Br)cc3)O,X,X,X,X,3,3,0,0,0,0,O,N,O,N,N,N,36.12749,0.15559278
a1400,FIWPUW,c1ccc(CNC2CCCCC2NCc2ccccn2)nc1,NC(Cc1ccccc1)(C(O)O)C(O)O,X,X,X,X,4,2,0,0,0,0,N,N,N,N,N,O,-29.13289,0.23085502
a1401,JEGHEI,CC(NO)C(C)NO,CC(NO)C(C)NO,Cc1nccn1C,C,X,X,2,2,1,1,0,0,N,N,N,N,N,C,13.588518,0.15362173
a1402,MAHFAD,NC(N)NNO,NC(N)NNO,c1ccncc1,c1ccncc1,X,X,2,2,1,1,0,0,N,N,N,N,N,N,68.99463,0.19851992
a1403,DAMTOC,CNCCN(Cc1ccccn1)CC(O)O,OC(O)c1ccccn1,X,X,X,X,4,2,0,0,0,0,O,O,N,N,N,N,-53.220066,0.20827231
a1404,BEHBEX,OC(Nc1ccccc1NC(O)c1ccccn1)c1ccccn1,CC(O)O,CC(O)O,X,X,X,4,1,1,0,0,0,O,O,N,N,N,N,16.720308,0.27838758
a1405,KIXDED,CC(CC(O)C(F)(F)F)NCCNC(C)CC(O)C(F)(F)F,N,N,X,X,X,4,1,1,0,0,0,O,O,N,N,N,N,102.97662,0.06384222
a1406,ADEGIB,CC(C)(C)c1cc(CNc2ccccc2N(Cc2cc(C(C)(C)C)cc(C(C)(C)C)c2O)Cc2cc(C(C)(C)C)cc(C(C)(C)C)c2O)c(O)c(C(C)(C)C)c1,CO,X,X,X,X,5,1,0,0,0,0,O,N,N,O,O,O,22.369919,0.2290413
a1407,KEMKEU,OC(O)C(O)Cc1ccccc1,c1ccc(CN(Cc2ccccn2)Cc2ccccn2)nc1,X,X,X,X,2,4,0,0,0,0,O,O,N,N,N,N,-48.510136,0.24418446
a1409,ZAPQIT,c1ccc(-c2csc(NNCc3ccccn3)n2)cc1,c1ccc(-c2csc(NNCc3ccccn3)n2)cc1,X,X,X,X,3,3,0,0,0,0,N,N,N,N,N,N,15.846487,0.16351157
a1410,MOFHIZ,Oc1ccc(Cl)cc1CNCc1ccco1,Oc1ccc(Cl)cc1CNCc1ccco1,Oc1ccc(Cl)cc1CNCc1ccco1,X,X,X,2,2,2,0,0,0,N,N,N,O,O,O,20.72258,0.20687969
a1411,HIRHEX,CC(NO)C(C)NO,CC(NO)C(C)NO,CCC(O)OC(C)(C)C,O,X,X,2,2,1,1,0,0,C,N,N,N,N,O,13.834667,0.20718521
a1412,BAKNEI,OC(O)c1cccnc1C(O)O,NCCN,OC(O)c1cccnc1C(O)O,X,X,X,2,2,2,0,0,0,N,N,O,N,N,O,55.682648,0.23053846
a1415,QOVHEP,Oc1cccc2cccnc12,Oc1cccc2cccnc12,Oc1cccc2cccnc12,X,X,X,2,2,2,0,0,0,O,O,O,N,N,N,59.466312,0.15006377
a1416,LEQDIX,CC(NO)C(C)NO,CC(NO)C(C)NO,NNN,NNN,X,X,2,2,1,1,0,0,N,N,N,N,N,N,10.820475,0.17635886
a1417,KUNMUC,CCNC(S)NNC(C)C(C)(C)NCCCNC(C)(C)C(C)NNC(S)NCC,X,X,X,X,X,6,0,0,0,0,0,S,S,N,N,N,N,25.94985,0.051761456
a1418,SAPHEZ,Cl,Oc1ccccc1CNc1ccccc1NCc1ccccc1O,O,X,X,X,1,4,1,0,0,0,Cl,O,O,O,N,N,-44.348675,0.21520253
a1419,IPISUV,c1ccc(CN(Cc2ccccn2)Cc2ccccn2)nc1,Cl,Cl,X,X,X,4,1,1,0,0,0,N,N,N,N,Cl,Cl,44.94547,0.25166318
a1420,SASTIS,O/C(C1=CC=CC=C1)=N\NC(C)C2=C(O)OC(C=C(O)C=C3)C3=C2,NCCNCCN,X,X,X,X,3,3,0,0,0,0,O,O,N,N,N,N,26.513138,0.16398937
a1421,YOKZAC,OP(O)O,OP(O)O,OP(O)O,CN1CCN(C)CCN(C)CC1,X,X,1,1,1,3,0,0,N,N,N,O,O,O,-140.95697,0.27807233
a1422,DUWGUZ,Cc1cc(C)nc(NNC(C)c2ccc(O)cc2O)n1,Cc1cc(C)nc(NNC(C)c2ccc(O)cc2O)n1,X,X,X,X,3,3,0,0,0,0,O,O,N,N,N,N,119.07237,0.06710431
a1423,YOMRAV,S/C(NC1=CC=CC=C1)=N\N/C=C2C(O)C(C)=NC=C\2OC,S/C(NC1=CC=CC=C1)=N\N/C=C2C(O)C(C)=NC=C\2OC,X,X,X,X,3,3,0,0,0,0,S,O,N,S,O,N,33.897404,0.22710878
a1425,ZIXMOI,CS,CC(O)O,NCCNCCN,X,X,X,2,1,3,0,0,0,S,O,N,N,N,C,68.95276,0.24769542
a1426,SAYVOE,CC(O)CC(C)O,ONO,c1cnc2c(c1)ccc1cccnc12,ONO,X,X,2,1,2,1,0,0,O,N,N,O,N,N,28.43063,0.124385856
a1427,ESONEF,ONC(c1ccccc1)C(NO)c1ccccc1,ONC(c1ccccc1)C(NO)c1ccccc1,c1ccncc1,C[Si](C)(C)C,X,X,2,2,1,1,0,0,N,N,N,N,N,C,23.546652,0.16273455
a1428,YOTRII,ONO,ONO,NCCCNCCNCCCN,X,X,X,1,1,4,0,0,0,N,N,N,N,N,N,100.48087,0.17696711
a1429,IMUDUQ,CC(O)CC(O)C(F)(F)F,CC(O)CC(O)C(F)(F)F,CC(O)CC(C)O,X,X,X,2,2,2,0,0,0,O,O,O,O,O,O,93.41622,0.07719263
a143,FIVDOH,NCCNCCO,NCCNCCO,X,X,X,X,3,3,0,0,0,0,O,N,N,O,N,N,36.681442,0.23727533
a1430,ESONOP,ONC(c1ccccc1)C(NO)c1ccccc1,ONC(c1ccccc1)C(NO)c1ccccc1,c1ccncc1,FC(F)F,X,X,2,2,1,1,0,0,N,N,N,N,N,C,20.069447,0.11081224
a1431,XOZMII,CC(NO)C(C)NCc1ccccn1,CC(NO)C(C)NCc1ccccn1,CCC,X,X,X,3,2,1,0,0,0,C,N,N,N,N,N,12.457827,0.16846555
a1432,MEXGED,NC(N)NNCc1ccccc1O,NC(N)NNCc1ccccc1O,X,X,X,X,3,3,0,0,0,0,O,N,N,O,N,N,39.232693,0.17601229
a1433,YOFQOC,Oc1c(O)c(Br)c(Br)c(Br)c1Br,Cc1cccc(CN(Cc2cccc(C)n2)Cc2cccc(C)n2)n1,X,X,X,X,2,4,0,0,0,0,O,O,N,N,N,N,31.554167,0.15692228
a1434,QEYMIS,Cc1cccc(CNCC(C)NCc2cccc(C)c2O)c1O,NCS,O,X,X,X,4,1,1,0,0,0,N,N,N,O,O,O,-41.398808,0.13023666
a1435,IKIFEP,OS(C)C,CCN(CC)CCNCc1cccc(OC)c1O,NNN,NNN,X,X,1,3,1,1,0,0,O,O,N,N,N,N,65.7083,0.17116946
a1436,DITVOS,COc1ccc(O)c(CNC(CO)Cc2ccccc2)c1,COc1ccc(O)c(CNC(CO)Cc2ccccc2)c1,X,X,X,X,3,3,0,0,0,0,O,O,O,N,O,N,11.374504,0.19686867
a1437,UKEQIK,Oc1ccccc1CNC1CCCCC1NCc1ccccc1O,Cn1ccnc1,Cn1ccnc1,X,X,X,4,1,1,0,0,0,O,O,N,N,N,N,-20.100325,0.1508348
a1438,EPAKAI,Oc1ccc(Cl)cc1CNCCN1CCOCC1,Oc1ccc(Cl)cc1CNCCN1CCOCC1,NNN,X,X,X,2,3,1,0,0,0,N,N,N,N,O,O,67.15327,0.19932552
a144,YEJBOI,OC(O)(c1ccccn1)c1ccccn1,OC(O)(c1ccccn1)c1ccccn1,X,X,X,X,3,3,0,0,0,0,N,O,N,N,O,N,-43.102932,0.16983548
a1440,WIPMEN,CCn1c(-c2cccc(C)c2O)nc2ccccc21,CCn1c(-c2cccc(C)c2O)nc2ccccc21,CCn1c(-c2cccc(C)c2O)nc2ccccc21,X,X,X,2,2,2,0,0,0,O,O,O,N,N,N,-30.448668,0.19672383
a1441,NOKPAH,OS(C(F)(F)F)O,C1=CC2=C(c3ccccc3)C3=NC(=C(c4ccccc4)C4=NC(=C(c5ccccc5)C5=NC(=C(c6ccccc6)C1=N2)C=C5)C=C4)C=C3,CCN,X,X,X,1,4,1,0,0,0,S,N,N,N,N,N,40.114285,0.10513744
a1442,QUNKUF,ONC(c1ccccc1)C(NO)c1ccccc1,ONC1=C(NO)CCCC1,c1ccncc1,NNN,X,X,2,2,1,1,0,0,N,N,N,N,N,N,-5.8868694,0.16115294
a1443,YIKJAE,CC(C)(C)c1ccncc1,ONCCNO,ONCCNO,Cc1ccccc1,X,X,1,2,2,1,0,0,N,N,N,N,N,C,11.398462,0.1273335
a1444,REXQER,Cc1ccc(OCc2cccc(COc3ccc(C)cc3)c2)cc1,Cc1ccc(OCc2cccc(COc3ccc(C)cc3)c2)cc1,Cc1ccc(OCc2cccc(COc3ccc(C)cc3)c2)cc1,X,X,X,2,2,2,0,0,0,O,O,O,C,C,C,105.07069,0.11237173
a1446,OMUWEZ,NCCN(CCN)CCN,OC(O)c1cccc(C(O)O)n1,X,X,X,X,4,2,0,0,0,0,N,N,N,N,N,O,65.803566,0.16769236
a1447,CUVHAE,CC(NO)C(C)NCCNC(C)C(C)NO,Cn1ccnc1,Cn1ccnc1,X,X,X,4,1,1,0,0,0,N,N,N,N,N,N,25.249071,0.15211394
a1449,IQAQAS,Cl,ONC(c1ccccc1)C(NO)c1ccccc1,CC(NO)C(C)NO,c1ccncc1,X,X,1,2,2,1,0,0,Cl,N,N,N,N,N,12.188993,0.12677312
a1451,WEGGEU,Cc1ncc(CO)c(CNC(O)(Cc2ccccc2)C(O)O)c1O,Cc1ncc(CO)c(CNC(O)(Cc2ccccc2)C(O)O)c1O,X,X,X,X,3,3,0,0,0,0,O,O,O,O,N,N,-51.394535,0.20031142
a1452,MELZIN,CC(CC(C)(C)NC1)NCCNC(C)(C)CCNC1C,NNN,NNN,X,X,X,4,1,1,0,0,0,N,N,N,N,N,N,19.461697,0.21533115
a1454,IWUDAG,ONC(Sc1ccccc1)C(NO)Sc1ccccc1,CC(NO)C(C)NO,c1ccncc1,Cc1ccccc1,X,X,2,2,1,1,0,0,N,N,N,N,N,C,19.722502,0.14054643
a1457,KAGNAK,CC(N(CCN(C(C(Nc1c(SC)cccc1)O)C)C)C)C(Nc2c(SC)cccc2)O,X,X,X,X,X,6,0,0,0,0,0,N,N,N,N,S,S,3.01322,0.23199017
a1458,PODWAJ,OCCCCNc1nc2ccccc2n1NCc1ccccc1O,OCCCCNc1nc2ccccc2n1NCc1ccccc1O,X,X,X,X,3,3,0,0,0,0,O,O,N,N,N,N,14.189819,0.18494895
a1459,FOPLIG,CC(NCCCN)c1ccccc1O,CC(NCCCN)c1ccccc1O,X,X,X,X,3,3,0,0,0,0,O,N,N,O,N,N,46.138767,0.14707531
a1460,WEFPAZ,C1(C/2)=CC=CCC1=NC2=C3NC=C(C4=NC5=C(C=CC=C5)N4)C=C\3,C1(C/2)=CC=CCC1=NC2=C3NC=C(C4=NC5=C(C=CC=C5)N4)C=C\3,C1(C/2)=CC=CCC1=NC2=C3NC=C(C4=NC5=C(C=CC=C5)N4)C=C\3,X,X,X,2,2,2,0,0,0,N,N,N,N,N,N,-58.71961,0.19574575
a1461,LOBYAD,NCC(O)O,Oc1cccc2cccnc12,Oc1cccc2cccnc12,X,X,X,2,2,2,0,0,0,O,O,O,N,N,N,69.33696,0.15995182
a1463,KEXZES,SC(S)N(c1ccccc1)c1ccccc1,SC(S)N(c1ccccc1)c1ccccc1,SC(S)N(c1ccccc1)c1ccccc1,X,X,X,2,2,2,0,0,0,S,S,S,S,S,S,-20.24529,0.12506332
a1464,NOZLOD,Cl,CC1CC(C)NCCNC(C)CC(C)NCCN1,Cl,X,X,X,1,4,1,0,0,0,Cl,N,Cl,N,N,N,19.671486,0.19770937
a1465,JATKEX,CC(C)(C)c1cc(O)c(O)c(C(C)(C)C)c1,CC(C(C)=C(C)N1)N1C(N2C(C)C(C)=C(C)N2)N3NC(C)=C(C)C3C,CCN,X,X,X,2,3,1,0,0,0,O,O,N,N,N,N,51.452835,0.14277753
a1468,DEBQOS,CC(c1ncccc1)NNC(SC)N,CC(c1ncccc1)NNC(SC)N,X,X,X,X,3,3,0,0,0,0,N,N,N,N,N,N,33.583427,0.07768985
a1469,ZEQLOY,CC(NO)C(C)NO,Nc1ccccc1,CC(NO)C(C)NO,Nc1ccccc1,X,X,2,1,2,1,0,0,N,N,N,N,N,N,11.732914,0.14253038
a147,GITTUC,Oc1c(O)c(Br)c(Br)c(Br)c1Br,Oc1c(O)c(Br)c(Br)c(Br)c1Br,C1CCNCC1,C1CCNCC1,X,X,2,2,1,1,0,0,N,N,O,O,O,O,107.08431,0.19294894
a1471,KIMBUF,CCCc1cccc(CNC2CCCCC2N)c1O,CCCc1cccc(CNC2CCCCC2N)c1O,X,X,X,X,3,3,0,0,0,0,O,N,N,O,N,N,-34.51386,0.16623716
a1472,SIDGAO,CCCN(CCC)C(S)NNCc1cc(C)[nH]n1,CCCN(CCC)C(S)NNCc1cc(C)[nH]n1,X,X,X,X,3,3,0,0,0,0,S,S,N,N,N,N,121.01474,0.19035259
a1474,HIGPUI,Cl,C1(/C=CCN1)=C\N/N=C\C2=CC=CN2,c1ccncc1,c1ccncc1,X,X,1,3,1,1,0,0,Cl,N,N,N,N,N,93.96931,0.1757016
a1475,ZILRIX,CC(C)(C)c1cc(CNC2CCCCC2N)c(O)c(C(C)(C)C)c1,CC(C)(C)c1cc(CNC2CCCCC2N)c(O)c(C(C)(C)C)c1,X,X,X,X,3,3,0,0,0,0,O,N,N,O,N,N,40.599308,0.2748356
a1476,XIPFIL,Cl,Cl,Nc1ccc(CC2CNCCNCCCNCCNC2)cc1,X,X,X,1,1,4,0,0,0,Cl,Cl,N,N,N,N,89.68245,0.23387446
a1478,AGEFAT,OC(NC(O)c1ccccn1)c1ccccn1,OC(NC(O)c1ccccn1)c1ccccn1,X,X,X,X,3,3,0,0,0,0,N,N,N,N,N,N,-32.73823,0.20179549
a1479,IZASEH,CC(CNC(c1ccccc1)c1ccccc1O)NC(c1ccccc1)c1ccccc1O,Cn1ccnc1,Cn1ccnc1,X,X,X,4,1,1,0,0,0,O,O,N,N,N,N,36.441578,0.21023284
a148,DELXOL,ONC(Nc1ccccc1)C(NO)Nc1ccccc1,CCN(CC)C(O)c1cccnc1,ONC(Nc1ccccc1)C(NO)Nc1ccccc1,CCN(CC)C(O)c1cccnc1,X,X,2,1,2,1,0,0,N,N,N,N,N,N,-2.768358,0.09074254
a1481,QEZHIP,CCCCN(C=C1)CN1C2=CC(N3C=CN(CCCC)C3)=CC=C2,CCCCN(C=C1)CN1C2=CC(N3C=CN(CCCC)C3)=CC=C2,X,X,X,X,3,3,0,0,0,0,C,C,C,C,C,C,42.03418,0.12697315
a1483,BAYPEY,OC(O)C(O)O,OC(O)C(O)O,NCCN,X,X,X,2,2,2,0,0,0,O,O,O,O,N,N,79.9796,0.19203556
a1484,XANBOF,Oc1c(CNCc2occc2)cc(Br)cc1,Oc1c(CNCc2occc2)cc(Br)cc1,Oc1c(CNCc2occc2)cc(Br)cc1,X,X,X,2,2,2,0,0,0,O,O,O,N,N,N,39.184948,0.24037778
a1485,ZOWNAA,COc1ccc(NO)c(O)c1,COc1ccc(NO)c(O)c1,COc1ccc(NO)c(O)c1,X,X,X,2,2,2,0,0,0,O,N,O,N,O,N,28.629429,0.20639428
a1486,BODQOC,c1cnc2c(c1)ccc1cccnc12,CN,CN,CN,CN,X,2,1,1,1,1,0,N,N,C,C,C,C,65.64776,0.1912352
a1487,HUWKUF,CCCCN(CCCC)C(S)NNCc1cc(C)[nH]n1,CCCCN(CCCC)C(S)NNCc1cc(C)[nH]n1,X,X,X,X,3,3,0,0,0,0,S,S,N,N,N,N,103.0776,0.1864549
a1489,VULJOD,NCS,NCS,c1ccc(CN(Cc2ccccn2)Cc2ccccn2)nc1,X,X,X,1,1,4,0,0,0,N,N,N,N,N,N,-67.664505,0.24910912
a149,TITTID,CN(C)CCNCc1cc(Cl)cc(Cl)c1O,CN(C)CCNCc1cc(Cl)cc(Cl)c1O,NNN,X,X,X,3,2,1,0,0,0,N,N,N,N,O,O,82.2209,0.211508
a1492,KOLTUD,Cl,OS(OC1C=CNC=C1)O,CC(NO)C(C)NO,CC(NO)C(C)NO,X,X,1,2,2,1,0,0,Cl,N,N,N,N,N,11.857073,0.12863012
a1493,XUJDEM,Cc1cccnc1C(O)O,Cc1cccnc1C(O)O,Cc1cccnc1C(O)O,X,X,X,2,2,2,0,0,0,N,N,N,O,O,O,19.336945,0.098257385
a1494,ESUNUD,OC1=C(Br)C(Br)=C(Br)C(Br)=C1O,OC1=C(Br)C(Br)=C(Br)C(Br)=C1O,C1=CCC=CN1,C1=CCC=CN1,X,X,2,2,1,1,0,0,O,O,O,O,N,N,89.36699,0.12566397
a1495,WODYOG,CN(C)CCCNCCCNCc1ccccc1O,NNN,NNN,X,X,X,4,1,1,0,0,0,O,N,N,N,N,N,42.35707,0.18511955
a1496,LIPTAH,CNCc1c(O)ccc(Br)c1,CNCc1c(O)ccc(Br)c1,CNCc1c(O)ccc(Br)c1,X,X,X,2,2,2,0,0,0,N,N,N,O,O,O,6.3343544,0.2699305
a1497,VIMQOA,OC(Nc1ccccc1NC(O)c1ccccn1)c1ccccn1,NCc1cccc(C(F)(F)F)c1,NCc1cccc(C(F)(F)F)c1,X,X,X,4,1,1,0,0,0,N,N,N,N,N,N,9.397985,0.15338153
a1498,YIWSUV,CN(C)CCCNCCCNCc1ccccc1O,NNN,NNN,X,X,X,4,1,1,0,0,0,N,O,N,N,N,N,83.74046,0.2146988
a1499,QEWGEH,CC(C)(C)c1cc(CNNC(O)c2ccccc2NC(O)c2ccc(F)cc2)c(O)c(C(C)(C)C)c1,CC(C)(C)c1cc(CNNC(O)c2ccccc2NC(O)c2ccc(F)cc2)c(O)c(C(C)(C)C)c1,X,X,X,X,3,3,0,0,0,0,O,O,O,O,N,N,48.256832,0.2560885
a15,VAWXEA,CC1(C)C(C)(C)/C2=C(Br)/C3C/C(C(C)(C)C3(C)C)=N\C(N/4)=C5C(C=CC=C5)=NC4=C6N=C7C=CC=CC7=C(/N=C1\N2)N/6,Cl,Cl,X,X,X,4,1,1,0,0,0,N,N,N,N,Cl,Cl,66.13215,0.12008817
a150,HEZCOI,COc1cccc(CNc2ccccc2O)c1O,COc1cccc(CNc2ccccc2O)c1O,X,X,X,X,3,3,0,0,0,0,O,O,O,O,N,N,-6.8795757,0.1673748
a1500,XIHCID,Oc1ccc2ccccc2c1NNc1nccs1,Oc1ccc2ccccc2c1NNc1nccs1,X,X,X,X,3,3,0,0,0,0,N,N,N,N,O,O,-44.831547,0.2436862
a1501,CNENCP,NCCN,NCCN,NCS,NCS,X,X,2,2,1,1,0,0,N,N,N,N,N,N,128.73756,0.11971367
a1502,QODCAO,Cl,Cl,c1cnc2c(c1)ccc1cccnc12,c1cnc2c(c1)ccc1cccnc12,X,X,1,1,2,2,0,0,Cl,Cl,N,N,N,N,98.542915,0.20424409
a1503,GANNOB,Cl,Oc1ccccc1CNCCCNCCNCc1ccccc1O,X,X,X,X,1,5,0,0,0,0,Cl,O,O,N,N,N,14.794529,0.09007608
a1504,UBUZOI,CCOC(O)CC,CC(NO)C(C)NO,CC(NO)C(C)NO,CC(N)C1CCCCC1,X,X,1,2,2,1,0,0,C,N,N,N,N,N,15.23757,0.16379444
a1505,DETBEM,FC(F)C(F)(F)F,CC(NO)C(C)NO,CC(NO)C(C)NO,c1ccncc1,X,X,1,2,2,1,0,0,C,N,N,N,N,N,9.288275,0.09819085
a1506,DABLEY,CC(NO)C(C)NO,CC(NO)C(C)NO,O,CCCC,X,X,2,2,1,1,0,0,N,N,N,N,O,C,12.940519,0.13896516
a1507,HACYIV,Cc1c(O)c(CNNC(SC)N)c(CO)cn1,Cc1c(O)c(CNNC(SC)N)c(CO)cn1,X,X,X,X,3,3,0,0,0,0,O,O,N,N,N,N,-1.2075212,0.21768948
a1508,DOHCAE,CC(NO)C(C)NO,C1CCNC1,CC(NO)C(C)NO,C1CCNC1,X,X,2,1,2,1,0,0,N,N,N,N,N,N,17.628965,0.13943642
a1510,LEHHOW,Cl,NCCN,Cl,NCCN,X,X,1,2,1,2,0,0,Cl,N,N,Cl,N,N,103.66692,0.1638497
a1511,EJUGUM,ONC(c1ccccc1)C(NO)c1ccccc1,ONC(c1ccccc1)C(NO)c1ccccc1,c1ccncc1,c1ccc2ccccc2c1,X,X,2,2,1,1,0,0,C,N,N,N,N,N,-6.6891613,0.14579515
a1513,QUPYIJ,OSO,OSO,CC(C)CNC(O)C(C)(C)C(O)NCC(C)C,CNC(C)(C)C,CNC(C)(C)C,X,1,1,2,1,1,0,S,S,N,N,C,C,28.985884,0.27263266
a1514,TAXBUP,CC(NO)C(C)NCCCN(C)C(C)C(C)NO,c1ccncc1,X,X,X,X,5,1,0,0,0,0,N,N,N,N,N,C,11.968824,0.16226916
a1515,UTIYAY,C1(/NC=CN1)=C2NC=CN/2,C1(/NC=CN1)=C2NC=CN/2,C1(/NC=CN1)=C2NC=CN/2,X,X,X,2,2,2,0,0,0,N,N,N,N,N,N,-22.471811,0.08913916
a1516,YICHUT,NCCNCCNCCN,O=C(CC1)NC1=O,O=C(CC1)NC1=O,X,X,X,4,1,1,0,0,0,N,N,N,N,N,N,73.84147,0.1682402
a1517,NAYYOD,OC(O)CN1CCCNCCNCCCNCC1,NNN,X,X,X,X,5,1,0,0,0,0,O,N,N,N,N,N,-2.7053392,0.16100223
a1519,DAFDAP,CC(F)(F)F,CC(NO)C(C)NO,CC(NO)C(C)NO,NCc1ccncc1,X,X,1,2,2,1,0,0,N,N,N,N,N,C,12.6317215,0.10989414
a152,LIKNUS,NCCNCCN,CN,CN,CN,X,X,3,1,1,1,0,0,N,N,N,C,C,C,118.340904,0.22400565
a1520,RAQWOX,NCS,CC(N)CNC(C)c1ccccc1O,CC(N)CN,X,X,X,1,3,2,0,0,0,N,O,N,N,N,N,69.40526,0.17695266
a1521,USEMOW,CCc1c(F)c(F)c(F)c(F)c1F,CCc1ccc(N(C)C)cc1,C1CNCCNCCCNCCNC1,X,X,X,1,1,4,0,0,0,C,C,N,N,N,N,6.70133,0.16036092
a1522,YIKDUU,Cc1nccnc1C(C)NNC(S)Nc1ccc(F)cc1,Cc1nccnc1C(C)NNC(S)Nc1ccc(F)cc1,X,X,X,X,3,3,0,0,0,0,S,S,N,N,N,N,68.17443,0.14638194
a1523,BEDPOP,CC(NO)C(C)NO,CC(NO)C(C)NO,O,CC(C)(C)C,X,X,2,2,1,1,0,0,O,N,N,N,N,C,8.7217655,0.21852063
a1526,POFFOF,CC(O)CC(C)O,CC(O)CC(C)O,N,N,X,X,2,2,1,1,0,0,O,O,O,O,N,N,75.72483,0.08230278
a1527,RONDUU,Oc1ccccc1CNC(c1ccccc1)C(NCc1ccccc1O)c1ccccc1,c1ccncc1,c1ccncc1,X,X,X,4,1,1,0,0,0,O,O,N,N,N,N,-9.311098,0.17240739
a1528,XAZNIW,CC(CC(O)c1ccccc1)NCCCNC(C)CC(O)c1ccccc1,C1CCNC1,C1CCNC1,X,X,X,4,1,1,0,0,0,O,N,O,N,N,N,-9.226522,0.17655642
a1529,OXITEW,CC(NO)C(C)NO,CC(NO)C(C)NO,NNN,c1cc(-c2ccncc2)ccn1,X,X,2,2,1,1,0,0,N,N,N,N,N,N,13.634075,0.14432347
a153,KUJQUE,CC(NO)C(C)NO,CC(NO)C(C)NO,CC(N)c1ccccc1,NCS,X,X,2,2,1,1,0,0,N,N,N,N,N,N,5.6837196,0.14984016
a1532,PYROCO,CC(NCCCNC(C)c1ccccn1)c1ccccn1,OC(O)C(O)O,X,X,X,X,4,2,0,0,0,0,N,N,N,N,O,O,47.48248,0.20369913
a1533,ORECOE,Cc1cc(C)cc(SC(NO)C(NO)Sc2cc(C)cc(C)c2)c1,Cc1cc(C)cc(SC(NO)C(NO)Sc2cc(C)cc(C)c2)c1,OOCc1ccccc1,c1ccncc1,X,X,2,2,1,1,0,0,N,O,N,N,N,N,-55.02612,0.24529092
a1534,ZEQFIM,COc1cnc(NS(O)(O)c2ccc(N)cc2)nc1,CC(NO)C(C)NO,CC(NO)C(C)NO,NNN,X,X,1,2,2,1,0,0,N,N,N,N,N,N,14.6220875,0.16898318
a1535,COTROQ,OC1=CCC=CC=C1O,OC1=CCC=CC=C1O,OC1=CCC=CC=C1O,X,X,X,2,2,2,0,0,0,O,O,O,O,O,O,-17.417894,0.10235179
a1538,SUYNEH,Oc1cccc(C(O)NNCc2ccccc2O)c1,c1ccc(-c2ccccn2)nc1,NNN,X,X,X,3,2,1,0,0,0,N,N,N,N,O,O,30.400948,0.14392358
a154,ZEMHEI,Cl,CC(NO)C(C)NO,CC(NO)C(C)NO,NCC1=C(O)C(C)NC=C1CO,X,X,1,2,2,1,0,0,Cl,N,N,N,N,N,13.17816,0.10619361
a1540,SUKWUQ,CP(C)C,CC(O)CC(C)O,CC(O)CC(C)O,CP(C)C,X,X,1,2,2,1,0,0,P,O,O,P,O,O,90.517456,0.13888364
a1541,MCENCO,CC(O)O,NCCN,NCCN,S,X,X,1,2,2,1,0,0,N,N,N,N,O,S,110.963554,0.18800458
a1542,AQEDAD,c1ccc(-c2ccccn2)nc1,CC(O)CC(C)O,NNN,NNN,X,X,2,2,1,1,0,0,N,N,O,O,N,N,94.21075,0.12646435
a1544,GUTJOV,OCCNCCNCc1cccc(C(O)O)c1O,OCCNCCNCc1cccc(C(O)O)c1O,X,X,X,X,3,3,0,0,0,0,O,O,N,N,N,N,-8.809378,0.16149735
a1547,ENGCOA,NCC(O)O,NCC(O)O,NCCN,X,X,X,2,2,2,0,0,0,O,O,N,N,N,N,4.580473,0.20824604
a1548,VUYWAN,CC(NO)C(C)NO,CC(NO)C(C)NO,c1ccncc1,CCN,X,X,2,2,1,1,0,0,N,N,N,N,N,C,4.529585,0.12607321
a1549,GENGEM,CC(NO)C(C)NO,CC(NO)C(C)NO,c1ccncc1,Cc1ccccc1C,X,X,2,2,1,1,0,0,N,N,N,N,N,C,1.5542796,0.13212977
a1551,WEMNIM,Cl,Cl,NCCN,NCCN,X,X,1,1,2,2,0,0,Cl,Cl,N,N,N,N,108.581825,0.10642437
a1552,GADSIQ,Oc1ccccc1C(O)NNCc1cccc(O)c1O,Oc1ccccc1C(O)NNCc1cccc(O)c1O,X,X,X,X,3,3,0,0,0,0,N,N,O,O,O,O,-48.45731,0.066746384
a1554,TECXOP,c1ccc(CN(Cc2ccccn2)Cc2ccccn2)nc1,CC(O)NO,X,X,X,X,4,2,0,0,0,0,N,N,N,N,O,O,-16.297892,0.2159399
a1555,JEGGUX,NC(Cl)CCl,CC(NO)C(C)NO,CC(NO)C(C)NO,Cc1nccn1C,X,X,1,2,2,1,0,0,N,N,N,N,N,C,11.949373,0.18286188
a1556,AHOXUQ,CC(NO)C(C)N(C)Cc1ccccn1,CC(NO)C(C)NCc1ccccn1,X,X,X,X,3,3,0,0,0,0,C,N,N,N,N,N,1.1835577,0.167555
a1557,CIHXEX,Cc1cc(C)c(C(NO)C(NO)c2c(C)cc(C)cc2C)c(C)c1,Cc1cc(C)c(C(NO)C(NO)c2c(C)cc(C)cc2C)c(C)c1,NCc1ccc(COO)cc1,c1ccncc1,X,X,2,2,1,1,0,0,O,N,N,N,N,N,30.709509,0.1688971
a1558,KUNWIB,Cl,Cl,OC(NNC(c1ccccc1)c1ccccn1)NNC(c1ccccc1)c1ccccn1,X,X,X,1,1,4,0,0,0,Cl,Cl,N,N,N,N,18.527811,0.14932543
a1559,RASWEQ,Oc1ccc2ccccc2c1NNc1ccccc1,Oc1ccc2ccccc2c1NNc1ccccc1,Oc1ccc2ccccc2c1NNc1ccccc1,X,X,X,2,2,2,0,0,0,O,O,O,N,N,N,73.17877,0.16422613
a156,WEGFUJ,CC1=C(O)C2=C(NC(O)Cc3ccccc3)OCC2=CN1,Cc1ncc(CO)c(CNC(O)Cc2ccccc2)c1O,OCO,OCO,X,X,2,2,1,1,0,0,O,O,O,O,N,N,39.853615,0.2722322
a1560,WOVPAY,CC(O)CC(C)NCCNCCCN,ONO,ONO,X,X,X,4,1,1,0,0,0,N,N,N,N,N,O,77.05105,0.19209078
a1561,EKOKIZ,Fc1ccccc1CNc1ccccc1,CP(C)C,CP(C)C,C,F,X,2,1,1,1,1,0,C,C,F,N,P,P,78.262695,0.16618976
a1562,HORRUC,C1(NC2NN=NN2)=NN=NN1,C1(NC2NN=NN2)=NN=NN1,C1(NC2NN=NN2)=NN=NN1,X,X,X,2,2,2,0,0,0,N,N,N,N,N,N,67.71017,0.04967791
a1564,GADMEE,OC(O)CNC(CC(O)O)C(O)O,NCCN,X,X,X,X,4,2,0,0,0,0,O,O,O,N,N,N,-9.390268,0.11755752
a1567,DISVUW,S,O[SH](O)O,NCCN,NCCN,X,X,1,1,2,2,0,0,S,O,N,N,N,N,73.73172,0.106946364
a1568,RUMHIQ,Cl,NCCCN(CCCN)CC(O)O,O,X,X,X,1,4,1,0,0,0,Cl,O,O,N,N,N,27.790283,0.23858239
a1570,YOWJAV,CC(C1=CC=CC=C1)C2=CC=CC=C2,CC(NO)C(C)NO,CC(NO)C(C)NO,CCOC(O)CCC(O)OCC,X,X,1,2,2,1,0,0,P,N,N,N,N,C,12.136013,0.13660122
a1571,QIRYEV,Cc1nn(-c2ccccc2)c(O)c1NNc1ccc(C(C)(C)C)cc1,Cc1nn(-c2ccccc2)c(O)c1NNc1ccc(C(C)(C)C)cc1,Cc1nn(-c2ccccc2)c(O)c1NNc1ccc(C(C)(C)C)cc1,X,X,X,2,2,2,0,0,0,N,O,N,O,N,O,-2.9807947,0.23561975
a1572,QAKZOR,COC(O)c1ccccc1S,COC(O)c1ccccc1S,COC(O)c1ccccc1S,X,X,X,2,2,2,0,0,0,S,O,S,O,S,O,-1.6613061,0.121692985
a1573,KEJREX,S,Sc1nnc(-c2ccccc2)c(-c2ccccc2)n1,S,Sc1nnc(-c2ccccc2)c(-c2ccccc2)n1,S,Sc1nnc(-c2ccccc2)c(-c2ccccc2)n1,1,1,1,1,1,1,S,S,S,N,N,N,-3.0407655,0.17253688
a1574,YAPKAC,CCNC(S)NNC(N)c1ccccn1,CCNC(S)NNC(N)c1ccccn1,X,X,X,X,3,3,0,0,0,0,S,S,N,N,N,N,56.45159,0.02030252
a1575,EZATAB,c1ccc(C(NCCCCNC(c2ccccc2)c2ccccn2)c2ccccn2)cc1,NNN,NNN,X,X,X,4,1,1,0,0,0,N,N,N,N,N,N,15.766349,0.18272129
a1576,PENGOE,CC(NO)C(C)NO,CC(NO)C(C)NO,c1ccncc1,c1ccncc1,X,X,2,2,1,1,0,0,N,N,N,N,N,N,-2.500757,0.087465204
a1578,YIPFUZ,OC12/N=C(C3=C/4C=CC=C3)\NC4=N/C(CCC/5)CC5=N/C6=CC=C(N6)/N=C(C7=C2C=CC=C7)\N1,c1ccncc1,c1ccncc1,X,X,X,4,1,1,0,0,0,C,N,N,N,N,N,-46.70869,0.19800486
a1579,QANXIM,OC(O)C(O)c1ccccc1,OC(O)C(O)c1ccccc1,CC1=NCCNC(C)(C)CC(C)=NCCNC(C)(C)C1,X,X,X,1,1,4,0,0,0,O,O,N,N,N,N,50.573723,0.17859824
a1580,DAYKOD,Cl,Cl,CC(C)(N)CN,CC(C)(N)CN,X,X,1,1,2,2,0,0,Cl,Cl,N,N,N,N,99.80559,0.2552454
a1582,ABUKAM,CC(NO)C(C)NO,Nc1ccc(Br)cc1,Nc1ccc(Br)cc1,CC(NO)C(C)NO,X,X,2,1,1,2,0,0,N,N,N,N,N,N,19.166914,0.19207212
a1584,NOKPEL,FC(F)F,C1=CC2=C(c3ccccc3)C3=NC(=C(c4ccccc4)C4=NC(=C(c5ccccc5)C5=NC(=C(c6ccccc6)C1=N2)C=C5)C=C4)C=C3,CCN,X,X,X,1,4,1,0,0,0,N,N,N,N,N,C,81.523224,0.09093802
a1585,CIQVUW,Cl,Cl,c1ccc(-c2ccccn2)nc1,c1ccc(-c2ccccn2)nc1,X,X,1,1,2,2,0,0,Cl,Cl,N,N,N,N,74.31098,0.17751458
a1587,YOCFED,Oc1cc(-c2nc3ccccc3[nH]2)nc(-c2nc3ccccc3[nH]2)c1,Oc1cc(-c2nc3ccccc3[nH]2)nc(-c2nc3ccccc3[nH]2)c1,X,X,X,X,3,3,0,0,0,0,N,N,N,N,N,N,105.94463,0.20685261
a1588,KIVNEK,CC(O)O,NCCN,CC(O)O,NCCN,X,X,1,2,1,2,0,0,O,N,N,O,N,N,94.93595,0.22020216
a1589,ROFQIM,CC(NO)C(C)NO,CC(NO)C(C)NO,Oc1cccnc1,CCCN,X,X,2,2,1,1,0,0,N,N,N,N,N,C,6.1416607,0.14201374
a1590,LOKLAB,ONO,ONO,CC1=NCCCNCCNCCCN=C1C,X,X,X,1,1,4,0,0,0,N,N,N,N,N,N,40.703773,0.16919212
a1591,FATCAG,C1(/C=CC=CN1)=C2NC3=CC=CCC3=N\2,C1(/C=CC=CN1)=C2NC3=CC=CCC3=N\2,C1(/C=CC=CN1)=C2NC3=CC=CCC3=N\2,X,X,X,2,2,2,0,0,0,N,N,N,N,N,N,-48.794155,0.18887411
a1592,GOVBEA,Cc1ccc(O)c(NCc2ccccc2O)c1,Cc1ccc(O)c(NCc2ccccc2O)c1,X,X,X,X,3,3,0,0,0,0,N,O,O,N,O,O,0.27711123,0.2033211
a1594,MEBXOH,ONC(c1ccccc1)C(NO)c1ccccc1,c1ccncc1,ONCCNO,CC,X,X,2,1,2,1,0,0,N,N,N,N,C,N,27.888454,0.13243659
a1595,WEGPOO,CC(NO)C(C)NO,c1ccncc1,CC(NO)C(C)NO,c1ccncc1,X,X,2,1,2,1,0,0,N,N,N,N,N,N,-2.500757,0.08746519
a1597,KOBSAW,c1ccc(-c2ccccn2)nc1,c1ccc(-c2ccccn2)nc1,CN,CN,X,X,2,2,1,1,0,0,N,N,N,N,C,C,81.60251,0.14040995
a1598,TUBVAP,Cc1ccc2nc(NNC(C)c3nc4ccccc4n3C)sc2c1,Cc1ccc2nc(NNC(C)c3nc4ccccc4n3C)sc2c1,X,X,X,X,3,3,0,0,0,0,N,N,N,N,N,N,29.964052,0.20355757
a16,ECABET,NC(c1ccccc1)C(NCc1ccccc1O)c1ccccc1,NC(c1ccccc1)C(NCc1ccccc1O)c1ccccc1,X,X,X,X,3,3,0,0,0,0,O,O,N,N,N,N,17.882727,0.13761412
a1600,TEXROE,COc1ccc(NC(S)NNCc2ccccn2)cc1,COc1ccc(NC(S)NNCc2ccccn2)cc1,X,X,X,X,3,3,0,0,0,0,S,S,N,N,N,N,16.692774,0.23409936
a1601,ABEGOD,CC(C)C(C)NCCCNCCCNC(C)C(C)C,S,OSO,X,X,X,3,1,2,0,0,0,N,N,N,S,S,O,34.932007,0.2601328
a1602,JACYOE,COc1cccc(CNNC(O)c2ccc(O)cc2)c1O,COc1cccc(CNNC(O)c2ccc(O)cc2)c1O,X,X,X,X,3,3,0,0,0,0,N,N,O,O,O,O,-34.129093,0.05137194
a1603,FALDUR,NCCCl,CC(NO)C(C)NO,CC(NO)C(C)NO,c1ccncc1,X,X,1,2,2,1,0,0,N,N,N,N,N,C,6.5862713,0.1266266
a1604,LEWMEI,CC(NNc1ccccn1)c1cnccn1,CC(NNc1ccccn1)c1cnccn1,X,X,X,X,3,3,0,0,0,0,N,N,N,N,N,N,36.01335,0.17195514
a1605,QOQFUZ,NCCN,NCCN,C1(C2=NN=NN2)=CC=NC=C1,C1(C2=NN=NN2)=CC=NC=C1,X,X,2,2,1,1,0,0,N,N,N,N,N,N,59.013622,0.08414858
a1607,XESYAW,CP(C)C,CP(C)C,COc1cccc(CO)c1O,C,C,X,1,1,2,1,1,0,P,P,O,O,C,C,25.531103,0.09385197
a1609,EYEMIG,OC(O)CNCC(O)O,OC(O)CNCC(O)O,X,X,X,X,3,3,0,0,0,0,O,O,N,O,O,N,-68.40734,0.22369425
a161,ZABBOX,COc1ccc(C(O)CC2=NCCO2)cc1,COc1ccc(C(O)CC2=NCCO2)cc1,COc1ccc(C(O)CC2=NCCO2)cc1,X,X,X,2,2,2,0,0,0,O,O,O,N,N,N,97.74716,0.32057193
a1611,BEBQIJ,NCCCNCCNCCCN,CN,CN,X,X,X,4,1,1,0,0,0,N,N,N,N,C,C,125.24818,0.22214842
a1612,BPMGCO,Cl,CCNOC1C=CC=CN1CC(O)c1ccccc1,CCNO,CCNO,CCNO,X,1,2,1,1,1,0,Cl,N,N,N,N,C,83.60564,0.11695332
a1613,LAXSOV,SC(NNCc1nccs1)Nc1ccccc1,SC(NNCc1nccs1)Nc1ccccc1,X,X,X,X,3,3,0,0,0,0,S,N,N,N,N,S,-5.9958553,0.14916623
a1614,COLVAB,NC(c1ccccn1)(c1ccccn1)c1ccccn1,NNN,NNN,NNN,X,X,3,1,1,1,0,0,N,N,N,N,N,N,-55.044636,0.24044046
a1617,YASROZ,OC(O)CC(NCCNC(CC(O)O)C(O)O)C(O)O,X,X,X,X,X,6,0,0,0,0,0,O,O,O,O,N,N,-19.201208,0.08796635
a1618,HOWKIN,CC(NO)C(C)NO,CC(NO)C(C)NO,CCCN,C1CCNCC1,X,X,2,2,1,1,0,0,N,N,N,N,C,N,15.62762,0.16243786
a1619,ZUZMEM,CC(NO)C(C)NO,N,CC(NO)C(C)NO,N,X,X,2,1,2,1,0,0,N,N,N,N,N,N,10.077988,0.11412082
a162,LIKMUR,NCCN,NCCN,NNN,NNN,X,X,2,2,1,1,0,0,N,N,N,N,N,N,86.24756,0.11476574
a1621,XOPGAM,Oc1ccccc1CNc1ccccc1,Oc1ccccc1CNc1ccccc1,c1ccncc1,c1ccncc1,X,X,2,2,1,1,0,0,O,O,N,N,N,N,8.085621,0.21300468
a1622,GIHZUT,CC(C)(C)c1cc(CN(Cc2ccccn2)Cc2ccccn2)c(O)c(C(C)(C)C)c1,CC(C)(C)c1cc(O)c(O)c(C(C)(C)C)c1,X,X,X,X,4,2,0,0,0,0,O,O,O,N,N,N,10.703815,0.20474936
a1623,TODZOD,Cc1cccc(CN(C)CCc2ccccn2)n1,NNN,NNN,NNN,X,X,3,1,1,1,0,0,N,N,N,N,N,N,8.256977,0.21428902
a1624,SESMEK,Oc1c(-c2c(O)c(O)c3ccccc3c2O)c(O)c2ccccc2c1O,c1ccc(CNCCNCc2ccccn2)nc1,X,X,X,X,2,4,0,0,0,0,O,O,N,N,N,N,-81.16773,0.19285803
a1625,DISDUG,Cc1cc(NC(O)c2ccccn2)c(NC(O)c2ccccn2)cc1C,c1ccncc1,NNN,X,X,X,4,1,1,0,0,0,N,N,N,N,N,N,1.0336936,0.2213543
a1626,WONBAC,Cl,Cl,CP(C1=CC=CC=C1P(C)C)C2=CC=CC=C2P(C3=C(P(C)C)C=CC=C3)C,X,X,X,1,1,4,0,0,0,Cl,Cl,P,P,P,P,41.94169,0.22350523
a1629,QIGRON,Cl,Cl,Cl,NCCCNCCN,X,X,1,1,1,3,0,0,Cl,Cl,Cl,N,N,N,83.58307,0.2250772
a163,JEGFEK,Cl,CC(NO)C(C)NO,CC(NO)C(C)NO,Nc1ccncc1,X,X,1,2,2,1,0,0,Cl,N,N,N,N,N,8.897617,0.14591713
a1630,SOCGEZ,Oc1ccccc1CNCc1ccccc1NCc1ccccc1O,CC(O)c1ccncc1,NNN,X,X,X,4,1,1,0,0,0,O,O,N,N,N,N,18.446297,0.2011608
a1631,WUPBEQ,COc1ccc(CNCCN(CCNCc2ccc(OC)cc2O)CCNCc2ccc(OC)cc2O)c(O)c1,X,X,X,X,X,6,0,0,0,0,0,N,N,N,O,O,O,89.57966,0.16286257
a1633,WIZQON,Cl,Cl,Oc1ccccc1CNc1ccccc1NC(c1ccccc1)c1ccccn1,X,X,X,1,1,4,0,0,0,Cl,Cl,O,N,N,N,-11.257189,0.2025783
a1634,JIYZAS,OC(O)CCN(CCC(O)O)CCN(CCC(O)O)CCC(O)O,X,X,X,X,X,6,0,0,0,0,0,O,O,O,O,N,N,17.72479,0.25679472
a1635,ADEFIZ,C1CNCCNCCCNCCNC1,Cl,Cl,X,X,X,4,1,1,0,0,0,N,N,Cl,N,N,Cl,82.53605,0.21072158
a1636,KUFJUR,ONC(Sc1ccccc1)C(NO)Sc1ccccc1,ONC(Sc1ccccc1)C(NO)Sc1ccccc1,c1ccncc1,CCCC,X,X,2,2,1,1,0,0,N,N,N,N,N,C,26.412792,0.15452196
a1638,RAXPEL,Oc1ccccc1CN1CCN(CCC(O)O)CCN(CCC(O)O)CC1,X,X,X,X,X,6,0,0,0,0,0,N,N,N,O,O,O,60.54682,0.12855935
a1641,NECQIW,OSO,CCNCc1ccccn1,OSO,CCNCc1ccccn1,X,X,1,2,1,2,0,0,S,N,N,S,N,N,5.0622425,0.21020879
a1642,EJOTUS,Cc1ccc(O)c(C(C)NCCNC(C)c2cc(C)ccc2O)c1,Cn1ccnc1,Cn1ccnc1,X,X,X,4,1,1,0,0,0,N,N,N,N,O,O,23.884062,0.16085166
a1643,ZOMPUO,COC(O)c1ccc(C(O)NCCN(CCNC(O)c2ccc(C(O)OC)cn2)CCNC(O)c2ccc(C(O)OC)cn2)nc1,CC(O)O,X,X,X,X,5,1,0,0,0,0,N,N,N,N,N,O,58.6752,0.13782702
a1644,JAWDUG,CCCCCCCCC(NO)C(C)NO,Nc1ccccc1,Nc1ccccc1,CCCCCCCCC(NO)C(C)NO,X,X,2,1,1,2,0,0,N,N,N,N,N,N,10.990829,0.170311
a1645,AMIHIN,CC(NO)C(C)NCC(O)O,CC(NO)C(C)NCC(O)O,X,X,X,X,3,3,0,0,0,0,N,O,O,N,N,N,4.6509247,0.1846796
a1646,BUZCOP,Oc1ccc(Cl)cc1CNC1CCCC1,Oc1ccc(Cl)cc1CNC1CCCC1,Oc1ccc(Cl)cc1CNC1CCCC1,X,X,X,2,2,2,0,0,0,N,O,N,O,O,N,-4.7297955,0.17731078
a1648,VODJAA,NNN,NNN,NCCN,NCCN,X,X,1,1,2,2,0,0,N,N,N,N,N,N,86.24757,0.11476573
a1650,NISPUB,NCCCN,ONO,NCCCN,ONO,X,X,2,1,2,1,0,0,N,N,N,N,N,N,123.47033,0.096648365
a1651,WEMRIP,ONO,ONO,CNCCN,CNCCN,X,X,1,1,2,2,0,0,N,N,N,N,N,N,123.50989,0.13937077
a1652,AROMOK,Cl,Cl,CC(NO)C(C)NNC(O)NNC(C)C(C)NO,X,X,X,1,1,4,0,0,0,Cl,Cl,N,N,N,N,25.35912,0.17428064
a1653,ECUQEY,COC(O)C1C(C2=C3C=CC(=N3)C(C3C(C(O)OC)C3(C)C)=C3C=CC(=N3)C(C3C(C(O)OC)C3(C)C)=C3C=CC(=N3)C(C3C(C(O)OC)C3(C)C)=C3C=CC2=N3)C1(C)C,COC(O)C(N)Cc1ccc(O)cc1,COC(O)C(N)Cc1ccc(O)cc1,X,X,X,4,1,1,0,0,0,N,N,N,N,N,N,25.239206,0.10557761
a1654,OBIBAD,CC1(C)N=C(c2ccccn2)N(O)C1(C)C,CC(O)CC(C)O,ONO,ONO,X,X,2,2,1,1,0,0,O,O,N,N,N,N,20.049944,0.13027142
a1655,UFEJOE,Cl,OCC1OC(N2CCNCCN(C3OC(CO)C(O)C(O)C3O)CC2)C(O)C(O)C1O,X,X,X,X,1,5,0,0,0,0,Cl,O,O,N,N,N,-47.88551,0.1326965
a1657,GICROA,Cl,Cl,C12=CC=CC=C1NC(CN3CCNCCNCC3)N2,X,X,X,1,1,4,0,0,0,Cl,Cl,N,N,N,N,71.10102,0.15210204
a1658,RUHCIH,ONO,NCCN,NCCN,C,X,X,1,2,2,1,0,0,N,N,N,N,N,C,111.66264,0.08080172
a1660,CAFPUU,Cl,Cl,CC1CC(C)NCCNCCCNCCN1,X,X,X,1,1,4,0,0,0,Cl,Cl,N,N,N,N,41.336826,0.20463696
a1661,PUQFIR,COc1cc(CNNC(O)c2ccccc2O)ccc1O,c1ccncc1,COc1cc(CNNC(O)c2ccccc2O)ccc1O,c1ccncc1,X,X,2,1,2,1,0,0,N,N,O,N,N,O,-9.034933,0.24346064
a1663,VIDMIH,CCOC(O)COC(O)C(C)(C)C,c1cc2cc(c1)CNCc1cccc(n1)CNC2,X,X,X,X,2,4,0,0,0,0,O,N,N,N,C,C,65.01386,0.1772729
a1664,XEZMIZ,Oc1ccccc1C(O)NNCc1ccccn1,Oc1ccccc1C(O)NNCc1ccccn1,X,X,X,X,3,3,0,0,0,0,O,O,N,N,N,N,-31.728045,0.2855512
a1665,CAXJAP,OC(O)(C1CN(C)C2)C2(CNC1C3=CC=CCN3)C(O)=O,OC(O)c1ccccn1,X,X,X,X,4,2,0,0,0,0,O,N,N,N,N,N,16.637028,0.07359996
a1666,IFAFON,CNCCCNCc1cccc(OC)c1O,C1(C2=NN=NN2)=CCC=CN1,NNN,X,X,X,3,2,1,0,0,0,O,N,N,N,N,N,28.35222,0.12443238
a1667,IBEHEF,CO,C1(/CC=CN1)=C\NCCCNCCCN/C=C2CC=CN/2,X,X,X,X,1,5,0,0,0,0,O,N,N,N,N,N,97.78775,0.14618628
a1668,WAVWAS,Nc1ccc(C(O)O)cc1,NCCN,Nc1ccc(C(O)O)cc1,NCCN,X,X,1,2,1,2,0,0,O,N,N,O,N,N,83.77627,0.22748421
a1669,PIDJOB,Clc1ncnc2[nH]cnc12,CC(NO)C(C)NO,CC(NO)C(C)NO,C,X,X,1,2,2,1,0,0,N,N,N,N,N,C,17.963064,0.13327432
a167,FIVGIE,Cl,Cl,NCCNCCO,NCCNCCO,X,X,1,1,2,2,0,0,Cl,Cl,N,N,N,N,52.45413,0.25246572
a1671,OGAMUF,Oc1ccccc1-c1nc2ccccc2[nH]1,Oc1ccccc1-c1nc2ccccc2[nH]1,Oc1ccccc1-c1nc2ccccc2[nH]1,X,X,X,2,2,2,0,0,0,N,O,N,O,N,O,-6.736925,0.22732502
a1672,ENGCOB,NCC(O)O,NCC(O)O,NCCN,X,X,X,2,2,2,0,0,0,O,O,N,N,N,N,4.580473,0.20824604
a1673,TUBQOY,OCC1=CCCC1,CP(C)C,CP(C)C,C,Cl,X,2,1,1,1,1,0,P,P,Cl,O,C,C,88.492325,0.19452694
a1674,IHETUK,Oc1c(Cl)cc(Cl)cc1CNCC(O)O,Oc1c(Cl)cc(Cl)cc1CNCC(O)O,X,X,X,X,3,3,0,0,0,0,O,O,N,O,N,O,10.01029,0.18178067
a1675,HUTPER,C1CNCCN2CCCN(CCC2)CCNC1,NCS,NCS,X,X,X,4,1,1,0,0,0,N,N,N,N,N,N,165.15697,0.26233897
a1676,HUJSOW,COc1cccc(CNNC(O)c2ccccc2O)c1O,COc1cccc(CNNC(O)c2ccccc2O)c1O,X,X,X,X,3,3,0,0,0,0,N,N,O,O,O,O,-93.2326,0.08081142
a1680,LONCAS,OC(Nc1cc(Cl)c(Cl)cc1NC(O)c1ccccn1)c1ccccn1,CN,CN,X,X,X,4,1,1,0,0,0,N,N,N,N,C,C,23.85472,0.20305198
a1682,EWOPUB,NCCCNCc1ccccc1NC(O)C(O)Nc1ccccc1CNCCCN,X,X,X,X,X,6,0,0,0,0,0,N,N,N,N,N,N,45.861317,0.16936724
a1683,XOQSAX,CCc1ccc(COc2ccc(CNCCNCc3ccc(OCc4ccc(CC)cc4)cc3O)c(O)c2)cc1,CN(C)c1ccncc1,CN(C)c1ccncc1,X,X,X,4,1,1,0,0,0,O,O,N,N,N,N,84.1759,0.1578812
a1684,NIKSAD,Oc1ccccc1CNc1ccccc1NCc1ccccc1O,Nc1ccncc1,Nc1ccncc1,X,X,X,4,1,1,0,0,0,O,O,N,N,N,N,23.88983,0.23406206
a1685,MOKLON,Sc1ccccc1NCc1ccccn1,Sc1ccccc1NCc1ccccn1,X,X,X,X,3,3,0,0,0,0,S,S,N,N,N,N,-62.19,0.1078768
a1687,HORLEF,NCS,C1CNCCNCCCNCCNC1,NCS,X,X,X,1,4,1,0,0,0,N,N,N,N,N,N,55.868702,0.24338797
a1688,ECIXIY,Nc1ccccc1Nc1ccccc1NNc1ccccn1,Nc1ccccc1Nc1ccccc1NNc1ccccn1,X,X,X,X,3,3,0,0,0,0,N,N,N,N,N,N,6.088045,0.15600605
a1689,UCAMAO,CC(NO)C(C)NO,OC(O)c1ccncc1,CC(NO)C(C)NO,C,X,X,2,1,2,1,0,0,N,N,N,N,N,C,11.69948,0.10249969
a169,DOXQEP,CC(NO)C(C)NO,c1ccc(-c2ccncc2)cc1,c1ccc(-c2ccncc2)cc1,CC(NO)C(C)NO,X,X,2,1,1,2,0,0,N,N,N,N,N,N,20.653355,0.09343646
a1690,XIVBIN,CC(C)(C)c1cc(CNC2CCCCC2NCc2cc(C(C)(C)C)cc(C(C)(C)C)c2O)c(O)c(C(C)(C)C)c1,CC1NC1c1ccccc1,CC1NC1c1ccccc1,X,X,X,4,1,1,0,0,0,O,O,N,N,N,N,36.262596,0.22613385
a1691,UCABEH,CCOC(O)CC,CC(NO)C(C)NO,CC(NO)C(C)NO,CC(N)C1CCCCC1,X,X,1,2,2,1,0,0,N,N,N,N,N,C,14.537025,0.17093693
a1692,MELKET,NCS,CC(NO)C(C)NO,CC(NO)C(C)NO,N,X,X,1,2,2,1,0,0,N,N,N,N,N,N,14.342678,0.13243873
a1694,YIWCAK,COc1ccc(O)c(CNCCNCCO)c1,COc1ccc(O)c(CNCCNCCO)c1,X,X,X,X,3,3,0,0,0,0,O,O,N,N,N,N,34.265697,0.12538694
a1695,AFULIW,NCCCNCCNCCCN,NNN,NNN,X,X,X,4,1,1,0,0,0,N,N,N,N,N,N,73.28989,0.21468613
a1696,FUPGON,OC(O)CC(NCCNC(CC(O)O)C(O)O)C(O)O,X,X,X,X,X,6,0,0,0,0,0,O,O,N,O,O,N,-19.201216,0.087966345
a1697,BAXFAH,CC(NO)C(C)NO,CC(NO)C(C)NO,c1ccncc1,C[Si](C)(C)C,X,X,2,2,1,1,0,0,N,N,N,N,N,C,1.5556357,0.17928825
a1698,LIQDEU,CC(NNC(O)c1ccccc1O)c1cccc(C(C)NNC(O)c2ccccc2O)n1,c1ccncc1,c1ccncc1,X,X,X,4,1,1,0,0,0,O,N,N,N,N,N,41.214054,0.20182839
a1699,FELTIC,CC(C)(C)c1cc(CNN(c2ccccc2)c2ccccn2)c(O)c(C(C)(C)C)c1,CC(C)(C)c1cc(CNN(c2ccccc2)c2ccccn2)c(O)c(C(C)(C)C)c1,X,X,X,X,3,3,0,0,0,0,O,O,N,N,N,N,34.811737,0.19241479
a1700,REYFEI,NC1=CC=CC2=CC=CNC12,NC1=CC=CC2=CC=CNC12,BrC1=C(O)C(O)=C(Br)C(Br)=C1Br,X,X,X,2,2,2,0,0,0,N,O,N,N,O,N,45.791733,0.16261967
a1701,ENTXCO,OC(O)C(O)S,NCCN,NCCN,X,X,X,2,2,2,0,0,0,S,O,N,N,N,N,64.52761,0.12313019
a1702,DAJHOO,OC(Nc1ccc(N(O)O)c2cccnc12)c1ccccc1,CC(O)O,c1ccc(-c2ccccn2)nc1,X,X,X,3,1,2,0,0,0,N,C,N,O,N,N,40.59376,0.1674128
a1704,KIYSUG,CC(NO)C(C)NO,CC(NO)C(C)NO,Nc1ccccc1,C,X,X,2,2,1,1,0,0,N,N,N,N,N,C,8.137232,0.13556282
a1707,HINZAG,CC(NCCCNC(C)c1ccccc1O)c1ccccc1O,c1ccncc1,c1ccncc1,X,X,X,4,1,1,0,0,0,O,N,N,O,N,N,29.11094,0.13726337
a1708,AVUGEE,ON/C(C)=C(C)\NOC(C1=CC=CC=C1)(C2=CC=CC=C2)ON/C(C)=C(C)\NO,CCCCCN,c1ccncc1,X,X,X,4,1,1,0,0,0,N,N,N,N,N,C,28.92168,0.11637099
a1709,UMACIV,Cc1cccnc1NC(O)c1ccccn1,Cc1cccnc1NC(O)c1ccccn1,X,X,X,X,3,3,0,0,0,0,O,O,N,N,N,N,-3.0564668,0.15178353
a1710,SIVREW,CC(NNC(O)c1ccccc1)C(C)NNC(O)c1ccccc1,CC(NNC(O)c1ccccc1)C(C)NNC(O)c1ccccc1,X,X,X,X,3,3,0,0,0,0,N,N,N,N,O,O,-11.76013,0.14994392
a1712,KEYMEG,CC(NO)C(C)NO,CC(NO)C(C)NO,NCO,P(C1=CC=CC=C1)(C2=CC=CC=C2)C3=CC=CC=C3,X,X,2,2,1,1,0,0,N,N,N,N,N,P,4.4141273,0.14176172
a1714,CAWTEZ,Oc1ccccc1C(NCCNC(c1ccccc1O)C(O)O)C(O)O,X,X,X,X,X,6,0,0,0,0,0,O,O,O,O,N,N,36.370182,0.11160285
a1716,CORHUM,Oc1ccccc1CNc1ccccc1NCc1ccccc1O,c1ccncc1,CCN,X,X,X,4,1,1,0,0,0,O,O,N,N,N,C,8.1926365,0.16430855
a1717,ZERDOP,Nc1cc(O)nc(S)n1,NCCN,NCCN,X,X,X,2,2,2,0,0,0,S,N,N,N,N,N,94.91889,0.081539765
a1718,WIWXAB,CC1NOC(C2=CC=C(OC)C=C2)(C3=CC=C(OC)C=C3)ONC(C)C(C)NOC(C4=CC=C(OC)C=C4)(C5=CC=C(OC)C=C5)ONC1C,c1ccncc1,C,X,X,X,4,1,1,0,0,0,N,N,N,N,N,C,6.419512,0.21104105
a1719,FEVDOC,Oc1ccccc1CNNc1ccccn1,Oc1ccccc1CNNc1ccccn1,X,X,X,X,3,3,0,0,0,0,N,N,N,N,O,O,42.00841,0.16369632
a172,MAZYUL,O[S](C1=NC(C2=CC=CO2)=NN1)N[S](O)C3=NC(C4=CC=CO4)=NN3,c1cnc2c(c1)ccc1cccnc12,N,X,X,X,3,2,1,0,0,0,N,N,N,N,N,N,36.87679,0.15096596
a1720,PERNIM,Cc1ccc(O)c(CO)c1,Cc1ccc(O)c(C(O)O)c1,c1ccc(Nc2ccccn2)nc1,X,X,X,2,2,2,0,0,0,O,O,O,O,N,N,24.739676,0.25509933
a1722,CGLCOB,Cl,COP(OC)OC,CC(NO)C(C)NO,CC(NO)C(C)NO,X,X,1,1,2,2,0,0,Cl,P,N,N,N,N,8.05913,0.15923154
a1723,QUCPAF,COC(O)C1C(C2=C3C=CC(=N3)C(C3C(C(O)OC)C3(C)C)=C3C=CC(=N3)C(C3C(C(O)OC)C3(C)C)=C3C=CC(=N3)C(C3C(C(O)OC)C3(C)C)=C3C=CC2=N3)C1(C)C,CC(N)c1cccc2ccccc12,CC(N)c1cccc2ccccc12,X,X,X,4,1,1,0,0,0,N,N,N,N,N,N,14.85461,0.09548577
a1724,YAFPAY,Cc1ccc(O)c(CNCc2ccco2)c1,Cc1ccc(O)c(CNCc2ccco2)c1,Cc1ccc(O)c(CNCc2ccco2)c1,X,X,X,2,2,2,0,0,0,N,N,N,O,O,O,67.11754,0.19488053
a1725,BIWDER,OC(Nc1ccccn1)c1ccccn1,OC(Nc1ccccn1)c1ccccn1,OC(Nc1ccccn1)c1ccccn1,X,X,X,2,2,2,0,0,0,N,N,N,N,N,N,55.823685,0.20662077
a173,LUZYUD,O[P](O)(O)O,c1ccc(-c2ccccn2)nc1,c1ccc(-c2ccccn2)nc1,X,X,X,2,2,2,0,0,0,O,N,N,O,N,N,29.265474,0.12610593
a1731,NASPII,CC(O)O,Cc1cc(C)c(O)c(CNC2CCCCC2NCc2cc(C)cc(C)c2O)c1,CC(O)O,X,X,X,1,4,1,0,0,0,N,N,O,O,O,O,-64.827835,0.22251897
a1732,UGUCUU,SC1=CC=CCN1O,SC1=CC=CCN1O,SC1=CC=CCN1O,X,X,X,2,2,2,0,0,0,S,S,S,O,O,O,96.5565,0.08575248
a1733,JENCEK,OC(O)CCN(CCN(CCC(O)O)CC(O)O)CC(O)O,X,X,X,X,X,6,0,0,0,0,0,O,O,O,O,N,N,-62.911655,0.23956619
a1735,BAYNIA,OC(O)C(O)O,OC(O)C(O)O,NCCN,X,X,X,2,2,2,0,0,0,O,O,O,O,N,N,79.9796,0.19203556
a1736,COFRIA,C1(/CN=CC=C1)=C(C2=CC=CN2)/C3=CC=CN3,C1(/CN=CC=C1)=C(C2=CC=CN2)/C3=CC=CN3,CC(O)CC(C)O,X,X,X,2,2,2,0,0,0,N,N,O,O,N,N,138.50342,0.132485
a1737,KAYPEH,c1ccc(CNCCCCNCc2ccccn2)nc1,NNN,NNN,X,X,X,4,1,1,0,0,0,N,N,N,N,N,N,55.944412,0.18640365
a1741,MICPIZ,CC(O)CC(C)NCCNC(C)CC(C)O,c1ccncc1,c1ccncc1,X,X,X,4,1,1,0,0,0,O,N,O,N,N,N,33.473606,0.084797315
a1742,DUGDEQ,OC(NC(O)c1ncccn1)c1ncccn1,OC(NC(O)c1ncccn1)c1ncccn1,X,X,X,X,3,3,0,0,0,0,N,N,N,N,N,N,12.515682,0.09278367
a1743,ZAJGUP,CSC(NCC=C)NN/C=C1C=CCC=C/1O,CSC(NCC=C)NN/C=C1C=CCC=C/1O,X,X,X,X,3,3,0,0,0,0,N,N,O,N,N,O,34.253956,0.20838217
a1744,QESTUE,Cc1nc(C)c(C(C)O)c(S)n1,Cc1nc(C)c(C(C)O)c(S)n1,Cc1nc(C)c(C(C)O)c(S)n1,X,X,X,2,2,2,0,0,0,S,N,S,N,S,N,-51.289097,0.0895296
a1745,NOGXAJ,OC(O)(c1ccccn1)c1ccccn1,OC(O)(c1ccccn1)c1ccccn1,X,X,X,X,3,3,0,0,0,0,O,O,N,N,N,N,-6.7685604,0.16494821
a1746,BUWNUE,Cc1ncc(CO)c(CNNC(N)N)c1O,N,N,N,X,X,3,1,1,1,0,0,N,N,N,N,O,N,23.887793,0.14342257
a1747,XEPQOA,Sc1ccccn1,Sc1ccccn1,Sc1ccccn1,Sc1ccccn1,C,X,1,1,1,2,1,0,S,N,N,N,N,C,-28.578619,0.018646136
a1748,ICAGEB,C1(CNCC2=NN=NN2)=NN=NN1,C1(CNCC2=NN=NN2)=NN=NN1,X,X,X,X,3,3,0,0,0,0,N,N,N,N,N,N,85.22402,0.07358965
a1749,FAGZUL,c1ccc2[nH]c(NNNc3nc[nH]n3)nc2c1,c1ccc2[nH]c(NNNc3nc[nH]n3)nc2c1,X,X,X,X,3,3,0,0,0,0,N,N,N,N,N,N,50.203205,0.13006948
a1751,NILVIN,c1ccc(-c2ccccn2)nc1,c1ccncc1,NNN,NNN,NNN,X,2,1,1,1,1,0,N,N,N,N,N,N,41.44827,0.19556057
a1752,XOLJEQ,COc1cccc(CNCc2ccco2)c1O,COc1cccc(CNCc2ccco2)c1O,COc1cccc(CNCc2ccco2)c1O,X,X,X,2,2,2,0,0,0,N,N,N,O,O,O,-29.948824,0.10624231
a1753,UBUMUC,CC(NO)C(C)NO,CC(NO)C(C)NO,CCCCN,CC(C)(C)c1cc(CNc2cccnc2)c(O)c(C(C)(C)C)c1,X,X,2,2,1,1,0,0,C,N,N,N,N,N,8.375086,0.20469995
a1754,QISJIM,OC(Nc1ccccc1S)c1cnccn1,OC(Nc1ccccc1S)c1cnccn1,CCC,X,X,X,3,2,1,0,0,0,S,N,N,N,N,C,21.779396,0.23538907
a1755,VOPLUH,c1ccc(CNC2CCCCC2NCc2ccccn2)cc1,NCC(O)NCC(O)O,X,X,X,X,3,3,0,0,0,0,N,N,N,N,N,O,-44.473904,0.22542807
a1756,GEMMUG,CC(NO)C(C)NCCCNC(C)C(C)NO,Cc1cc2ncn(C)c2cc1C,CC,X,X,X,4,1,1,0,0,0,N,N,N,N,N,C,24.663391,0.1597206
a1757,REYDUW,C1(/C=CC=CN1)=C2C=CC=CN/2,C1(/C=CC=CN1)=C2C=CC=CN/2,BrC1=C(O)C(O)=C(Br)C(Br)=C1Br,X,X,X,2,2,2,0,0,0,O,O,N,N,N,N,13.98881,0.1830948
a1758,GAKMIO,OC(NCCc1c[nH]cn1)c1ccccn1,OC(NCCc1c[nH]cn1)c1ccccn1,X,X,X,X,3,3,0,0,0,0,N,N,N,N,N,N,-9.47143,0.1983007
a1759,FEKJEL,NCCNC(CC(O)O)C(O)O,c1ccc(-c2ccccn2)nc1,X,X,X,X,4,2,0,0,0,0,O,O,N,N,N,N,-12.666117,0.056691796
a1760,COLXOQ,CC(NO)C(C)NO,CC(NO)C(C)NO,CCOC(O)CCC(O)OCC,CC(N)c1ccccc1,X,X,2,2,1,1,0,0,N,N,N,N,N,C,12.198809,0.15725704
a1761,DISDOA,Cc1cc(NC(O)c2ccccn2)c(NC(O)c2ccccn2)cc1C,C1COCCN1,NNN,X,X,X,4,1,1,0,0,0,N,N,N,N,N,N,24.915066,0.21173723
a1762,BIFTIU,C1(CNCCCNCCNCCNCC2=CN=CN2)=CN=CN1,X,X,X,X,X,6,0,0,0,0,0,N,N,N,N,N,N,37.638874,0.092655815
a1763,SACVUQ,Oc1ccc(C(O)O)cc1CNc1cccc2cccnc12,Oc1ccc(C(O)O)cc1CNc1cccc2cccnc12,X,X,X,X,3,3,0,0,0,0,O,O,N,N,N,N,-16.162943,0.18042989
a1766,HUBQUR,NCCN(CCN)CCN,Sc1ccccc1S,X,X,X,X,4,2,0,0,0,0,N,N,N,N,S,S,92.0904,0.19780615
a1767,LAPNIZ,Oc1ccccc1CNCCNCc1ccccc1O,c1ccncc1,CC(C)C,X,X,X,4,1,1,0,0,0,O,O,N,N,N,C,13.486736,0.19929643
a1768,HIPBOY,Clc1ccc(NNc2ccccc2NCc2ccccn2)cc1,Clc1ccc(NNc2ccccc2NCc2ccccn2)cc1,X,X,X,X,3,3,0,0,0,0,N,N,N,N,N,N,-32.664345,0.1489307
a1769,MTHCCO,CN(C)C(S)S,CN(C)C(S)S,CN(C)C(S)S,X,X,X,2,2,2,0,0,0,S,S,S,S,S,S,87.12012,0.1381947
a1770,BEBQUV,NCCCNCCNCCCN,NCS,NCS,X,X,X,4,1,1,0,0,0,N,N,N,N,N,N,78.985886,0.2262439
a1771,XUJXUV,CC(CP(C)C)(CP(C)C)CP(C)C,CC(O)CC(C)O,Cl,X,X,X,3,2,1,0,0,0,Cl,P,P,P,O,O,25.287441,0.3224384
a1772,RUHCON,NNN,NCCN,NCCN,C,X,X,1,2,2,1,0,0,N,N,N,N,N,C,96.22511,0.08715945
a1773,ZAZROK,CO,Cc1ccccc1C(O)Nc1cccc2cccnc12,Cc1ccccc1C(O)Nc1cccc2cccnc12,X,X,X,1,2,3,0,0,0,O,N,N,N,N,C,12.959438,0.23431997
a1774,CENCOS,Cl,Cl,NCCN,NCCN,X,X,1,1,2,2,0,0,Cl,Cl,N,N,N,N,108.58185,0.10642437
a1776,AZMTCO,CC1CCNCCNC(C)CCNCCN1,NNN,NNN,X,X,X,4,1,1,0,0,0,N,N,N,N,N,N,32.907696,0.2033473
a1778,ZUZJEJ,CC(NO)C(C)NO,CC(NO)C(C)NO,CCCOC(O)CCC(O)OCCC,CC(N)c1ccccc1,X,X,2,2,1,1,0,0,N,N,N,N,N,C,5.8159504,0.15462562
a1779,LITGEA,OC(Nc1ccccc1S)c1ccccn1,OC(Nc1ccccc1S)c1ccccn1,X,X,X,X,3,3,0,0,0,0,S,S,N,N,N,N,-21.563711,0.12361931
a178,TIFSOR,Cc1nc(SC)nc(CNNC(SCC2=CC=CC=C2)S)c1,Cc1nc(SC)nc(CNNC(SCC2=CC=CC=C2)S)c1,X,X,X,X,3,3,0,0,0,0,S,S,N,N,N,N,-0.47029096,0.16931786
a1780,HERHAN,Cl,O,NCCN(CCN)CC(O)O,X,X,X,1,1,4,0,0,0,Cl,O,O,N,N,N,21.776428,0.24050248
a1781,UGUHUB,CC(NNC(S)Nc1ccccc1)c1cnccn1,CC(NNC(S)Nc1ccccc1)c1cnccn1,X,X,X,X,3,3,0,0,0,0,S,S,N,N,N,N,27.71021,0.071075775
a1782,JIZTIX,FC(N1C/2=C(C)C(Br)=C1C)(F)N3C(C2=C4C=CNC=C/4)=C(C)C(Br)=C3C,Cl,CC(NO)C(C)NO,CC(NO)C(C)NO,X,X,1,1,2,2,0,0,Cl,N,N,N,N,N,30.313305,0.24041171
a1783,HEQZAH,C1(CNCCNCC2C=CC=CN2)=CC=CCN1,O=C1C=CC2=CC(O)=C(O)C=C2O1,X,X,X,X,4,2,0,0,0,0,N,N,N,N,O,O,60.693348,0.2088297
a1784,QAMGAO,COc1ccc(CNCCNC(C)C)c(O)c1,COc1ccc(CNCCNC(C)C)c(O)c1,X,X,X,X,3,3,0,0,0,0,N,N,N,N,O,O,80.964264,0.1797006
a1785,XIZTUY,BrC1=C(O)C(O)=C(Br)C(Br)=C1Br,NCCN,NCCN,X,X,X,2,2,2,0,0,0,O,O,N,N,N,N,77.32408,0.1277728
a1786,FAGXUG,ONO,NCCN,NCCN,ONO,X,X,1,2,2,1,0,0,N,N,N,N,N,N,122.00473,0.0907053
a1788,XOZMAA,C,CC(NO)C(C)NCc1ccccn1,CC(NO)C(C)NCc1ccccn1,X,X,X,1,3,2,0,0,0,C,N,N,N,N,N,2.2792456,0.13821998
a1789,SIQHAE,NCS,NCS,CCOc1cccc(CNCCCNCCCN(C)C)c1O,X,X,X,1,1,4,0,0,0,O,N,N,N,N,N,77.60799,0.22512475
a179,RESMUB,OC1=CC=C(Cl)C/C1=C/NCCN2CCOCC2,OC1=CC=C(Cl)C/C1=C/NCCN2CCOCC2,O,X,X,X,2,3,1,0,0,0,O,O,O,N,N,N,45.48499,0.15928568
a1790,SIWYUT,NCCN,NCCN,ONO,ONO,X,X,2,2,1,1,0,0,N,N,N,N,N,N,122.00473,0.09070528
a1791,TUZXUJ,ONC(c1ccccc1)C(NO)c1ccccc1,ONC(c1ccccc1)C(NO)c1ccccc1,CC,c1ccncc1,X,X,2,2,1,1,0,0,N,N,N,N,C,N,18.06793,0.13933049
a1792,VOYFOG,Cc1cc(C)c(O)c(CN(Cc2cc(C)cc(C)c2O)Cc2cc(C)cc(C)c2O)c1,c1ccc(-c2ccccn2)nc1,X,X,X,X,4,2,0,0,0,0,N,N,N,O,O,O,-32.895756,0.13895033
a1793,CIFTAO,CC(NNC(N)O)c1ccccn1,CC(NNC(N)O)c1ccccn1,X,X,X,X,3,3,0,0,0,0,N,N,O,O,N,N,14.664133,0.15288602
a1794,ZIDWOA,ClC(C=C1)=CC=C1C2=NNN=N2,ClC(C=C1)=CC=C1C2=NNN=N2,NCCN,NCCN,X,X,1,1,2,2,0,0,N,N,N,N,N,N,89.4076,0.08275995
a1795,OFIJUK,Oc1ccccc1CNCCNCc1ccccc1O,Oc1ccccc1CNCCNCc1ccccc1O,X,X,X,X,3,3,0,0,0,0,N,N,O,N,N,O,61.40915,0.14277601
a1796,ZEDGIY,OC(O)CCNCCNCCC(O)O,NCCN,X,X,X,X,4,2,0,0,0,0,O,O,N,N,N,N,-3.6333559,0.16669878
a1797,FUVDAB,CC(NO)C(C)NO,CC(NO)C(C)NO,Nc1ccccc1,CCC,X,X,2,2,1,1,0,0,N,N,N,N,N,C,8.378891,0.15602098
a1799,HUKKOP,CCOc1cccc(CNCCNCc2cccc(OCC)c2O)c1O,NCS,O,X,X,X,4,1,1,0,0,0,N,N,N,O,O,O,-11.255995,0.17438228
a18,APOKIC,Cl,CC(NO)C(C)NO,CC(NO)C(C)NO,OC(O)CCc1ccncc1,X,X,1,2,2,1,0,0,Cl,N,N,N,N,N,10.355688,0.11428922
a180,IVIPAH,OC(NNCc1ccccn1)c1ccccn1,OC(NNCc1ccccn1)c1ccccn1,OC(NNCc1ccccn1)c1ccccn1,X,X,X,2,2,2,0,0,0,N,N,N,N,N,N,59.618767,0.17532593
a1801,UMAZEO,C1(N/C=C2C(C3=CN\2)=C(C=CC=C4)C4=C5C3=CC=CC5)=CC=CC=C1,C1(N/C=C2C(C3=CN\2)=C(C=CC=C4)C4=C5C3=CC=CC5)=CC=CC=C1,C1(N/C=C2C(C3=CN\2)=C(C=CC=C4)C4=C5C3=CC=CC5)=CC=CC=C1,X,X,X,2,2,2,0,0,0,N,N,N,N,N,N,87.02765,0.15086673
a1802,UBUBEY,CC(C)(C)c1cc(CN2CCN(CC(O)O)CCN(CC(O)O)CC2)c(S)c(C(C)(C)C)c1,X,X,X,X,X,6,0,0,0,0,0,S,O,O,N,N,N,49.48601,0.22745872
a1803,TASDUM,OC(O)CN1CCCNCCNCCCN(CC(O)O)CC1,X,X,X,X,X,6,0,0,0,0,0,O,O,N,N,N,N,-60.9892,0.18243898
a1804,WEYVAX,NCCNCC(CNCCN)C(O)O,Cl,X,X,X,X,5,1,0,0,0,0,N,N,N,N,O,Cl,84.401024,0.2000319
a1805,HATBEL,Cl,Cl,C12=C(NC3=C4C(/C(N3)=N/C(N/C5=N\C6=C7C(/C(N6)=N/8)=C(C9=CC=CC=C9)C=C/C7=C%10CC=CC=C/%10)=C%11C5=C(C%12=CC=CC=C%12)C=C/C%11=C%13C=CC=CC/%13)=C(C%14=CC=CC=C%14)C=C/C4=C%15CC=CC=C/%15)NC8=C1C(C%16=CC=CC=C%16)=CC=C2C%17=CC=CC=C%17,X,X,X,1,1,4,0,0,0,Cl,Cl,N,N,N,N,77.73783,0.20248747
a1806,TAXLAI,CCc1c(F)c(F)c(F)c(F)c1F,C1CNCCNCCCNCCNC1,CCc1c(F)c(F)c(F)c(F)c1F,X,X,X,1,4,1,0,0,0,N,C,N,N,N,C,29.730766,0.10158174
a1807,ZEQLUE,PONC(CCCC1)=C1NO,ONC(CCCC1)=C1NO,P(C1=CC=CC=C1)(C2=CC=CC=C2)C3=CC=CC=C3,P(C1=CC=CC=C1)(C2=CC=CC=C2)C3=CC=CC=C3,X,X,2,2,1,1,0,0,P,N,N,P,N,N,-6.965601,0.1957244
a1808,IMIQEA,OC(O)CCN(CCN(CCC(O)O)CC(O)O)CC(O)O,X,X,X,X,X,6,0,0,0,0,0,N,N,O,O,O,O,62.332,0.08246908
a181,UCUZIF,CCc1c(F)c(F)c(F)c(F)c1F,CC1=NCCCN=C(C)C(C)=NCCCN=C1C,CCc1ccccc1,X,X,X,1,4,1,0,0,0,N,N,N,N,C,C,48.99402,0.18128327
a1810,VAWGIL,OC(NC(O)c1ccccn1)c1ccccn1,OC(NC(O)c1ccccn1)c1ccccn1,X,X,X,X,3,3,0,0,0,0,N,N,N,N,N,N,-32.73823,0.20179549
a1814,HOSLAE,SOC(C(N)C(C)(S)C)=O,c1ccc(CNCc2ccccn2)nc1,X,X,X,X,3,3,0,0,0,0,S,O,N,N,N,N,-8.494612,0.18585357
a1815,QUNKOZ,ONC(c1ccccc1)C(NO)c1ccccc1,CC(NO)C(C)NO,c1ccncc1,NNN,X,X,2,2,1,1,0,0,N,N,N,N,N,N,5.4213905,0.15061194
a1816,OGEBUZ,ClC1=CNC=C/C1=C2C3=C(C)C=C(C)N3C(F)(F)N4C/2=C(C)C=C4C,Cl,CC(NO)C(C)NO,CC(NO)C(C)NO,X,X,1,1,2,2,0,0,Cl,N,N,N,N,N,13.69372,0.17805827
a1817,QOPGAF,CC(NCCNCCNCCNC(C)c1ccccc1O)c1ccccc1O,X,X,X,X,X,6,0,0,0,0,0,O,O,N,N,N,N,45.531387,0.06472999
a1819,EZOHEG,NC(Cc1ccc(O)cc1)C(O)O,COc1ccc(C)cc1C(C)NCCNC(C)c1cc(C)ccc1O,X,X,X,X,2,4,0,0,0,0,O,N,O,N,C,N,-6.761671,0.1823539
a1820,IPITOQ,Cl,Cl,NCCCN(Cc1ccccn1)Cc1ccccn1,X,X,X,1,1,4,0,0,0,Cl,Cl,N,N,N,N,61.19951,0.20951372
a1821,KUHRIQ,COc1cccc(CNCCNCc2cccc(OC)c2O)c1O,CC(O)CC(C)O,X,X,X,X,4,2,0,0,0,0,N,N,O,O,O,O,2.3469718,0.115854695
a1822,VISROG,CC(NNC(N)S)c1ccccn1,CC(NNC(N)S)c1ccccn1,X,X,X,X,3,3,0,0,0,0,S,S,N,N,N,N,52.175457,0.023107216
a1823,DUXFAD,CC(N/N=C(SC)/S)C,CC(N/N=C(SC)/S)C,CC(N/N=C(SC)/S)C,X,X,X,2,2,2,0,0,0,S,N,S,N,S,N,35.0058,0.184857
a1824,IPOVIS,CC(C)CC(C(O)O)N(CCc1ccccn1)CC(O)O,NC(Cc1ccccc1)C(O)O,X,X,X,X,4,2,0,0,0,0,O,O,O,N,N,N,-2.2456644,0.17006975
a1825,FUVCOO,CC(NO)C(C)NO,CC(NO)C(C)NO,Nc1ccccc1,CC,X,X,2,2,1,1,0,0,N,N,N,N,N,C,8.908979,0.14351204
a1830,KUCCAM,CC(O)C(C(C)O)N(O)O,CC(O)CC(C)O,CC(O)CC(C)O,X,X,X,2,2,2,0,0,0,O,O,O,O,O,O,100.23949,0.09078067
a1831,SASJUS,CC(NO)C(C)NO,CC(NO)C(C)NO,O,CCCCC,X,X,2,2,1,1,0,0,N,O,N,C,N,N,11.148655,0.17092569
a1833,HUHYEP,Oc1ccccc1CNCCc1ccccn1,Oc1ccccc1CNCCc1ccccn1,X,X,X,X,3,3,0,0,0,0,O,N,N,O,N,N,29.612167,0.2043105
a1834,OLOMEH,OCCNCCNCc1ccccc1O,OCCNCCNCc1ccccc1O,X,X,X,X,3,3,0,0,0,0,N,N,N,N,O,O,32.059906,0.18792877
a1835,LEHVEA,Oc1ccccc1CNCCNCCNCCNCc1ccccc1O,X,X,X,X,X,6,0,0,0,0,0,N,N,N,N,O,O,-4.5953083,0.15485139
a1836,KAGNEO,CC(C(O)Nc1cccc2cccnc12)N(C)CCN(C)C(C)C(O)Nc1cccc2cccnc12,X,X,X,X,X,6,0,0,0,0,0,N,N,N,N,N,N,0.55185145,0.21019815
a1838,YUKBOW,Cl,Cl,CC(CNO)NCCCNC(C)CNO,X,X,X,1,1,4,0,0,0,Cl,Cl,N,N,N,N,64.549736,0.19461788
a1839,FOJKEX,FC1=C(F)C(/C(C2=C(C(F)(F)F)C=C(C3=CC(C(F)(F)F)=C(/C4=C5C(F)=C(F)C(F)=C(F)C\5F)N3)N2)=C6C=C/C(N\6)=C(C7=C(F)C(F)=C(F)C(F)=C7F)/C8=CC=C4N8)=C(F)C(F)=C1F,c1ccncc1,c1ccncc1,X,X,X,4,1,1,0,0,0,N,N,N,N,N,N,37.699863,0.12904178
a184,NIHBOZ,Cl,Oc1ccc2ccccc2c1CNc1ccccc1NCc1c(O)ccc2ccccc12,CN(C)CO,X,X,X,1,4,1,0,0,0,Cl,O,N,O,N,O,-25.611944,0.22800674
a1840,BAYNAS,OC(O)C(O)O,OC(O)C(O)O,NCCN,X,X,X,2,2,2,0,0,0,O,O,O,O,N,N,79.9796,0.19203556
a1841,HEWDOE,CN(CCCNCc1ccccc1O)CCCNCc1ccccc1O,NNN,X,X,X,X,5,1,0,0,0,0,O,O,N,N,N,N,34.772335,0.12613003
a1842,OHIZEK,c1ccc(-c2ccccn2)nc1,c1ccc(-c2ccccn2)nc1,Cc1ccccc1,Cc1ccccc1,X,X,2,2,1,1,0,0,N,N,N,N,C,C,112.04434,0.09800509
a1846,WENYOE,CCNCCNCc1cc(N(O)O)ccc1O,CCNCCNCc1cc(N(O)O)ccc1O,X,X,X,X,3,3,0,0,0,0,O,N,N,O,N,N,50.91042,0.14501956
a1848,ORECIY,Cc1cc(C)cc(SC(NO)C(NO)Sc2cc(C)cc(C)c2)c1,Cc1cc(C)cc(SC(NO)C(NO)Sc2cc(C)cc(C)c2)c1,c1ccncc1,Cc1ccccc1,X,X,2,2,1,1,0,0,N,N,N,N,N,C,-21.231451,0.2208373
a185,NEYRIW,OC(NNCc1c[nH]cn1)c1ccccn1,OC(NNCc1c[nH]cn1)c1ccccn1,X,X,X,X,3,3,0,0,0,0,N,N,N,N,N,N,13.809114,0.09298767
a1850,SURLUO,C1(C2=NNC(C3=CC=CCN3)=N2)=CC=CC=C1,C1(C2=NNC(C3=CC=CCN3)=N2)=CC=CC=C1,C1(C2=NNC(C3=CC=CCN3)=N2)=CC=CC=C1,X,X,X,2,2,2,0,0,0,N,N,N,N,N,N,-38.7534,0.2485243
a1851,RUSLOH,CC(CC(O)c1ccccc1)NCc1ccccn1,CC(O)CC(O)c1ccccc1,NNN,X,X,X,3,2,1,0,0,0,N,N,N,O,O,O,-4.872717,0.11222711
a1852,BEPQOF,CC(c1ccccn1)(c1ccccn1)c1cc(C(O)O)cc(C(C)(c2ccccn2)c2ccccn2)n1,O,X,X,X,X,5,1,0,0,0,0,N,N,N,N,N,O,-86.2868,0.29371276
a1854,XAMTUD,CC(NNC(S)Nc1ccccc1)c1ccccn1,CC(NNC(S)Nc1ccccc1)c1ccccn1,X,X,X,X,3,3,0,0,0,0,N,N,N,N,S,S,28.717154,0.121560395
a1855,YIWTAC,CN(C)CCCNCCCNCc1ccccc1O,OCc1ccccc1O,X,X,X,X,4,2,0,0,0,0,O,O,O,N,N,N,-0.7033804,0.17876267
a1856,LAVLAV,CC(NO)C(C)NO,CC(NO)C(C)NO,CCCN,CC(N)c1ccccc1,X,X,2,2,1,1,0,0,N,N,N,N,N,C,3.309563,0.16106406
a1857,DETBOW,FC(F)C(F)(F)F,CC(NO)C(C)NO,CC(NO)C(C)NO,CN,X,X,1,2,2,1,0,0,C,N,N,N,N,N,14.774742,0.11866259
a1858,VUFPET,CP(C)C,CP(C)C,CC(O)CC(C)O,c1ccc(CNc2cccc3ccccc23)cc1,X,X,1,1,2,2,0,0,P,P,O,O,C,C,45.61413,0.07426417
a1859,WIWWUU,CC1C(C)NOC(C2=CC=C(Cl)C=C2)(C3=CC=C(Cl)C=C3)ONC(C)C(C)NOC(C4=CC=C(Cl)C=C4)(C5=CC=C(Cl)C=C5)ON1,c1ccncc1,C,X,X,X,4,1,1,0,0,0,N,N,N,N,N,C,21.435377,0.13892059
a1860,REJDOB,COc1cc(CNC2CCCCC2NCc2cc(OC)cc(C(C)(C)C)c2O)c(O)c(C(C)(C)C)c1,Cn1ccnc1,Cn1ccnc1,X,X,X,4,1,1,0,0,0,O,N,O,N,N,N,35.005413,0.17221022
a1861,SUMLES,Oc1ccccc1C(O)NNCc1cccs1,Oc1ccccc1C(O)NNCc1cccs1,Oc1ccccc1C(O)NNCc1cccs1,X,X,X,2,2,2,0,0,0,N,N,N,O,O,O,-43.127346,0.20153143
a1862,VIMQAJ,CC(C)C(C)NCCCNCCCNC(C)C(C)C,NCS,S,S,X,X,3,1,1,1,0,0,S,S,N,N,N,N,49.86002,0.15967104
a1863,HEDVER,Cl,Cl,c1ccncc1,c1ccncc1,c1ccncc1,c1ccncc1,1,1,1,1,1,1,Cl,Cl,N,N,N,N,89.69022,0.062312804
a1864,DIFTER,CNC(S)NNC(N)c1ccccn1,CNC(S)NNC(N)c1ccccn1,X,X,X,X,3,3,0,0,0,0,S,S,N,N,N,N,96.63673,0.014062136
a1865,AZAYOQ,OC(O)CC(NCCNC(CC(O)O)C(O)O)C(O)O,X,X,X,X,X,6,0,0,0,0,0,O,O,N,N,O,O,-19.201208,0.08796636
a1866,RUHCUT,CN,C1CNCCNCCCNCCNC1,C,X,X,X,1,4,1,0,0,0,N,N,N,N,C,C,87.114586,0.20958856
a1868,FOPRUY,CC(NO)C(NCc1ccccc1N)c1ccccc1,CC(NO)C(NCc1ccccc1N)c1ccccc1,X,X,X,X,3,3,0,0,0,0,N,N,N,N,N,N,40.055843,0.15070689
a187,MUBBET,CC(NO)C(C)NO,CC(NO)C(C)NO,OC(CCCc1ccc2ccc3cccc4ccc1c2c34)NCc1ccncc1,Cl,X,X,2,2,1,1,0,0,Cl,N,N,N,N,N,31.569529,0.16894889
a1870,SICCEP,O/C=C1C=CCN\1,O/C=C1C=CCN\1,CP(C)C,CP(C)C,X,X,2,2,1,1,0,0,P,O,N,P,O,N,64.74358,0.16495104
a1871,ABASEE,CC(NCCN1CCOCC1)c1ccccn1,NNN,NNN,NNN,X,X,3,1,1,1,0,0,N,N,N,N,N,N,72.29842,0.22332132
a1873,VEMPUZ,C12=CC=CC=C1/C(N/C2=N\C3=C4C(C=CC=C4)C56N3)=N/C7=C(C=CC=C8)C8C(/N=C9C%10=CC=CC=C%10/C(N/9)=N\5)(/N=C%11C%12=CC=CC=C%12/C(N/%11)=N\6)N7,CO,X,X,X,X,5,1,0,0,0,0,N,N,N,N,N,O,4.3181114,0.1477456
a1875,LOMMAB,CC(C)(C)C(O)O,CCCN,CCCNCCCNCCC,CC(C)(C)C(O)O,CCCN,X,1,1,2,1,1,0,O,N,N,O,N,N,-35.575275,0.32906905
a1877,SASTUE,O/C(C1=CC=C(Cl)C=C1)=N/N/C(C)=C2C=C(C=C3)C(OC/2O)=CC3=O,NCCNCCN,X,X,X,X,3,3,0,0,0,0,O,O,N,N,N,N,24.963657,0.19711347
a1878,GAVYOS,OC(Nc1cccc(Cl)c1)c1ccccn1,OC(Nc1cccc(Cl)c1)c1ccccn1,OC(Nc1cccc(Cl)c1)c1ccccn1,X,X,X,2,2,2,0,0,0,N,N,N,N,N,N,-13.579897,0.16913389
a188,TAPNIL,OC(NNCc1ccccn1)c1cc(Cl)ccn1,OC(NNCc1ccccn1)c1cc(Cl)ccn1,X,X,X,X,3,3,0,0,0,0,N,N,N,N,N,N,30.235962,0.17463891
a1880,YACFIR,Oc1ccnc(S)n1,NCCN,NCCN,X,X,X,2,2,2,0,0,0,S,N,N,N,N,N,98.313126,0.0383358
a1881,ICICUT,Cl,NC1=C2C(NC=N2)=NC=N1,NCCN,NCCN,X,X,1,1,2,2,0,0,Cl,N,N,N,N,N,48.67869,0.07712803
a1883,WIMHIK,C1=CC2=C(c3ccccc3)C3=NC(=C(c4ccccc4)C4=NC(=C(c5ccccc5)C5=NC(=C(c6ccccc6)C1=N2)C=C5)C=C4)C=C3,NCc1ccccc1,NCc1ccccc1,X,X,X,4,1,1,0,0,0,N,N,N,N,N,N,137.33409,0.13416684
a1884,ACAQIE,NC(O)CCN(CC(O)O)CC(O)O,c1cnc2c(c1)ccc1cccnc12,O,X,X,X,3,2,1,0,0,0,N,N,N,O,O,O,58.946884,0.09377487
a1885,PODWAG,CC(O)CC(C)O,CC(O)CC(C)O,NCCN,X,X,X,2,2,2,0,0,0,O,O,O,O,N,N,81.85672,0.12793477
a189,LEKZOU,Oc1c(CNCCCNCc2c(O)cc(Br)cc2)ccc(Br)c1,OCc1c(O)cc(Br)cc1,X,X,X,X,4,2,0,0,0,0,O,O,O,O,N,N,20.28175,0.16183856
a1891,FIRPEE,COc1ccc(C(O)NNCc2ccccn2)cc1,COc1ccc(C(O)NNCc2ccccn2)cc1,X,X,X,X,3,3,0,0,0,0,N,N,N,N,O,O,24.879662,0.1740155
a1892,PAGLUH,Oc1ccc(Cl)c2cccnc12,Oc1ccc(Cl)c2cccnc12,Oc1ccc(Cl)c2cccnc12,X,X,X,2,2,2,0,0,0,O,N,O,O,N,N,18.435516,0.32300815
a1893,REYFOS,CC(CN)(CN)C,CC(CN)(CN)C,BrC1=C(Br)C(Br)=C(Br)C(O)=C1O,X,X,X,2,2,2,0,0,0,O,O,N,N,N,N,20.562256,0.18452007
a1894,TAXFOP,c1ccc2c(c1)C1=NC2=NC2=NC(=NC3=NC(=NC4=NC(=N1)c1ccccc14)c1ccccc13)c1ccccc12,CN,CN,X,X,X,4,1,1,0,0,0,N,N,C,N,N,C,58.840355,0.10134117
a1895,AQENIV,Oc1ccc(Cl)cc1CNc1cccnc1,CC(NO)C(C)NO,CC(NO)C(C)NO,CCCN,X,X,1,2,2,1,0,0,N,N,N,N,N,C,13.032488,0.13985208
a1896,RICSUR,FC1(F)ON/C(C)=C(C)\NOC(F)(F)ON/C(C)=C(C)\NO1,O,C,X,X,X,4,1,1,0,0,0,N,N,N,N,O,C,40.8018,0.13076605
a1897,NEJCAH,CN(C)C(S)NC(O)c1ccccc1Cl,CN(C)C(S)NC(O)c1ccccc1Cl,CN(C)C(S)NC(O)c1ccccc1Cl,X,X,X,2,2,2,0,0,0,S,S,S,O,O,O,75.48717,0.13858639
a1898,JINCUE,CC(NO)C(C)NO,CC(NO)C(C)NO,COC(O)CCC(O)OC,CC(N)c1ccccc1,X,X,2,2,1,1,0,0,N,N,N,N,C,N,9.04306,0.16084194
a1899,NITCEY,OC(O)CN1CCN(CC(O)O)CCN(CC(O)O)CC1,X,X,X,X,X,6,0,0,0,0,0,O,N,O,N,O,N,-156.53922,0.25429052
a19,ONIWOA,CC(C)(C)C(O)CC(O)C(C)(C)C,COC(O)C(Cc1ccc(N(O)O)cc1)NC(O)c1ccccn1,CO,X,X,X,2,3,1,0,0,0,O,O,O,N,N,C,68.326546,0.2141642
a190,URUHOH,ONc1ccc2ccccc2c1O,ONc1ccc2ccccc2c1O,ONc1ccc2ccccc2c1O,X,X,X,2,2,2,0,0,0,N,N,N,O,O,O,-70.16681,0.16576822
a1900,ZOMPOI,COC(O)c1ccc(C(O)NCCN(CCNC(O)c2ccc(C(O)OC)cn2)CCNC(O)c2ccc(C(O)OC)cn2)nc1,X,X,X,X,X,6,0,0,0,0,0,N,N,N,N,N,N,45.88499,0.10784919
a1901,IKERUL,NCCN(CCN)CCN,NNN,NNN,X,X,X,4,1,1,0,0,0,N,N,N,N,N,N,96.07527,0.23428297
a1902,BEVCAG,NCC(O)O,NCC(O)O,NCC(O)O,X,X,X,2,2,2,0,0,0,O,O,O,N,N,N,-54.388126,0.26231557
a1903,GUQVOD,CC(NO)C(C)NO,CC(NO)C(C)NO,CCC(O)N(C)C,CC(N)c1ccccc1,X,X,2,2,1,1,0,0,N,N,N,N,N,C,1.9380534,0.16699615
a1905,HOVHUX,Oc1ccccc1CNc1ccccc1O,Oc1ccccc1CNc1ccccc1O,X,X,X,X,3,3,0,0,0,0,O,O,O,O,N,N,-24.240858,0.17288177
a1906,NOCJOE,CC(C)(C)N(O)C(c1ccccc1)c1ccccn1,OC(CC(O)C(F)(F)F)C(F)(F)F,OC(CC(O)C(F)(F)F)C(F)(F)F,X,X,X,2,2,2,0,0,0,N,O,O,O,O,O,53.139084,0.051805012
a1907,ICAZUK,Oc1ccccc1C1=NCCCN1,Oc1ccccc1C1=NCCCN1,Oc1ccccc1C1=NCCCN1,X,X,X,2,2,2,0,0,0,O,N,O,N,O,N,37.975864,0.15957168
a1908,KEZJUU,NC(S)NN(CC(O)O)CC(O)O,c1ccc(-c2ccccn2)nc1,X,X,X,X,4,2,0,0,0,0,S,N,O,O,N,N,52.4512,0.1137339
a1909,TECNOH,COc1cccc(CNCCCNCCCN(C)C)c1O,COc1cccc(CNCCCNCCCN(C)C)c1O,X,X,X,X,3,3,0,0,0,0,O,N,N,O,N,N,36.018627,0.17337544
a191,KUJRAL,CC(NO)C(C)NO,CC(NO)C(C)NO,CC(N)c1ccccc1,NCO,X,X,2,2,1,1,0,0,N,N,N,N,N,N,2.4866202,0.14926971
a1910,HOSKUX,S,CC(C)C(N)C(O)O,c1ccc(CNCc2ccccn2)nc1,X,X,X,1,2,3,0,0,0,S,O,N,N,N,N,29.929243,0.16914587
a1911,IDIRAQ,OC(O)CN(CCCN(Cc1ccccn1)CC(O)O)Cc1ccccn1,X,X,X,X,X,6,0,0,0,0,0,O,O,N,N,N,N,-10.879187,0.21805072
a1912,SUFCUR,Sc1ccnc(S)n1,NCCN,NCCN,X,X,X,2,2,2,0,0,0,S,N,N,N,N,N,65.05062,0.020664379
a1913,BOLMEW,Cc1cc2c(cc1C)N=C(O)CN(C)CCCN(C)CC(O)=N2,CN(C)CO,Cl,X,X,X,4,1,1,0,0,0,Cl,N,N,N,N,O,104.19993,0.14414468
a1914,IBUZIO,ONC(c1ccccc1)C(NO)c1ccccc1,ONC1=C(NO)CCCC1,c1ccncc1,Cc1ccccc1,X,X,2,2,1,1,0,0,N,N,N,N,N,C,10.411247,0.16149737
a1917,ZIKDUS,CC(NO)C(C)NO,CC(NO)C(C)NO,CC(C)(C)c1ccncc1,CCCCCCC,X,X,2,2,1,1,0,0,N,N,N,N,N,C,8.797514,0.14169991
a1918,CEXGOC,CC(O)O,CN(CCCNCc1ccccc1O)CCCNCc1ccccc1O,X,X,X,X,1,5,0,0,0,0,O,O,O,N,N,N,34.59991,0.14635077
a1919,WISDOT,COc1ccc(CNCCNCc2ccc(OC)cc2O)c(O)c1,NNN,CN(C)CO,X,X,X,4,1,1,0,0,0,N,N,N,O,O,O,79.64002,0.16970825
a192,WENCEB,OCc1ccccc1NCc1ccccc1O,OCc1ccccc1NCc1ccccc1O,CN(C)c1ccncc1,X,X,X,3,2,1,0,0,0,O,O,O,N,N,N,-8.522417,0.2375779
a1920,HEMTEY,OC(O)C(O)O,NCCCNCCNCCCN,X,X,X,X,2,4,0,0,0,0,O,O,N,N,N,N,63.63876,0.17239398
a1921,WINFUU,SC1=CC=CCN1O,SC1=CC=CCN1O,SC1=CC=CCN1O,X,X,X,2,2,2,0,0,0,S,S,S,O,O,O,96.5565,0.08575248
a1922,HEQBEN,Oc1ccccc1CNNC(O)c1ccccc1,c1ccncc1,c1ccncc1,c1ccncc1,X,X,3,1,1,1,0,0,O,N,O,N,N,N,-4.7034054,0.19605601
a1923,ZITXIJ,Cl,CC(NO)C(C)NO,CC(NO)C(C)NO,Nc1ccccc1,X,X,1,2,2,1,0,0,Cl,N,N,N,N,N,7.960619,0.13838053
a1924,BENCIH,CC(NNC(O)Nc1ccccc1)c1ccccc1O,NNN,c1cnc2c(c1)ccc1cccnc12,X,X,X,3,1,2,0,0,0,O,O,N,N,N,N,44.91408,0.20115925
a1925,ROMQAL,CC(NO)C(C)NO,CC(NO)C(C)NO,CCOC(O)CC,c1ccncc1,X,X,2,2,1,1,0,0,N,N,N,N,N,C,7.8854313,0.12151264
a1926,LACSAJ,CC(O)CC(C)O,CC(O)CC(C)O,CC(C)(C)OO,c1ccncc1,X,X,2,2,1,1,0,0,O,O,O,O,O,N,113.218094,0.1051577
a1927,DURPUB,CC(NO)C(C)NO,CC(NO)C(C)NO,Nc1cccc(N)n1,CC,X,X,2,2,1,1,0,0,N,N,N,N,N,C,10.804754,0.1637103
a1929,JORFII,C(N1NC(C)=CC1C)(N2NC(C)C=C2C)N3C(C)C=C(C)N3,CN,CN,CN,X,X,3,1,1,1,0,0,C,C,C,N,N,N,66.91399,0.15916158
a193,ZENBID,NCS,NCCN,NCCN,NCS,X,X,1,2,2,1,0,0,N,N,N,N,N,N,128.73756,0.11971368
a1930,REXZOL,Cc1cc(C(O)NNC(C)C(C)NO)n[nH]1,Cc1cc(C(O)NNC(C)C(C)NO)n[nH]1,X,X,X,X,3,3,0,0,0,0,N,N,N,N,N,N,25.818138,0.13411514
a1931,TODZIX,CN(CCc1ccccn1)Cc1ccccn1,NNN,NNN,NNN,X,X,3,1,1,1,0,0,N,N,N,N,N,N,13.223608,0.19972326
a1932,YAFGUJ,OC(O)c1ccccn1,OC(O)c1ccccn1,OC(O)c1ccccn1,X,X,X,2,2,2,0,0,0,O,N,O,O,N,N,13.399649,0.27072924
a1933,EINIPC,NCS,ONO,NCCN,NCCN,X,X,1,1,2,2,0,0,O,N,N,N,N,N,148.59592,0.14105907
a1935,UGOGEC,NCS,CC(C)(N)CN,NCS,CC(C)(N)CN,X,X,1,2,1,2,0,0,N,N,N,N,N,N,44.900658,0.2074559
a1936,YASLIO,NNN,NNN,NCCN,NCCN,X,X,1,1,2,2,0,0,N,N,N,N,N,N,86.24757,0.11476573
a1937,YUFSUP,CC(NO)C(C)NCCNCCNC(C)(O)C(C)NO,Cl,X,X,X,X,5,1,0,0,0,0,N,N,N,N,N,Cl,25.045969,0.14010157
a1938,ASOVUZ,NC(S)NNCc1ccccn1,NC(S)NNCc1ccccn1,X,X,X,X,3,3,0,0,0,0,S,S,N,N,N,N,-40.333797,0.15197259
a1939,LIDCEJ,COc1cccc(CNCCN2CCOCC2)c1O,COc1cccc(CNCCN2CCOCC2)c1O,O,X,X,X,3,2,1,0,0,0,N,N,N,O,O,O,19.655184,0.120856576
a194,NUMMAM,OC1=CCC=C/C1=C/NCCN2CC(CC3=CC=CC=C3)C=C2,OC1=CCC=C/C1=C/NCCN2CC(CC3=CC=CC=C3)C=C2,X,X,X,X,3,3,0,0,0,0,O,N,C,O,N,C,41.910107,0.11677286
a1940,FACGUN,CC(NO)C(C)NO,CC(NO)C(C)NO,OOCc1ccco1,c1ccncc1,X,X,2,2,1,1,0,0,O,N,N,N,N,N,-36.32131,0.14211683
a1941,OXITUM,Nc1ccc(S(O)(O)Nc2ncccn2)cc1,CC(NO)C(C)NO,CC(NO)C(C)NO,NNN,X,X,1,2,2,1,0,0,N,N,N,N,N,N,0.80904216,0.16223358
a1942,TODZUJ,NNN,NNN,NNN,COc1c(C)cnc(CN(C)CCc2ccccn2)c1C,X,X,1,1,1,3,0,0,N,N,N,N,N,N,-9.73097,0.1454342
a1944,FODDIM,CCOCC(C(N)CC(C)O)C(O)OCC,CC(O)CC(C)O,CC(O)CC(C)O,X,X,X,2,2,2,0,0,0,O,O,O,O,O,N,97.55926,0.12954281
a1946,PUHTOC,C1(CNCCNCCN/C=C2C=CCN\2)=CC=CN1,Cc1ccncc1,X,X,X,X,5,1,0,0,0,0,N,N,N,N,N,N,31.313742,0.14279263
a1947,BISSUR,OC(O)CN1CCCN(CC(O)O)Cc2cccc(n2)CN(CC(O)O)CCC1,X,X,X,X,X,6,0,0,0,0,0,N,N,N,N,O,O,44.387306,0.16483863
a1948,HADZAQ,OC(c1ccccc1)(c1ccccc1)C1CCCN1Cc1cccc(CN2CCCC2C(O)(c2ccccc2)c2ccccc2)n1,OO,X,X,X,X,5,1,0,0,0,0,N,N,N,O,O,O,-32.172672,0.17576042
a1949,PABWIY,N/C(SC)=N\NC(C(C(C)N/N=C(SC)\N)=O)C,C1=CNCC=C1,C1=CNCC=C1,X,X,X,4,1,1,0,0,0,N,N,N,N,N,N,38.231495,0.15007167
a195,ZIFQIS,CC(O)C(CN)CNCCNCC(CN)C(C)O,CO,CO,X,X,X,4,1,1,0,0,0,O,O,N,N,O,O,79.13573,0.15300232
a1950,FOJJUM,FC1=C(F)C(F)=C(F)/C(C1F)=C(C2=CC=C(/C(C3=C(F)C(F)=C(F)C(F)=C3F)=C4C=C/C(N/4)=C5\C6=C(F)C(F)=C(F)C(F)=C6F)N2)/C7=C(C(F)(F)F)C(C(F)(F)F)=C(C8=C(C(F)(F)F)C(C(F)(F)F)=C5N8)N7,c1ccncc1,c1ccncc1,X,X,X,4,1,1,0,0,0,N,N,N,N,N,N,34.142147,0.14506727
a1953,QADNAK,ONO,ONO,NCCCNCCNCCCN,X,X,X,1,1,4,0,0,0,N,N,N,N,N,N,100.480865,0.17696713
a1954,YECWOV,Cl,CC(NO)C(C)NO,CC(NO)C(C)NO,c1c[nH]cn1,X,X,1,2,2,1,0,0,Cl,N,N,N,N,N,11.633112,0.13522404
a1955,AXOVAM,Cc1ccc(C(O)NNC(c2ccccc2)C(NNC(O)c2ccc(C)cc2)c2ccccc2)cc1,Cc1ccc(C(O)NNC(c2ccccc2)C(NNC(O)c2ccc(C)cc2)c2ccccc2)cc1,X,X,X,X,3,3,0,0,0,0,N,N,N,N,O,O,38.338047,0.13510093
a1956,DETBUC,FC(F)C(F)(F)C(F)(F)F,CC(NO)C(C)NO,CC(NO)C(C)NO,c1ccncc1,X,X,1,2,2,1,0,0,C,N,N,N,N,N,17.856771,0.06650331
a1957,GIFPOD,C=CCN/C=C1CC(Br)=CC=C/1O,C=CCN/C=C1CC(Br)=CC=C/1O,C=CCN/C=C1CC(Br)=CC=C/1O,X,X,X,2,2,2,0,0,0,O,O,O,N,N,N,32.665215,0.12022792
a1962,AQAXAR,CC(NO)C(C)NCCc1ccccc1Cl,CC(NO)C(C)NCCc1ccccc1Cl,Cc1ccccc1,Cc1ccccc1,X,X,2,2,1,1,0,0,C,C,N,N,N,N,5.098501,0.14393558
a1963,LAZQIN,Oc1ccccc1CNC(c1ccc(N(O)O)cc1)C(NCc1ccccc1O)c1cccc2cccnc12,c1ccncc1,X,X,X,X,5,1,0,0,0,0,O,O,N,N,N,N,-15.762445,0.21460094
a1964,BIXHIZ,OC(O)C(O)O,CC(NCCNC(C)c1ccccn1)c1ccccn1,X,X,X,X,2,4,0,0,0,0,O,O,N,N,N,N,69.17199,0.031512037
a1965,HOTVET,OC(O)CN(CCN(CC(O)O)CC(O)O)CC(O)O,X,X,X,X,X,6,0,0,0,0,0,N,N,O,O,O,O,25.102552,0.041215435
a1967,TIMGAY,CC(NO)C(C)NCCCNC(C)C(C)NO,CN,CN,X,X,X,4,1,1,0,0,0,C,C,N,N,N,N,42.674545,0.20960134
a1969,CUBWUR,NCCP(C1=CC=CC=C1)C2=CC=CC=C2,NCCP(C1=CC=CC=C1)C2=CC=CC=C2,N=C=S,N=C=S,X,X,2,2,1,1,0,0,P,P,N,N,N,N,-21.456575,0.25581834
a197,REZROH,OC(Nc1cccc2cccnc12)c1ccccc1,CC(C)(C)c1cccc(C2=NC(c3ccccc3)CO2)c1O,CO,X,X,X,3,2,1,0,0,0,O,O,N,N,N,C,5.8461857,0.16132979
a1970,SAJVOQ,Oc1ccc(N(O)O)cc1CNCCc1ccccn1,Oc1ccc(N(O)O)cc1CNCCc1ccccn1,X,X,X,X,3,3,0,0,0,0,O,N,N,O,N,N,10.191782,0.23152244
a1971,DETCUD,FC(F)F,CC(NO)C(C)NO,CC(NO)C(C)NO,Nc1ccccc1,X,X,1,2,2,1,0,0,C,N,N,N,N,N,8.808632,0.13847315
a1973,SABFEH,CC(NO)C(C)(C)NCC(CNC(C)(C)C(C)NO)Cc1ccccc1,ONO,ONO,X,X,X,4,1,1,0,0,0,N,N,N,N,N,N,30.164572,0.17446634
a1974,AFEFIB,OC1=C(Br)C=C(Br)C/C1=C\NCCCNC2CCCCC2,OC1=C(Br)C=C(Br)C/C1=C\NCCCNC2CCCCC2,X,X,X,X,3,3,0,0,0,0,O,N,N,O,N,N,6.83267,0.20253853
a1976,SULBOQ,C/C(O)=C\C(O)CC,C/C(O)=C\C(O)CC,CCP(CC)CC,CCP(CC)CC,X,X,2,2,1,1,0,0,P,P,O,O,O,O,76.549515,0.14246531
a1978,OAMECO,FC12ON/C(C)=C(C)\NOC(ON/C(C)=C(C)\NO1)(ON/C(C)=C(C)\NO2)F,X,X,X,X,X,6,0,0,0,0,0,N,N,N,N,N,N,13.764177,0.105894044
a1979,COFRUM,C1(/C=CNC=C1)=C(C2=CC=CN2)\C3=CC=CN3,C1(/C=CNC=C1)=C(C2=CC=CN2)\C3=CC=CN3,CC(O)CC(C)O,X,X,X,2,2,2,0,0,0,N,N,N,N,O,O,103.83944,0.14526372
a198,IROXUL,NCC(O)O,NCC(O)O,c1ccc(-c2ccccn2)nc1,X,X,X,2,2,2,0,0,0,N,O,O,N,N,N,43.583893,0.16720401
a1980,KIPMII,CC(NNC(N)S)c1nccs1,CC(NNC(N)S)c1nccs1,X,X,X,X,3,3,0,0,0,0,S,S,N,N,N,N,5.1009483,0.062417753
a1982,GANTEW,CC(NO)C(C)NO,CC(NO)C(C)NO,c1ccncc1,Cc1ccc(-c2ccc(C)cc2)cc1,X,X,2,2,1,1,0,0,C,N,N,N,N,N,9.79207,0.14487927
a1983,REZQAO,OC(O)CN(CCN(Cc1nc2ccccc2[nH]1)Cc1nc2ccccc2[nH]1)CC(O)O,X,X,X,X,X,6,0,0,0,0,0,O,O,N,N,N,N,88.7762,0.16287616
a1984,FINKET,CC1(C)N=C(c2ccccn2)N(O)C1(C)C,OC(O)c1ccccn1,NNN,NNN,X,X,2,2,1,1,0,0,O,N,N,N,N,N,-12.500841,0.25274026
a1985,XAPMOQ,OC1C(O)C(C)N(C)CC1,OC1C(O)C(C)N(C)CC1,OC1C(O)C(C)N(C)CC1,X,X,X,2,2,2,0,0,0,O,O,O,O,O,O,-32.394455,0.1629731
a1986,ITAZIM,c1ccc(-n2cccn2)cc1,c1ccc(-n2cccn2)cc1,c1ccc(-n2cccn2)cc1,X,X,X,2,2,2,0,0,0,N,N,N,C,C,C,12.772726,0.19889927
a1987,USIHAG,CN(C)c1ccccc1Sc1ccc(N(O)O)cc1N(O)O,CC(NO)C(C)NO,CC(NO)C(C)NO,c1ccncc1,X,X,1,2,2,1,0,0,N,N,N,N,N,C,14.375637,0.09296439
a1988,FICJUY,COc1cccc(CNCCO)c1O,COc1cccc(CNCCO)c1O,X,X,X,X,3,3,0,0,0,0,O,O,O,N,O,N,29.197123,0.13864757
a1989,CAFJAV,CC(N=C/1)NC1=C\NCCC(CCN/C=C2C=NC(C)N/2)CCN/C=C3C=NC(C)N\3,X,X,X,X,X,6,0,0,0,0,0,N,N,N,N,N,N,56.778633,0.13429144
a199,YEXNIC,OC(O)C1CCCN1,OC(O)C1CCCN1,c1ccc(-c2ccccn2)nc1,X,X,X,2,2,2,0,0,0,N,N,N,N,O,O,75.200424,0.21180296
a1990,QIGRIH,CNCCCNCCN,CN,CN,CN,X,X,3,1,1,1,0,0,N,N,N,C,C,C,138.98146,0.25307587
a1991,MUJBIC,CN(C)C(S)S,CN(C)C(S)S,CN(C)C(S)S,X,X,X,2,2,2,0,0,0,S,S,S,S,S,S,87.12012,0.1381947
a1992,FOWKAE,Oc1ccccc1CNc1ccccc1NCc1ccccc1O,c1ccncc1,c1ccncc1,X,X,X,4,1,1,0,0,0,O,O,N,N,N,N,-16.711676,0.19889393
a1993,NURRIC,OC(NNCc1ccccn1)c1ccccc1,OC(NNCc1ccccn1)c1ccccc1,X,X,X,X,3,3,0,0,0,0,O,N,N,O,N,N,-21.822378,0.17708956
a1994,TEXSAR,SC(NCCc1ccccc1)NNCc1ccccn1,SC(NCCc1ccccc1)NNCc1ccccn1,X,X,X,X,3,3,0,0,0,0,S,S,N,N,N,N,-8.773775,0.12711991
a1995,KEJPEV,OC(/C(C=O)=C1C=CC=CC/1)=C2CC=CC=C/2,C1(/C=C/C=C/C2=CC=CC=C2)=CC=CC=C1,CP(C)C,CP(C)C,C=O,X,2,1,1,1,1,0,O,C,C,C,P,P,77.4955,0.13443707
a1996,GADNEF,CC(NO)C(C)NO,CC(NO)C(C)NO,c1ccncc1,CCCCCC,X,X,2,2,1,1,0,0,N,N,N,N,N,C,5.4097385,0.11700201
a1997,EGUKIA,OC(O)C(O)(c1ccccn1)c1ccccn1,OC(O)C(O)(c1ccccn1)c1ccccn1,X,X,X,X,3,3,0,0,0,0,O,O,N,N,N,N,-24.730963,0.1220525
a1998,ECOQOD,CC(C)(C)c1ccn[nH]1,NNN,CC(C)(C)c1ccn[nH]1,CC(C)(C)c1ccn[nH]1,NNN,NNN,1,1,1,1,1,1,N,N,N,N,N,N,59.007534,0.17714824
a1999,GETSII,OC(O)CN(CCN(CC(O)O)CC(O)O)CC(O)O,X,X,X,X,X,6,0,0,0,0,0,O,O,O,O,N,N,-51.4182,0.16122544
a2,WEHROU,SC(NNC(c1ncccc1)c2ccccc2)SC,SC(NNC(c1ncccc1)c2ccccc2)SC,X,X,X,X,3,3,0,0,0,0,S,S,N,N,N,N,2.8458102,0.14047879
a20,YEYYEI,OS(NCCN(CCNS(O)(C1=C(C)C=C(C)C=C1C)O)CCNS(O)(C2=C(C)C=C(C)C=C2C)O)(C3=C(C)C=C(C)C=C3C)O,O,X,X,X,X,5,1,0,0,0,0,O,O,N,N,N,N,65.09684,0.21285397
a2000,JEVTAI,FC(F)F,CC(C)(C)C1=C(O)C(N2CCN(C3=CC(C(C)(C)C)=CC(C(C)(C)C)=C3O)C2)=CC(C(C)(C)C)=C1,CCN,CCN,X,X,1,3,1,1,0,0,O,O,N,N,C,C,52.578583,0.19704077
a2001,FAXHUI,NCS,Oc1ccccc1CNCCCNCc1ccccc1O,O,X,X,X,1,4,1,0,0,0,O,O,O,N,N,N,19.059687,0.15762088
a2002,FATPIZ,Cl,Cc1cncc(C)n1,ONCCNO,ONCCNO,X,X,1,1,2,2,0,0,Cl,N,N,N,N,N,31.567108,0.13367343
a2004,REJDIV,COc1cc(CNC2CCCCC2NCc2cc(OC)cc(C(C)(C)C)c2O)c(O)c(C(C)(C)C)c1,Cn1ccnc1,Cn1ccnc1,X,X,X,4,1,1,0,0,0,O,O,N,N,N,N,35.005405,0.17221022
a2005,DETBAI,FC(F)F,CC(NO)C(C)NO,CC(NO)C(C)NO,CO,X,X,1,2,2,1,0,0,C,N,N,N,N,O,22.80644,0.12949947
a2006,SAFDUA,COc1cccc(CNc2ccccc2NCc2cccc(OC)c2O)c1O,CN,O,X,X,X,4,1,1,0,0,0,C,N,N,O,O,O,47.56492,0.06965345
a2009,MUFVAK,CC(C)(C)C(O)O,NCCCN,CC(C)(C)C(O)O,NCCCN,X,X,1,2,1,2,0,0,O,N,N,O,N,N,-47.480366,0.2559321
a2010,YAQJIK,Cc1cc(C)c(C(NO)C(NO)c2c(C)cc(C)cc2C)c(C)c1,Cc1cc(C)c(C(NO)C(NO)c2c(C)cc(C)cc2C)c(C)c1,c1ccncc1,C,X,X,2,2,1,1,0,0,N,N,N,N,N,C,20.518156,0.16683902
a2011,TOFBAT,COc1ccnc(CN(C)CCc2ccccn2)c1OC,NNN,NNN,NNN,X,X,3,1,1,1,0,0,N,N,N,N,N,N,54.96466,0.16510145
a2013,AZAYUV,CC(O)CC(C)NCCNC(C)CC(C)O,NC(O)c1cccnc1,NC(O)c1cccnc1,X,X,X,4,1,1,0,0,0,O,O,N,N,N,N,22.785112,0.16650163
a2014,QECDUZ,C1(N/C=C2C=CCN\2)=C(NCC3=CC=CN3)C=CC=C1,C1(N/C=C2C=CCN\2)=C(NCC3=CC=CN3)C=CC=C1,NCCN,X,X,X,2,2,2,0,0,0,N,N,N,N,N,N,53.185562,0.076907635
a2015,NINFAR,CC(C)N1CCN(Cc2cc(C(C)(C)C)cc(C(C)(C)C)c2O)CCN(C(C)C)CC1,CC(O)CC(C)O,X,X,X,X,4,2,0,0,0,0,N,N,N,O,O,O,1.1173003,0.20843075
a2016,LIHRIF,CCCCN,CC(NO)C(C)NO,CC(NO)C(C)NO,c1ccc(NNc2cccnc2)cc1,X,X,1,2,2,1,0,0,C,N,N,N,N,N,14.699795,0.14474621
a2017,ORIQUC,C1(N/C=C2C=CCN\2)=C(NCC3=CC=CN3)C=CC=C1,Cn1ccnc1,Cn1ccnc1,X,X,X,4,1,1,0,0,0,N,N,N,N,N,N,41.313828,0.11860409
a2018,OGOGUN,Cl,COC(O)c1cccc(-c2cc(-c3ccccn3)nc(-c3ccccn3)c2)c1OCCCCNC(O)c1ccc(-c2ccccn2)nc1,X,X,X,X,1,5,0,0,0,0,Cl,N,N,N,N,N,32.97371,0.23572072
a2019,QADKIQ,CN/C(C)=C(C)\NOC(ON/C(C)=C(C)\NO[H])(O[H])C1=CC=C(C(O[H])O[H])C=C1,C,O,X,X,X,4,1,1,0,0,0,C,N,N,N,N,O,26.648163,0.14645001
a2020,VISYON,ONC(NNc1ccccn1)c1ccccc1,ONC(NNc1ccccn1)c1ccccc1,ONC(NNc1ccccn1)c1ccccc1,X,X,X,2,2,2,0,0,0,N,N,N,N,N,N,50.105667,0.10036175
a2021,LIHREB,CC(NO)C(C)NO,CC(NO)C(C)NO,c1ccc(NNc2cccnc2)cc1,CCCCN,X,X,2,2,1,1,0,0,N,N,N,N,N,C,12.155991,0.1340333
a2022,FODDEI,CCOCC(CN)C(N)CC(C)O,CC(O)CC(C)O,CC(O)CC(C)O,X,X,X,2,2,2,0,0,0,O,O,O,O,O,N,86.30891,0.14906362
a2023,HERGUG,Cl,O,NCCN(CC(O)O)CC(O)O,X,X,X,1,1,4,0,0,0,Cl,O,O,O,N,N,-8.495317,0.19005534
a2024,QAFJIT,CCOc1cccc(CNCCCN(C)C)c1O,CCOc1cccc(CNCCCN(C)C)c1O,X,X,X,X,3,3,0,0,0,0,N,O,O,N,N,N,45.085682,0.18484545
a2025,ROMPUE,CC(NO)C(C)NO,CC(NO)C(C)NO,CCCC(O)OCC,c1ccncc1,X,X,2,2,1,1,0,0,N,N,N,N,N,C,8.366732,0.12284342
a2026,ARINIY,CC(NO)C(C)NO,CCCONC(C)C(C)NO,c1c[nH]cn1,X,X,X,2,3,1,0,0,0,N,N,N,N,N,C,15.372633,0.1430248
a2027,WUXREN,NNC(S)c1ccccc1O,NNC(S)c1ccccc1O,NNC(S)c1ccccc1O,X,X,X,2,2,2,0,0,0,S,S,S,N,N,N,16.489323,0.1244636
a2028,CIJSEU,OCCNCCNCc1ccccc1O,OCCNCCNCc1ccccc1O,X,X,X,X,3,3,0,0,0,0,O,O,N,N,N,N,-23.232412,0.12829484
a2029,YOTRAA,ONO,ONO,NCCCNCCNCCCN,X,X,X,1,1,4,0,0,0,N,N,N,N,N,N,100.48087,0.17696711
a203,ZABFUH,S/C(NC)=N\N/C=C(CO1)\C(O)=C2C1C=C(O)C=C2,S/C(NC)=N\N/C=C(CO1)\C(O)=C2C1C=C(O)C=C2,X,X,X,X,3,3,0,0,0,0,N,N,O,O,S,S,15.710596,0.18827419
a2031,WODYUM,CN(C)CCCNCCCN/C=C1CC(Br)=CC=C\1O,NCS,NCS,X,X,X,4,1,1,0,0,0,O,N,N,N,N,N,11.641588,0.164115
a2032,YEFKAX,OC(NC(S)N1CCOCC1)c1ccc(F)cc1,OC(NC(S)N1CCOCC1)c1ccc(F)cc1,OC(NC(S)N1CCOCC1)c1ccc(F)cc1,X,X,X,2,2,2,0,0,0,S,S,S,O,O,O,102.32119,0.17758968
a2033,GAMTAP,Cl,O,C1=CC2=C(c3ccccc3)C3=NC(=C(c4ccccc4)C4=NC(=C(c5ccccc5)C5=NC(=C(c6ccccc6)C1=N2)C=C5)C=C4)C=C3,X,X,X,1,1,4,0,0,0,Cl,O,N,N,N,N,90.92231,0.11539258
a2035,LUXKIY,CN,CN,NC1CC(N)CC(N)C1,CN,X,X,1,1,3,1,0,0,C,C,N,N,C,N,81.00637,0.20936552
a2036,JACKOQ,OC(O)CNCCc1ccccn1,OC(O)CNCCc1ccccn1,X,X,X,X,3,3,0,0,0,0,N,N,N,N,O,O,4.8070602,0.22210276
a2037,DALJAD,ONCCNOON/C([Se]C1=CC=CC=C1)=C([Se]C2=CC=CC=C2)\NO,ON/C([Se]C1=CC=CC=C1)=C([Se]C2=CC=CC=C2)\NO,C1C=CC=CN1,CC1=CC=CC=C1,X,X,2,2,1,1,0,0,C,N,N,N,N,N,8.981358,0.18004271
a2038,VARWOB,Cl,Cl,c1ccc2c(CC3CNCCNCCCNCCNC3)c3ccccc3cc2c1,X,X,X,1,1,4,0,0,0,Cl,Cl,N,N,N,N,62.082138,0.26368535
a2039,SUXZUH,OC(NNC(c1ccccc1)c1ccccn1)c1ccc(Cl)cc1,OC(NNC(c1ccccc1)c1ccccn1)c1ccc(Cl)cc1,X,X,X,X,3,3,0,0,0,0,N,N,N,N,O,O,4.0398426,0.14362332
a2040,FUDZUA,NCCN,NCCN,NNN,NNN,X,X,2,2,1,1,0,0,N,N,N,N,N,N,86.24756,0.11476574
a2041,ZEQFOS,Nc1ccc([SH](O)O)cc1,CC(NO)C(C)NO,CC(NO)C(C)NO,NNN,X,X,1,2,2,1,0,0,N,N,N,N,N,N,3.3569205,0.15582006
a2042,XEMJUW,COc1cccc(CNCCN2CCOCC2)c1O,COc1cccc(CNCCN2CCOCC2)c1O,NNN,X,X,X,2,3,1,0,0,0,O,O,N,N,N,N,32.064808,0.16151008
a2043,MERTOT,Cl,CC(NO)C(C)NO,CC(NO)C(C)NO,c1cnccn1,X,X,1,2,2,1,0,0,Cl,N,N,N,N,N,9.549028,0.10579507
a2044,WOLJAK,CN,CN,c1cnc2c(c1)ccc1cccnc12,c1cnc2c(c1)ccc1cccnc12,X,X,1,1,2,2,0,0,N,N,N,N,C,C,52.927334,0.17404184
a2046,TEMKUU,COc1ccc2cc(C(C)C(O)O)ccc2c1,COc1ccc2cc(C(C)C(O)O)ccc2c1,C1CNCCNCCCNCCNC1,X,X,X,1,1,4,0,0,0,O,O,N,N,N,N,88.84452,0.25386143
a2047,TEWDAD,c1ccc(-c2ccccn2)nc1,c1ccc(-c2ccccn2)nc1,Cl,Cl,X,X,2,2,1,1,0,0,Cl,Cl,N,N,N,N,92.29524,0.08469299
a2048,RIRVOE,c1cnc2c(c1)ccc1cccnc12,NC(CC(O)O)C(O)O,NNN,X,X,X,2,3,1,0,0,0,N,N,N,N,O,O,13.572639,0.1946884
a2049,XOZMEE,CC(NO)C(C)NCc1ccccn1,CC(NO)C(C)NCc1ccccn1,C,X,X,X,3,2,1,0,0,0,C,N,N,N,N,N,-1.1980112,0.15910754
a205,NAZFON,OP(C)(C1=CC=CC=C1)Nc(ccc2)c3c2cccn3,Oc1ccccc1C1=NC(c2ccccc2)CO1,CN(C)c1ccncc1,X,X,X,3,2,1,0,0,0,O,N,N,N,N,C,36.08299,0.14981754
a2050,OSOYIG,CC(c1cccc(C(C)(C(O)O)C(O)O)n1)(C(O)O)C(O)O,O,X,X,X,X,5,1,0,0,0,0,O,O,O,O,O,N,-72.314606,0.122782685
a2051,CIFPIQ,Cl,NC(Cc1c[nH]cn1)C(O)O,NCCN,X,X,X,1,3,2,0,0,0,Cl,O,N,N,N,N,43.574074,0.15934238
a2052,NAXNIL,CC(O)NNC(C)c1ccccn1,CC(O)NNC(C)c1ccccn1,X,X,X,X,3,3,0,0,0,0,N,N,N,N,O,O,14.933401,0.14869063
a2053,AMIBAB,C1CNCCNCCCNCCNC1,CCCC,CCCC,X,X,X,4,1,1,0,0,0,N,N,C,N,N,C,109.51427,0.22709855
a2054,GISWIR,COc1cccc(CNCCCN(C)C)c1O,CC(O)CC(C)O,NCS,X,X,X,3,2,1,0,0,0,N,N,O,O,O,N,77.91675,0.18581465
a2055,FOHTON,C1(/C=CCN1)=C\NCCNCCNCC2=CC=CN2,c1ccncc1,X,X,X,X,5,1,0,0,0,0,N,N,N,N,N,N,20.494379,0.14096035
a2056,MOZBEJ,N#CC(C=C/1)C=CC1=C(C2=CC=CN2)/C3=CC=CN3,N#CC(C=C/1)C=CC1=C(C2=CC=CN2)/C3=CC=CN3,N#CC(C=C/1)C=CC1=C(C2=CC=CN2)/C3=CC=CN3,X,X,X,2,2,2,0,0,0,N,N,N,N,N,N,74.00638,0.14724776
a2057,UMACOB,Cc1cccnc1NC(O)c1ccccn1,Cc1cccnc1NC(O)c1ccccn1,X,X,X,X,3,3,0,0,0,0,O,N,N,O,N,N,21.713774,0.14935319
a2058,FOKGER,CCl,CC(NO)C(C)NO,CC(NO)C(C)NO,c1ccncc1,X,X,1,2,2,1,0,0,N,N,N,N,N,C,5.5765057,0.11484032
a206,EXIMUW,CC(O)C(C)C(C)O,NCCN,CC(O)C(C)C(C)O,X,X,X,2,2,2,0,0,0,O,N,O,N,O,O,44.636906,0.14142367
a2060,COMGIU,CC(NO)C(C)NO,CC(NO)C(C)NO,CCOC(O)CCC(O)OCC,CCCN,X,X,2,2,1,1,0,0,N,N,N,N,N,C,13.985374,0.1640142
a2061,OVODUZ,NCCCNC(O)c1ccccc1O,NCCCNC(O)c1ccccc1O,X,X,X,X,3,3,0,0,0,0,O,N,N,O,N,N,11.468037,0.2069007
a2062,QOQFOT,BrC1=CC=C(C2=NN=NN2)C=C1,NCCN,BrC1=CC=C(C2=NN=NN2)C=C1,NCCN,X,X,1,2,1,2,0,0,N,N,N,N,N,N,40.406235,0.13463128
a2063,SOCGAV,Oc1ccccc1CNCc1ccccc1NCc1ccccc1O,NNN,Cc1ccncc1,X,X,X,4,1,1,0,0,0,O,O,N,N,N,N,-0.81434804,0.18472102
a2064,BIFNUZ,ONO,ONO,C1CCC(C2CCCCN2)NC1,C1CCC(C2CCCCN2)NC1,X,X,1,1,2,2,0,0,N,N,N,N,N,N,31.427073,0.2564205
a2066,NACRAK,C1(/NCC=C1)=C/NCCCNCC2=CC=CN2,c1ccncc1,c1ccncc1,X,X,X,4,1,1,0,0,0,N,N,N,N,N,N,81.78483,0.17401613
a207,BADGOG,OS(Nc1c(NNc2c(NS(O)(C)O)cccc2)cccc1)(C)O,CC(O)O,c1ccc(-c2ccccn2)nc1,X,X,X,3,1,2,0,0,0,O,N,N,N,N,N,111.31737,0.22949131
a2070,FOGKOD,CC(CC(O)c1ccccc1)NCCNC(C)CC(O)c1ccccc1,Cc1ccncc1,Cc1ccncc1,X,X,X,4,1,1,0,0,0,O,N,N,O,N,N,14.767557,0.16328417
a2071,BOTBAP,COc1cccc(CNc2ccccc2NC(c2ccccc2)c2c(C)nn(-c3ccc(Cl)cc3)c2O)c1O,CC(O)O,O,X,X,X,4,1,1,0,0,0,O,O,O,O,N,N,-41.52557,0.2456301
a2072,OXIKEN,CC(NO)C(C)NO,CC(NO)C(C)NO,OC(O)c1ccncc1,NNN,X,X,2,2,1,1,0,0,N,N,N,N,N,N,7.7160473,0.13779631
a2073,OJONEI,CC(CC(O)c1ccccc1)NCCNCCNC(C)CC(O)c1ccccc1,NCc1ccccc1,X,X,X,X,5,1,0,0,0,0,O,O,N,N,N,N,-6.6191387,0.15938595
a2074,XILCIF,c1cnc2c(c1)ccc1cccnc12,c1cnc2c(c1)ccc1cccnc12,CN,CN,X,X,2,2,1,1,0,0,N,N,N,N,C,C,52.92733,0.17404184
a2076,XURQUW,Cn1c(O)c(NNC(N)S)c2ccccc21,Cn1c(O)c(NNC(N)S)c2ccccc21,X,X,X,X,3,3,0,0,0,0,S,O,N,S,N,O,-39.359417,0.2162357
a2077,COMTBH,CN(O)C(S)c1ccccc1,CN(O)C(S)c1ccccc1,CN(O)C(S)c1ccccc1,X,X,X,2,2,2,0,0,0,S,S,S,O,O,O,-15.378702,0.1574469
a2078,QAFKIU,CC(O)CC(O)c1ccccc1,CCOc1cccc(CNCCCN(C)C)c1O,NNN,X,X,X,2,3,1,0,0,0,O,O,O,N,N,N,44.638275,0.18555826
a2079,KULQUF,Cl,Cl,CN1CCCN2CCN(C)CCN(CC1)CC2,X,X,X,1,1,4,0,0,0,Cl,Cl,N,N,N,N,103.505615,0.23145828
a208,ZUCMAO,ONCc1ccccn1,ONCc1ccccn1,ONCc1ccccn1,X,X,X,2,2,2,0,0,0,N,N,N,N,N,N,21.090347,0.19087075
a21,NUWKUO,COc1ccc(C(O)CC(O)c2ccc(OC)c(OC)c2)cc1OC,COc1ccc(C(O)CC(O)c2ccc(OC)c(OC)c2)cc1OC,COc1ccc(C(O)CC(O)c2ccc(OC)c(OC)c2)cc1OC,X,X,X,2,2,2,0,0,0,O,O,O,O,O,O,70.758934,0.22448851
a210,UVIJAN,COC(O)c1ccc(-c2ccc(C(O)OC)cc2NCc2cc(C(C)(C)C)cc(C(C)(C)C)c2O)c(NCc2cc(C(C)(C)C)cc(C(C)(C)C)c2O)c1,CC(O)CC(C)O,X,X,X,X,4,2,0,0,0,0,O,O,O,O,N,N,34.11362,0.22773878
a212,DELZAZ,ONC(Nc1ccccc1)C(NO)Nc1ccccc1,CCOC(O)c1cccnc1,ONC(Nc1ccccc1)C(NO)Nc1ccccc1,CCOC(O)c1cccnc1,X,X,2,1,2,1,0,0,N,N,N,N,N,N,22.006987,0.10592034
a213,UQESOB,CC(O)C(Cl)C(C)O,CC(O)C(Cl)C(C)O,CC(O)C(Cl)C(C)O,X,X,X,2,2,2,0,0,0,O,O,O,O,O,O,-3.8698213,0.16002867
a215,UBUNEN,CC(NO)C(C)NO,CC(NO)C(C)NO,CCCCN,Oc1c(CNc2cnccc2)cc(Br)cc1Br,X,X,2,2,1,1,0,0,C,N,N,N,N,N,5.1512127,0.17698799
a216,HUTFEK,Oc1ccccc1-c1nc(-c2ccccc2O)n(-c2ccccc2)n1,Oc1ccccc1-c1nc(-c2ccccc2O)n(-c2ccccc2)n1,X,X,X,X,3,3,0,0,0,0,N,N,O,O,O,O,19.62823,0.24965017
a218,YOYVAM,CC(CN(CC(C)NO)CC(C)NO)NO,OC(O)C(O)O,X,X,X,X,4,2,0,0,0,0,O,O,N,N,N,N,110.29291,0.21325971
a219,BUVNIS,CN(C)CCCNCc1c(O)ccc2ccccc12,CN(C)CCCNCc1c(O)ccc2ccccc12,X,X,X,X,3,3,0,0,0,0,O,N,N,O,N,N,10.987419,0.23045352
a22,SOPHUD,OC(O)CNC1CC(NCC(O)O)CC(NCC(O)O)C1,X,X,X,X,X,6,0,0,0,0,0,O,N,O,N,O,N,-36.162167,0.18038018
a221,UCUYIE,CCc1cccc2ccccc12,Cl,CC1=NCCCN=C(C)C(C)=NCCCN=C1C,X,X,X,1,1,4,0,0,0,C,Cl,N,N,N,N,43.93333,0.14273687
a223,XAVCIK,CCC(C)(C)c1cc(CNC(C(C)C)C(O)O)c(O)c(C(C)(C)CC)c1,CCC(C)(C)c1cc(CNC(C(C)C)C(O)O)c(O)c(C(C)(C)CC)c1,X,X,X,X,3,3,0,0,0,0,O,O,O,O,N,N,38.01527,0.17344718
a224,KUJREP,CC(NO)C(C)NO,CC(NO)C(C)NO,CC(N)c1ccccc1,NCO,X,X,2,2,1,1,0,0,N,N,N,N,N,N,2.4866202,0.14926971
a226,YEJPEM,CC(NNC(N)S)c1nccs1,CC(NNC(N)S)c1nccs1,X,X,X,X,3,3,0,0,0,0,S,S,N,N,N,N,5.1009483,0.062417753
a227,NUYMAY,CC(C)(C)OO,CN1CCN(C)Cc2cccc(n2)CN(C)CC1,CC(C)(C)OO,X,X,X,1,4,1,0,0,0,O,N,O,N,N,N,48.24802,0.2238175
a228,SUJGIQ,CC(C=C(C)N/1)NC1=N\N/C(C)=C(NO)/C,CC(C=C(C)N/1)NC1=N\N/C(C)=C(NO)/C,X,X,X,X,3,3,0,0,0,0,N,N,N,N,N,N,-11.504995,0.08003024
a23,OHOHEB,Cl,CC(NO)C(C)NO,CC(NO)C(C)NO,CCCCn1ccnc1,X,X,1,2,2,1,0,0,Cl,N,N,N,N,N,15.168268,0.12320064
a230,HEZYAQ,NC(c1ccccc1)C(NC(c1ccccc1O)c1ccccc1O)c1ccccc1,NC(c1ccccc1)C(N)c1ccccc1,X,X,X,X,4,2,0,0,0,0,O,O,N,N,N,N,21.823853,0.17922269
a232,FEMZAC,CCN,FC(F)C(F)(F)C(F)(F)F,CCN,FC(F)C(F)(F)C(F)(F)F,CCN,FC(F)C(F)(F)C(F)(F)F,1,1,1,1,1,1,N,C,N,C,N,C,56.091843,0.104228094
a234,LUNWAV,COc1ccc(-c2csc(NNC(C)c3cnccn3)n2)cc1,COc1ccc(-c2csc(NNC(C)c3cnccn3)n2)cc1,X,X,X,X,3,3,0,0,0,0,N,N,N,N,N,N,5.6780624,0.22668295
a236,XAMFAW,Cl,C/C1=C(C)/NOC(C2=CC=CC=C2)(C3=CC=CC=C3)ON/C(C)=C(C)\NOC(C4=CC=CC=C4)(C5=CC=CC=C5)ON1,Cl,X,X,X,1,4,1,0,0,0,Cl,N,N,N,N,Cl,16.486584,0.14021453
a238,HUPRIW,OC(O)CNCC(O)O,OC(O)CNCC(O)O,X,X,X,X,3,3,0,0,0,0,O,O,O,O,N,N,-68.40734,0.22369425
a24,KUJQOY,CC(NO)C(C)NO,CC(NO)C(C)NO,CC(N)c1ccccc1,NCS,X,X,2,2,1,1,0,0,N,N,N,N,N,N,5.683716,0.14984016
a240,CUZDEJ,Oc1c(CNc2c(O)c(Br)cc(Br)c2)cccc1,Oc1c(CNc2c(O)c(Br)cc(Br)c2)cccc1,X,X,X,X,3,3,0,0,0,0,O,O,O,O,N,N,3.4277651,0.21296066
a248,JEFVUP,CO,CC(C)(C)c1cccc(CNc2ccccc2NCc2cccc(C(C)(C)C)c2O)c1O,CO,X,X,X,1,4,1,0,0,0,N,O,O,N,O,O,25.20267,0.18002865
a249,SAXTAQ,CCC(CC)(C(O)Nc1cccc2cccnc12)C(O)Nc1cccc2cccnc12,O,X,X,X,X,5,1,0,0,0,0,N,N,N,N,C,O,28.792145,0.14785211
a251,YELMOU,CC(O)C(N)C(O)O,CC(O)C(N)C(O)O,CC(O)C(N)C(O)O,X,X,X,2,2,2,0,0,0,N,N,N,O,O,O,34.454853,0.07833162
a255,EQIGUJ,Fc1ccc(NC(S)NNCc2cccc3cccnc23)cc1,Fc1ccc(NC(S)NNCc2cccc3cccnc23)cc1,X,X,X,X,3,3,0,0,0,0,S,S,N,N,N,N,26.051516,0.15308514
a256,OFIZOW,Cl,Cl,C1CNCCNCCCNCCNC1,X,X,X,1,1,4,0,0,0,Cl,Cl,N,N,N,N,79.95417,0.21178322
a258,IHIXOM,CN(C)C(S)S,COP(C1=CC=CC=C1)OC,COP(C1=CC=CC=C1)OC,CN(C)C(S)S,X,X,2,1,1,2,0,0,S,S,P,S,S,P,33.271374,0.10846613
a259,PUYDUL,CCN,FC(F)F,c1ccncc1,FC(F)F,c1ccncc1,FC(F)F,1,1,1,1,1,1,N,C,N,C,N,C,147.33476,0.004954577
a26,NOKGOJ,Cc1[nH]nc(CNNC(S)SCC2=CC=CC=C2)c1,Cc1[nH]nc(CNNC(S)SCC2=CC=CC=C2)c1,X,X,X,X,3,3,0,0,0,0,S,N,N,S,N,N,2.7720397,0.16132537
a260,BORYAI,CN(CCN(C)CC(O)O)CC(O)O,NCCN,X,X,X,X,4,2,0,0,0,0,O,O,N,N,C,C,-46.25275,0.19927852
a261,RUWXEP,CC(C)(C)c1cc(CNc2ccccc2N)c(O)c(C(C)(C)C)c1,CC(C)(C)c1cc(CNc2ccccc2N)c(O)c(C(C)(C)C)c1,X,X,X,X,3,3,0,0,0,0,O,O,N,N,N,N,34.84819,0.19271223
a262,CAZHUK,Oc1c(CNCCCNCCCNCc2c(O)c(Br)ccc2)cccc1Br,NNN,X,X,X,X,5,1,0,0,0,0,O,O,N,N,N,N,-8.727354,0.12755209
a264,UBUNOX,CC(NO)C(C)NO,CC(NO)C(C)NO,CCCCN,COc1ccc(O)c(CNc2cccnc2)c1,X,X,2,2,1,1,0,0,C,N,N,N,N,N,15.319201,0.16113102
a265,UGAXIN,O,OC(Nc1cccc2cccnc12)c1ccccc1,OC(Nc1cccc2cccnc12)c1ccccc1,X,X,X,1,3,2,0,0,0,O,N,N,N,N,C,16.256735,0.2188493
a266,KOXBEH,OC(Nc1nc(NC(O)c2ccccn2)nc(-c2ccccc2)n1)c1ccccn1,NNN,X,X,X,X,5,1,0,0,0,0,N,O,N,N,N,O,-12.080729,0.22196464
a267,TEHXEJ,Oc1ccccc1CNCCN(O)Cc1ccccc1O,CC(C)C,X,X,X,X,5,1,0,0,0,0,O,O,O,N,N,C,4.3700714,0.19670841
a268,OPATOR,Oc1ccccc1CNCc1cc(Cl)ccc1O,Oc1ccccc1CNCc1cc(Cl)ccc1O,X,X,X,X,3,3,0,0,0,0,O,O,O,O,N,N,3.1638281,0.13268116
a27,EAIGCO,CC(O)CC(C)NCCNC(C)CC(C)O,NCC(O)O,NCC(O)O,X,X,X,4,1,1,0,0,0,N,N,N,N,O,O,49.230312,0.19501251
a270,EFADAU,CCN(Cc1ccccn1)Cc1ccccn1,Oc1cccc2cccnc12,S,X,X,X,3,2,1,0,0,0,O,S,N,N,N,N,0.48206156,0.19040675
a271,XOTHOG,CC(C)(CNCc1cc(Cl)cc(Cl)c1O)CNCc1cc(Cl)cc(Cl)c1O,OS(C)C,NNN,X,X,X,4,1,1,0,0,0,O,O,O,N,N,N,86.96648,0.11449451
a272,LEKZUA,CNCCCNCc1c(O)cc(Br)cc1,CNCCCNCc1c(O)cc(Br)cc1,X,X,X,X,3,3,0,0,0,0,O,O,N,N,N,N,14.411734,0.10428522
a275,XEVHUF,Cl,CC(NO)C(C)NO,CC(NO)C(C)NO,O=C(C1=CC=CC2=C1C3=CC=C2)N(CC4=CCNC=C4)C3=O,X,X,1,2,2,1,0,0,Cl,N,N,N,N,N,17.854584,0.15497936
a278,NUMLUF,CN(C=C1)CN1CCN/C=C2C(O)=CCC=C\2,CN(C=C1)CN1CCN/C=C2C(O)=CCC=C\2,X,X,X,X,3,3,0,0,0,0,C,N,O,C,N,O,26.03021,0.14250189
a279,CORHOG,Oc1ccccc1CNc1ccccc1NCc1ccccc1O,c1ccncc1,CC,X,X,X,4,1,1,0,0,0,O,O,N,N,N,C,-20.208864,0.18684433
a280,LEWPAI,COCCNCc1c(O)ccc2ccccc12,COCCNCc1c(O)ccc2ccccc12,COCCNCc1c(O)ccc2ccccc12,X,X,X,2,2,2,0,0,0,O,O,O,N,N,N,7.175318,0.2430082
a284,FIVGAW,NCCNCCCl,NCCNCCCl,ONO,ONO,X,X,2,2,1,1,0,0,N,N,N,N,N,N,112.8952,0.17791179
a285,AKONEW,Cc1ncc(CO)c(CNCCCNCCNCc2c(CO)cnc(C)c2O)c1O,NNN,X,X,X,X,5,1,0,0,0,0,O,O,N,N,N,N,2.6696417,0.086173475
a286,BOFBIL,COc1cc(C)cc(CNCCNCc2cc(C)cc(OC)c2O)c1O,c1c[nH]cn1,c1c[nH]cn1,X,X,X,4,1,1,0,0,0,O,O,N,N,N,N,11.755867,0.16232017
a288,SEDPUQ,NC1CCCCC1NCc1cccc(-c2ccccc2)c1O,NC1CCCCC1NCc1cccc(-c2ccccc2)c1O,X,X,X,X,3,3,0,0,0,0,O,O,N,N,N,N,-66.072044,0.16156653
a29,NAZMAG,Oc1ccccc1C1=NC(c2ccccc2)CO1,CC(O)CC(C)O,CC(O)CC(C)O,X,X,X,2,2,2,0,0,0,O,O,O,O,O,N,62.608475,0.11059316
a291,TEDTAX,CC(O)C(NO)C(O)c1ccccc1,CC(O)C(NO)C(O)c1ccccc1,CC(O)C(NO)C(O)c1ccccc1,X,X,X,2,2,2,0,0,0,O,N,O,N,O,N,12.073135,0.15068586
a292,DUJMAZ,NC1CCCCC1NC(c1ccccc1O)c1ccccc1O,NC(c1ccccc1)C(N)c1ccccc1,X,X,X,X,4,2,0,0,0,0,O,O,N,N,N,N,-29.082014,0.17259727
a295,NUYLUR,CN1CCN(C)Cc2cccc(n2)CN(C)CC1,CC(C)(C)OO,NNN,X,X,X,4,1,1,0,0,0,N,O,N,N,N,N,34.191063,0.21368952
a296,GUZTON,CC(CC(C)N1)N1C(N2C(C)CC(C)N2)N3C(C)CC(C)N3,OC1(OO)C(C(C)(C)C)C=C(C(C)(C)C)C=C1N,X,X,X,X,3,3,0,0,0,0,O,O,N,N,N,N,40.218616,0.11731877
a297,JUJFOM,OS(C)C,Cc1ncc(CO)c(CNCCNCc2c(CO)cnc(C)c2O)c1O,CC(O)O,X,X,X,1,4,1,0,0,0,O,O,O,N,N,O,36.70125,0.1380399
a298,IGOHUK,OC(Nc1cccc2cccnc12)c1ccc2ccccc2n1,OC(Nc1cccc2cccnc12)c1ccc2ccccc2n1,X,X,X,X,3,3,0,0,0,0,N,N,N,N,N,N,-18.395006,0.24335673
a3,BEQSID,CC(NNC(S)Nc1ccccc1)c1ccccn1,CC(NNC(S)Nc1ccccc1)c1ccccn1,X,X,X,X,3,3,0,0,0,0,S,S,N,N,N,N,41.294018,0.024966955
a300,RUGZEB,OS(O)(O)O,c1ccc(CCN(CCc2ccccn2)Cc2ccccn2)nc1,X,X,X,X,2,4,0,0,0,0,O,O,N,N,N,N,63.172626,0.15275005
a302,UXOZAL,COC(O)c1ccc(-c2cc(C)cc(-c3ccc(C(O)OC)cc3NCc3c(O)ccc4ccccc34)c2NCc2c(O)ccc3ccccc23)c(NCc2c(O)ccc3ccccc23)c1,CC(O)CC(C)O,X,X,X,X,4,2,0,0,0,0,O,N,O,O,O,N,13.287722,0.21653843
a303,CEFWUJ,CCOc1cccc(CNCCCNCc2cccc(OCC)c2O)c1O,CCOc1cccc(CO)c1O,X,X,X,X,4,2,0,0,0,0,O,O,O,O,N,N,39.18476,0.11371202
a304,DUSPIT,O=C(NC1N(O)C=CC=C1)C2=CC=CC=C2,O=C(NC1N(O)C=CC=C1)C2=CC=CC=C2,O=C(NC1N(O)C=CC=C1)C2=CC=CC=C2,X,X,X,2,3,1,0,0,0,O,O,O,N,N,C,5.3523655,0.15087566
a307,OJABAF,CC(NO)C(C)NO,CC(NO)C(C)NO,c1ccc(Cn2ccnc2)cc1,C,X,X,2,2,1,1,0,0,N,N,N,N,N,C,11.240791,0.123156965
a308,BOFBUX,COc1cc(C)cc(CNCCNCc2cc(C)cc(OC)c2O)c1O,c1ccncc1,c1ccncc1,X,X,X,4,1,1,0,0,0,O,O,N,N,N,N,3.8699076,0.18972184
a309,TOYROR,Cl,C1=C2N=C(C=C3N=C(C=C4N=C(C=C5N=C1c1ccccc15)c1ccccc14)c1ccccc13)c1ccccc12,Cl,X,X,X,1,4,1,0,0,0,Cl,N,N,N,N,Cl,95.33376,0.1216434
a310,XUGVON,OC(O)(c1ccccn1)c1ccccn1,OC(O)(c1ccccn1)c1ccccn1,X,X,X,X,3,3,0,0,0,0,N,N,O,N,N,O,-54.843296,0.13447496
a311,UCUQES,OC1=C(C)NC=C(CO)/C1=C/N/N=C(O)/N,OC1=C(C)NC=C(CO)/C1=C/N/N=C(O)/N,X,X,X,X,3,3,0,0,0,0,O,N,O,O,N,O,34.388668,0.14273636
a314,SOCSUC,NC(Cc1c[nH]cn1)C(O)O,NC(Cc1c[nH]cn1)C(O)O,X,X,X,X,3,3,0,0,0,0,O,N,N,O,N,N,-45.494053,0.22245748
a315,WIFCEX,CC(C)(C)c1cccc(CNc2ccccc2NCc2cccc(C(C)(C)C)c2O)c1O,c1ccncc1,c1ccncc1,X,X,X,4,1,1,0,0,0,O,O,N,N,N,N,8.715759,0.1601708
a316,KUJRIT,CC(NO)C(C)NO,CC(NO)C(C)NO,CC(N)c1ccccc1,NCS,X,X,2,2,1,1,0,0,N,N,N,N,N,N,5.683716,0.14984016
a318,MAZZAS,OS(C1=NC(C2=CC=CC=C2)=NN1)NS(O)C3=NN=C(C4=CC=CC=C4)N3,c1cnc2c(c1)ccc1cccnc12,N,X,X,X,3,2,1,0,0,0,N,N,N,N,N,N,31.171732,0.16271673
a32,CALCOL,CCN,FC(F)C(F)(F)C(F)(F)C(F)F,CCN,CCN,CCN,X,1,2,1,1,1,0,N,C,N,N,N,C,76.944016,0.065721095
a320,EQIGIX,SC(NCc1cccnc1)NNCc1cccc2cccnc12,SC(NCc1cccnc1)NNCc1cccc2cccnc12,X,X,X,X,3,3,0,0,0,0,S,S,N,N,N,N,6.4320297,0.12444164
a323,OHUTOD,Cl,CC(NO)C(C)NO,CC(NO)C(C)NO,CC(O)c1cccnc1,X,X,1,2,2,1,0,0,Cl,N,N,N,N,N,11.077816,0.11928617
a325,JADQEO,CC(O)CC(C)O,CCCN1CN(C2CC=CC=N2)C3=CC=CC=C31,CC(O)CC(C)O,X,X,X,2,2,2,0,0,0,N,O,O,O,O,C,76.90696,0.13532296
a326,XARZOJ,C(N/1)(/C=C2C=C/C(N/2)=C/3)C=CC1=C4N/C(C=C\4)=C\C5=CC=C3N5,c1ccncc1,c1ccncc1,X,X,X,4,1,1,0,0,0,N,N,N,N,N,N,141.55457,0.22632305
a327,FEMZIK,FC(F)C(F)(F)C(F)(F)F,CCN,CCN,FC(F)C(F)(F)C(F)(F)F,CCN,CCN,1,1,1,1,1,1,C,N,N,C,N,N,48.589943,0.045287237
a328,GAJZAW,Oc1ccccc1CNNc1ccccn1,Oc1ccccc1CNNc1ccccn1,X,X,X,X,3,3,0,0,0,0,N,N,N,N,O,O,42.00841,0.16369632
a33,QAWSIU,Nc1ccc(C(O)O)cc1,CC(NO)C(C)NO,CC(NO)C(C)NO,Cl,X,X,1,2,2,1,0,0,N,N,N,N,N,Cl,10.38851,0.13577814
a330,ACINUX,NNN,NCCN,NNN,NCCN,X,X,1,2,1,2,0,0,N,N,N,N,N,N,86.24755,0.11476574
a331,WAFLEY,COc1cccc(CNNc2ncccc2Cl)c1O,COc1cccc(CNNc2ncccc2Cl)c1O,X,X,X,X,3,3,0,0,0,0,N,N,N,N,O,O,-21.968908,0.11708808
a332,LEPDUI,Oc1ccccc1NCc1ncc[nH]1,Oc1ccccc1NCc1ncc[nH]1,X,X,X,X,3,3,0,0,0,0,O,N,N,O,N,N,10.097532,0.19396177
a333,EKOKEV,CP(C)C,CP(C)C,F,Cc1ccc(NCc2ccccc2F)cc1,C,X,1,1,1,2,1,0,P,P,F,N,C,C,12.651674,0.09084316
a334,REZQES,OC(O)CC(NCCNC(CC(O)O)C(O)O)C(O)O,X,X,X,X,X,6,0,0,0,0,0,O,O,O,O,N,N,-19.201208,0.08796635
a335,QUBHIE,OC(O)CCN(CCCN(CCC(O)O)CC(O)O)CC(O)O,X,X,X,X,X,6,0,0,0,0,0,O,O,O,O,N,N,-2.0674074,0.22735876
a336,BEQSIZ,CC(NC(C)C(C)NC(C)c1ccccc1O)c1ccccc1O,c1ccncc1,c1ccncc1,X,X,X,4,1,1,0,0,0,O,O,N,N,N,N,27.166086,0.101117864
a337,ABOBEA,ONCc1ccccn1,c1ccc(-c2ccccn2)nc1,ONCc1ccccn1,X,X,X,2,2,2,0,0,0,N,N,N,N,N,N,43.990112,0.18345633
a339,MEDCUW,OC(Nc1ccccc1NC(O)c1ccccn1)c1ccccn1,C1CCNC1,C1CCNC1,X,X,X,4,1,1,0,0,0,N,N,N,N,N,N,25.450438,0.16264728
a34,LIKMOL,NCCN,NCCN,NNN,NNN,X,X,2,2,1,1,0,0,N,N,N,N,N,N,86.24756,0.11476574
a340,SICCAL,CP(C)C,CP(C)C,OCC1=CC=CN1,OCC1=CC=CN1,X,X,1,1,2,2,0,0,P,O,N,P,O,N,5.5520916,0.21282195
a341,IFUVEK,NCO,CC(NO)C(C)NO,CC(NO)C(C)NO,CC(N)c1cccc2ccccc12,X,X,1,2,2,1,0,0,N,N,N,N,N,N,6.595289,0.14431332
a342,QETQOW,CC1CCNC2CCCCC2NC(C)CCNC2CCCCC2N1,NNN,NNN,X,X,X,4,1,1,0,0,0,N,N,N,N,N,N,27.864208,0.25547737
a344,CAZQUS,Oc1ccccc1CNc1ccccc1NCc1ccccc1O,OCOCc1ccc(Br)cc1,c1ccncc1,X,X,X,4,1,1,0,0,0,O,N,N,O,C,N,9.569908,0.25644094
a345,NOKJUU,ONCc1ccccn1,ONCc1ccccn1,ONCc1ccccn1,X,X,X,2,2,2,0,0,0,N,N,N,N,N,N,21.090347,0.19087075
a346,LITGIE,CC(CNC(c1ncccc1)O)(S)C,CC(CNC(c1ncccc1)O)(S)C,X,X,X,X,3,3,0,0,0,0,S,S,N,N,N,N,59.168404,0.21876281
a347,PESFUP,CC(C)NCCNCc1cc(Cl)cc(Cl)c1O,CC(C)NCCNCc1cc(Cl)cc(Cl)c1O,X,X,X,X,3,3,0,0,0,0,O,O,N,N,N,N,89.68999,0.13085638
a348,YEVLUG,CC(NO)C(C)NO,CC(NO)C(C)NO,NC(CO)c1ccccc1,CCCN,X,X,2,2,1,1,0,0,N,N,N,N,N,C,5.393139,0.16677605
a349,ENIDIO,COC(O)(c1ccccn1)c1ccccn1,COC(O)(c1ccccn1)c1ccccn1,X,X,X,X,3,3,0,0,0,0,O,N,N,O,N,N,0.3441202,0.1750404
a350,ZOJWUS,CNC(S)NNC(N)c1ccccn1,CNC(S)NNC(N)c1ccccn1,X,X,X,X,3,3,0,0,0,0,S,S,N,N,N,N,96.63674,0.014062136
a351,UQEGUT,NCS,CC(NCCNCCO)c1ccccc1O,NCCNCCO,X,X,X,1,3,2,0,0,0,N,N,N,N,N,O,17.811943,0.25126323
a354,CIHNOW,CC(NO)C(C)NO,CC(NO)C(C)NO,c1c[nH]cn1,C,X,X,2,2,1,1,0,0,N,N,N,N,N,C,11.208061,0.13239868
a355,DISDIU,Cc1cc(NC(O)c2ccccn2)c(NC(O)c2ccccn2)cc1C,C1CCNCC1,NNN,X,X,X,4,1,1,0,0,0,N,N,N,N,N,N,41.224655,0.17910716
a356,YEDVOV,CCCCCNCc1c(O)ccc2ccccc12,CCCCCNCc1c(O)ccc2ccccc12,CCCCCNCc1c(O)ccc2ccccc12,X,X,X,2,2,2,0,0,0,O,O,O,N,N,N,-38.827396,0.15425132
a358,AQENAN,CCCN,CC(NO)C(C)NO,CC(NO)C(C)NO,COc1ccc(O)c(CNc2cccnc2)c1,X,X,1,2,2,1,0,0,C,N,N,N,N,N,14.326916,0.1389959
a36,ZACGUJ,Oc1c(CNc2cccc3cccnc23)cc2c3c1CCCN3CCC2,Oc1c(CNc2cccc3cccnc23)cc2c3c1CCCN3CCC2,X,X,X,X,3,3,0,0,0,0,O,O,N,N,N,N,25.557665,0.20864947
a360,TADZON,Oc1ccccc1CNCCCC(NCc1ccccc1O)C(O)O,c1ccncc1,X,X,X,X,5,1,0,0,0,0,O,O,O,N,N,N,-50.872753,0.15639926
a361,KIGGUD,CC(C)C1C=C(C(C)C)NN1C(N2C(C(C)C)C=C(C(C)C)N2)N3C(C(C)C)C=C(C(C)(O)C)N3,CC(C)c1cc(C(C)C)[nH]n1,OC(O)c1ccc(F)cc1,X,X,X,4,1,1,0,0,0,N,N,N,O,N,O,62.19185,0.15970956
a362,CEZFIW,Cl,CC(NO)C(C)NO,CC(NO)C(C)NO,CNC,X,X,1,2,2,1,0,0,Cl,N,N,N,N,N,5.243847,0.1452095
a363,SOFZOD,CCN(CC)C(S)S,CCN(CC)C(S)S,c1cnc2c(c1)ccc1cccnc12,X,X,X,2,2,2,0,0,0,S,S,S,S,N,N,17.459232,0.022954315
a364,COBDAY,CC(NO)C(C)NO,CC(NO)C(C)NO,Cc1ccncc1,CCCN,X,X,2,2,1,1,0,0,N,N,N,N,N,C,8.223871,0.14682548
a366,OJONAE,CC(CC(O)c1ccccc1)NCCCNC(C)CC(O)c1ccccc1,c1ccncc1,c1ccncc1,X,X,X,4,1,1,0,0,0,O,O,N,N,N,N,-14.521208,0.16643515
a367,SAXQEN,O,CC(NO)C(C)NO,CC(NO)C(C)NO,C1CCCC1,X,X,1,2,2,1,0,0,O,N,N,N,N,C,15.952197,0.13418955
a37,ASOVIN,CN(C)C(O)NC(S)N(C)C,CN(C)C(O)NC(S)N(C)C,CN(C)C(O)NC(S)N(C)C,X,X,X,2,2,2,0,0,0,S,S,S,O,O,O,126.42675,0.16675198
a370,HUKKIJ,CCOc1cccc(CNCCNCc2cccc(OCC)c2O)c1O,NNN,NNN,X,X,X,4,1,1,0,0,0,N,N,N,N,O,O,9.00873,0.14845312
a371,MERVAH,Cl,ONC(c1ccccc1)C(NO)c1ccccc1,ONC(c1ccccc1)C(NO)c1ccccc1,c1cnccn1,X,X,1,2,2,1,0,0,Cl,N,N,N,N,N,13.276014,0.13376054
a372,YAVRAP,CC(NO)C(C)NO,CC(NO)C(C)NO,CCCCCN,Nc1ccccc1,X,X,2,2,1,1,0,0,N,N,N,N,N,C,9.465006,0.15135123
a375,UMUTUR,FC1CCCCC1,CC(NO)C(C)NO,CC(NO)C(C)NO,CC(C)(C)c1ccncc1,X,X,1,2,2,1,0,0,N,N,N,N,N,C,9.614899,0.14497988
a376,MEBXIB,ONC(c1ccccc1)C(NO)c1ccccc1,ONCCNO,c1ccncc1,CCCCCCCC,X,X,2,2,1,1,0,0,N,N,N,N,N,C,29.666697,0.14330545
a377,XUSNIJ,c1ccc(Nc2ccccc2NNc2ccccn2)cc1,CCCCCCCCCCc1ccc(Nc2ccccc2NNc2ccccn2)cc1,X,X,X,X,3,3,0,0,0,0,N,N,N,N,N,N,9.985287,0.13303469
a379,ZAPQUF,COc1ccc(-c2csc(NNCc3ccccn3)n2)cc1,COc1ccc(-c2csc(NNCc3ccccn3)n2)cc1,X,X,X,X,3,3,0,0,0,0,N,N,N,N,N,N,27.735233,0.23029497
a380,MUFKAZ,CN(Cc1c(O)ccc2ccccc12)CC(O)O,CN(Cc1c(O)ccc2ccccc12)CC(O)O,X,X,X,X,3,3,0,0,0,0,N,O,O,N,O,O,-32.093765,0.20301646
a381,MOJBUL,O=C1C(NNC2=CC=CC=C2)=COC(C)(C)O1,O=C1C(NNC2=CC=CC=C2)=COC(C)(C)O1,X,X,X,X,3,3,0,0,0,0,N,N,O,O,O,O,31.327908,0.22546634
a382,KEHNER,Oc1ccccc1CNCc1ccccn1,Oc1ccccc1CNCc1ccccn1,X,X,X,X,3,3,0,0,0,0,N,N,O,N,N,O,30.75434,0.16494207
a383,NOKJAY,NNN,NNN,NNN,Cc1ccncc1C,Cc1ccncc1C,Cc1ccncc1C,1,1,1,1,1,1,N,N,N,N,N,N,50.369064,0.13046485
a384,BIYFAQ,C/C1=C(C)/NOC(F)(F)ON/C(C)=C(C)\NOC(F)(F)ON1,c1c[nH]cn1,C,X,X,X,4,1,1,0,0,0,N,N,N,N,N,C,47.38795,0.1417531
a386,CAQBOL,SC1N(O)C(C)=CC=C1,SC1N(O)C(C)=CC=C1,SC1N(O)C(C)=CC=C1,X,X,X,2,2,2,0,0,0,S,S,S,O,O,O,37.071857,0.16533567
a388,KIYTAN,CC(NO)C(C)NO,CC(NO)C(C)NO,CCOC(O)C(C)(C)C(O)OCC,Nc1ccccc1,X,X,2,2,1,1,0,0,N,N,N,N,N,C,3.5627139,0.15298975
a39,IKADAC,CC(NO)C(C)NO,CC(NO)C(C)NO,c1ccncc1,CCC,X,X,2,2,1,1,0,0,N,N,N,N,N,C,4.7612934,0.12626164
a392,VAVFAA,CC(NNCC(O)O)c1ccccn1,CC(NNCC(O)O)c1ccccn1,X,X,X,X,3,3,0,0,0,0,N,N,N,N,O,O,40.678528,0.17530727
a394,UCABAD,CCOC(O)CC,CC(NO)C(C)NO,CC(NO)C(C)NO,CC(N)C1CCCCC1,X,X,1,2,2,1,0,0,N,N,N,N,N,C,14.537025,0.17093693
a395,BISXIK,Cl,COP(C1=CC=CC=C1)C2=CC=CC=C2,CC(NO)C(C)NO,CC(NO)C(C)NO,X,X,1,1,2,2,0,0,Cl,P,N,N,N,N,13.294106,0.14299601
a396,KEHNIV,COc1cccc(CNCc2ccccn2)c1O,COc1cccc(CNCc2ccccn2)c1O,X,X,X,X,3,3,0,0,0,0,N,N,O,N,N,O,-42.91036,0.102837995
a397,TAXFUV,c1ccc2c(c1)C1=NC2=NC2=NC(=NC3=NC(=NC4=NC(=N1)c1ccccc14)c1ccccc13)c1ccccc12,CN,CN,X,X,X,4,1,1,0,0,0,N,N,C,N,N,C,58.840355,0.10134117
a398,ZEZJAP,OCNC(O)C(O)O,NCCN,NCCN,X,X,X,2,2,2,0,0,0,N,N,N,N,N,O,52.240353,0.14479396
a399,CUBXED,Oc1ccccc1CNc1ccccc1O,Oc1ccccc1CNc1ccccc1O,X,X,X,X,3,3,0,0,0,0,N,N,O,O,O,O,44.63576,0.23063636
a4,ISEBEQ,Cl,Cl,OC(O)c1ccc(NCc2ccccn2)cc1,OC(O)c1ccc(NCc2ccccn2)cc1,X,X,1,1,2,2,0,0,Cl,Cl,N,N,N,N,33.853912,0.18469219
a40,SIRVOI,CC(CO)NNC(N)S,CC(CO)NNC(N)S,X,X,X,X,3,3,0,0,0,0,S,S,O,N,N,O,16.362732,0.12042221
a400,JUVGIS,CC(NCc1cc(C(C)(C)C)cc(C(C)(C)C)c1O)c1ccccc1,CC(NCc1cc(C(C)(C)C)cc(C(C)(C)C)c1O)c1ccccc1,c1ccncc1,c1ccncc1,X,X,2,2,1,1,0,0,O,O,N,N,N,N,17.161777,0.15239838
a402,GEMMOA,CC(NO)C(C)NCCCNC(C)C(C)NO,Cc1cc2ncn(C)c2cc1C,C,X,X,X,4,1,1,0,0,0,N,N,N,N,N,C,23.850197,0.15205655
a404,QADNUE,ONO,ONO,NCCNCCCNCCN,X,X,X,1,1,4,0,0,0,N,N,N,N,N,N,98.35345,0.19474289
a405,KUDJAU,N,N,N,OC(O)CC(O)C(O)O,X,X,1,1,1,3,0,0,N,N,N,O,O,O,-8.160143,0.13002789
a406,NIZMOY,NCCCNCCCNCC(O)O,ONO,ONO,X,X,X,4,1,1,0,0,0,O,N,N,N,N,N,34.18248,0.17323823
a407,KIZRAO,Cn1cc(N(O)O)cc1C(O)NNCc1ccccc1O,Cn1cc(N(O)O)cc1C(O)NNCc1ccccc1O,X,X,X,X,3,3,0,0,0,0,N,N,O,O,O,O,47.22244,0.16313186
a408,GAXVEG,CC(NO)C(C)NCCCNC(C)C(C)NO,O,Cc1ccccc1,X,X,X,4,1,1,0,0,0,O,N,N,N,N,C,-9.193033,0.15008692
a409,AQAWUK,CC(NO)C(C)NCCc1ccccn1,CC(NO)C(C)NCCc1ccccn1,Cc1ccccc1,Cc1ccccc1,X,X,2,2,1,1,0,0,C,C,N,N,N,N,7.1680393,0.160598
a41,EHUBUH,CC(NCc1cccc(CNC(C)C(O)O)n1)C(O)O,c1cnccn1,X,X,X,X,5,1,0,0,0,0,O,O,N,N,N,N,9.006861,0.15937844
a410,OHIYOV,OC(Nc1ccc2c(c1)OCO2)c1ccccn1,OC(Nc1ccc2c(c1)OCO2)c1ccccn1,OC(Nc1ccc2c(c1)OCO2)c1ccccn1,X,X,X,2,2,2,0,0,0,N,N,N,N,N,N,13.153324,0.115427166
a411,GUCGOA,CC(O)CC(O)C(F)(F)F,CC(O)CC(O)C(F)(F)F,CC(O)CC(O)C(F)(F)F,X,X,X,2,2,2,0,0,0,O,O,O,O,O,O,101.073044,0.05113115
a412,SUMROJ,CCN(CC)CCNCc1c(O)ccc2ccccc12,CC(O)CC(C)O,NNN,X,X,X,3,2,1,0,0,0,O,O,O,N,N,N,37.66266,0.16607553
a413,TIZKOD,CN(P(N(NCc1c(O)cccc1)C)(S)N(NCc2c(O)cccc2)C)NCc3c(O)cccc3,X,X,X,X,X,6,0,0,0,0,0,N,N,N,O,O,O,-111.25233,0.1402903
a414,NELSEE,CP(C)C,CP(C)C,Nc1ccccc1C(O)c1ccccc1,C,C,X,1,1,2,1,1,0,P,P,O,N,C,C,-20.60679,0.11108125
a415,LIBCEE,CCC1=C(CC)C2=NC1=CC1=NC(=CC3=NC(=CC4=NC(=C2)C(CC)=C4CC)C(CC)=C3CC)C(CC)=C1CC,c1ccncc1,C,X,X,X,4,1,1,0,0,0,N,N,N,N,N,C,19.5161,0.075122446
a416,KECVAQ,OS(O)CC1=CC=CC=C1,ONCCNO,ONCCNO,CC(C)(C)c1ccncc1,X,X,1,2,2,1,0,0,S,N,N,N,N,N,12.717331,0.111548305
a417,EROYAL,Cc1cc(CNNC(S)N2CCCCCC2)n[nH]1,Cc1cc(CNNC(S)N2CCCCCC2)n[nH]1,X,X,X,X,3,3,0,0,0,0,S,S,N,N,N,N,91.19375,0.15120241
a418,TAWMIP,OC(O)c1cccc(C(O)O)n1,c1ccncc1,c1ccncc1,c1ccncc1,X,X,3,1,1,1,0,0,N,N,N,N,O,O,49.088634,0.14821717
a42,ZUDQIB,CC(C(C(O)C)c1ccc(SC)cc1)O,CC(C(C(O)C)c1ccc(SC)cc1)O,CC(C(C(O)C)c1ccc(SC)cc1)O,X,X,X,2,2,2,0,0,0,O,O,O,O,O,O,47.65961,0.17129293
a420,DEBQEI,CC(c1ncccc1)NNC(SC)N,CC(c1ncccc1)NNC(SC)N,X,X,X,X,3,3,0,0,0,0,N,N,N,N,N,N,33.583427,0.07768985
a421,QIGRAZ,NCCNCCN,CN,CN,CN,X,X,3,1,1,1,0,0,N,N,C,C,N,C,121.121086,0.22003698
a422,WOYCIW,OC(O)CN(CC(O)O)C(Cc1ccccc1)C(O)O,NC(Cc1ccccc1)C(O)O,X,X,X,X,4,2,0,0,0,0,O,O,O,O,N,N,-13.144766,0.14965917
a425,EBAPIJ,N#CCCP(C1=CC=CC=C1)CCC#N,N#CCCP(C1=CC=CC=C1)CCC#N,CC(O)CC(C)O,CC(O)CC(C)O,X,X,1,1,2,2,0,0,P,P,O,O,O,O,25.151945,0.15552501
a426,XAYWOM,c1ccc(-c2ccccn2)nc1,c1ccc(-c2ccccn2)nc1,Cc1ccccc1,Cc1ccccc1,X,X,2,2,1,1,0,0,N,N,N,N,C,C,112.04434,0.09800509
a427,CAPJEI,CC(NO)C(C)NO,CC(NO)C(C)NO,Nc1ccccn1,CCC,X,X,2,2,1,1,0,0,N,N,N,N,N,C,10.345514,0.16847563
a429,HUFNUR,c1ccc(Nc2ccccn2)nc1,c1ccc(Nc2ccccn2)nc1,NNN,NNN,X,X,2,2,1,1,0,0,N,N,N,N,N,N,21.893007,0.19565111
a43,GEMBOT,Cl,CC(c1cc(C(NCCCP(C2=CC=CC=C2)C3=CC=CC=C3)C)ccc1)NCCCP(C4=CC=CC=C4)C5=CC=CC=C5,X,X,X,X,1,5,0,0,0,0,Cl,P,P,N,N,C,36.5539,0.22328025
a430,QAXFUQ,OCC1(C(O)NCC(O)O)COCN1,NCCN,CN,X,X,X,3,2,1,0,0,0,N,N,N,N,O,C,33.199104,0.17348777
a431,DEBQAE,CC(c1ncccc1)NNC(SC)N,CC(c1ncccc1)NNC(SC)N,X,X,X,X,3,3,0,0,0,0,N,N,N,N,N,N,33.583427,0.07768985
a432,DOGDOS,CP(C1=CC=CC=C1)C,CC(O)CC(C)O,CC(O)CC(C)O,O,X,X,1,2,2,1,0,0,P,O,O,O,O,O,27.777987,0.12561809
a433,DOKWEI,c1ccc(-c2cccc(-c3ccccn3)n2)nc1,FC(F)C(F)(F)F,FC(F)C(F)(F)F,FC(F)C(F)(F)F,X,X,3,1,1,1,0,0,N,C,N,N,C,C,-18.046995,0.03265333
a434,OXPRCP,OC(O)C(O)O,CC(N)c1ccccn1,CC(N)c1ccccn1,X,X,X,2,2,2,0,0,0,O,N,N,O,N,N,73.33667,0.17042041
a435,OXIVIC,CC(NO)C(C)NO,CC(NO)C(C)NO,NC(O)c1ccncc1,NNN,X,X,2,2,1,1,0,0,N,N,N,N,N,N,9.109554,0.1505138
a436,PELCER,COc1cccc(CNc2cc(C)ccc2O)c1O,c1c[nH]cn1,c1c[nH]cn1,c1c[nH]cn1,X,X,3,1,1,1,0,0,N,N,N,N,O,O,6.657339,0.123915166
a437,CEWTUT,OC(O)CNCCNCC(O)O,NCCN,X,X,X,X,4,2,0,0,0,0,O,O,N,N,N,N,-66.73394,0.21831468
a438,NOKJEC,NNN,NNN,NNN,Cc1cncc(C)c1,Cc1cncc(C)c1,Cc1cncc(C)c1,1,1,1,1,1,1,N,N,N,N,N,N,-6.10639,0.17744851
a440,SICBUE,CP(C)C,CP(C)C,OCC1=CC=CN1,OCC1=CC=CN1,X,X,1,1,2,2,0,0,P,P,O,O,N,N,10.745926,0.124764234
a441,NEWRAJ,NCCN,NCCN,ONO,ONO,X,X,2,2,1,1,0,0,N,N,N,N,N,N,122.00473,0.09070528
a442,AZAYIL,Cc1nnc(S)s1,Cc1nnc(S)s1,NCCN,NCCN,X,X,1,1,2,2,0,0,N,N,N,N,N,N,9.661804,0.08209321
a444,XEZQOI,Oc1ccccc1CNc1ccccc1NCc1ccccc1O,C1COCCN1,C1COCCN1,X,X,X,4,1,1,0,0,0,O,N,N,O,N,N,-29.334604,0.26319098
a445,ZIRYEG,CC1=NCN/C1=C/NCCC(CCN/C=C2NCN=C/2C)CCN/C=C3C(C)=NCN/3,X,X,X,X,X,6,0,0,0,0,0,N,N,N,N,N,N,22.177692,0.11711367
a447,REYDEG,Oc1c(O)c(Br)c(Br)c(Br)c1Br,NCCN(CCN)CCN,X,X,X,X,2,4,0,0,0,0,O,O,N,N,N,N,78.645744,0.18407004
a448,VESWIZ,ONc1c(O)nc(O)nc1O,OC(O)CN(CC(O)O)CC(O)O,X,X,X,X,2,4,0,0,0,0,O,O,O,N,O,O,77.99674,0.1339973
a449,TAMFOF,COc1cccc(CNc2ccccc2CN2CCN(Cc3ccccc3NCc3cccc(OC)c3O)CC2)c1O,X,X,X,X,X,6,0,0,0,0,0,O,N,N,N,N,O,-56.49583,0.19358352
a45,FEBJEF,CCOc1cccc(CNCCCNCc2cccc(OCC)c2O)c1O,CC(O)CC(C)O,X,X,X,X,4,2,0,0,0,0,O,O,O,O,N,N,53.566437,0.09653329
a451,JUJTOX,CC(NO)C(C)NO,CC(NO)C(C)NO,Cc1ccncc1,COC,X,X,2,2,1,1,0,0,N,N,N,N,N,C,9.703541,0.15278935
a452,QIGKIA,CC(NCCN(C)C)c1ccccc1O,CC(O)c1ccccc1O,NNN,X,X,X,3,2,1,0,0,0,O,O,O,N,N,N,57.73862,0.18146522
a455,POZKIA,Cl,COC(Nc1ccccc1N(Cc1ccccn1)Cc1ccccn1)c1ccccn1,X,X,X,X,1,5,0,0,0,0,Cl,N,N,N,N,N,-4.157545,0.17621942
a456,WEMREL,ONO,CNCCN,CNCCN,ONO,X,X,1,2,2,1,0,0,N,N,N,N,N,N,123.5099,0.13937075
a457,LICWOK,OC(CC(O)C(F)(F)F)c1cccs1,OC(CC(O)C(F)(F)F)c1cccs1,CC1(C)N=C(c2ccccn2)N(O)C1(C)C,X,X,X,2,2,2,0,0,0,O,O,O,O,N,N,1.2659552,0.11947954
a46,ROGYEV,CCN(C)C(S)NNC(c1ccccn1)c1ccccn1,CCN(C)C(S)NNC(c1ccccn1)c1ccccn1,X,X,X,X,3,3,0,0,0,0,N,N,S,N,N,S,40.68183,0.1882734
a461,WOMTID,CC(O)CC(C)Nc1ccccc1O,Cn1ccnc1,Cn1ccnc1,Cn1ccnc1,X,X,3,1,1,1,0,0,O,N,O,N,N,N,61.65048,0.13974766
a462,USIGUZ,ON(O)c1ccc(Sc2cccs2)c(N(O)O)c1,CC(NO)C(C)NO,CC(NO)C(C)NO,c1ccncc1,X,X,1,2,2,1,0,0,N,N,N,N,N,C,14.845245,0.08743531
a464,WUCTIY,c1cnc2c(NCCN(CCNc3cccc4cccnc34)CCNc3cccc4cccnc34)cccc2c1,X,X,X,X,X,6,0,0,0,0,0,N,N,N,N,N,N,39.921143,0.21047653
a465,WONMOB,ONC(c1ccccc1)C(O)c1ccccc1,ONC(c1ccccc1)C(O)c1ccccc1,ONC(c1ccccc1)C(O)c1ccccc1,X,X,X,2,2,2,0,0,0,O,O,O,N,N,N,-45.614048,0.19729269
a466,GUYQUO,Cl,CC(NO)C(C)NO,CC(NO)C(C)NO,c1cc(-c2ccncc2)ccn1,X,X,1,2,2,1,0,0,Cl,N,N,N,N,N,12.951269,0.11542019
a467,CUXVUN,C12=NC=CC=C1C(C3=CC=C(C(C4=CC=CN4)C5=CC=CN5)C=C3)C=N2,Oc1ccccc1CNCCNCc1ccccc1O,X,X,X,X,2,4,0,0,0,0,N,N,N,N,O,O,36.602425,0.20149468
a469,QORPOC,C1CNCCCN2CCCNCCCN(C1)CCC2,X,X,X,X,X,6,0,0,0,0,0,N,N,N,N,N,N,219.121,0.21931057
a47,DOHCEI,Cl,CC(NO)C(C)NO,CC(NO)C(C)NO,C1=NCCC1,X,X,1,2,2,1,0,0,Cl,N,N,N,N,N,11.807314,0.11007205
a470,YIWTIK,CN(C)CCCNCCCNCc1ccccc1O,CN(C)CCCNCCCNCc1ccccc1O,X,X,X,X,3,3,0,0,0,0,O,N,N,O,N,N,56.997074,0.2118712
a471,ZIDWUG,NCCN,NCCN,C1(C2=NN=NN2)=CC=CC=C1,C1(C2=NN=NN2)=CC=CC=C1,X,X,2,2,1,1,0,0,N,N,N,N,N,N,38.31013,0.0576064
a473,DOGJUE,CP(C1=CC=CC=C1)C,CC(O)CC(C)O,CC(O)CC(C)O,CP(C1=CC=CC=C1)C,X,X,1,2,2,1,0,0,P,O,O,P,O,O,22.882212,0.117698096
a475,IFUVUA,CC(NO)C(C)NO,CC(NO)C(C)NO,NCO,CC(N)c1cccc2ccccc12,X,X,2,2,1,1,0,0,N,N,N,N,N,N,6.595289,0.1443133
a476,BOXYOC,CC(NO)C(C)NO,CC(NO)C(C)NO,Clc1ccncc1,CCC(O)OC,X,X,2,2,1,1,0,0,N,N,N,N,N,C,12.13991,0.12000048
a477,MOCFUG,CCCCNCc1cc(Cl)ccc1O,CCCCNCc1cc(Cl)ccc1O,CCCCNCc1cc(Cl)ccc1O,X,X,X,2,2,2,0,0,0,N,N,N,O,O,O,42.625095,0.18057626
a478,KOGBEO,Cc1ccc(NC(O)c2ccccn2)c(NC(O)c2ccccn2)c1,C1CCNC1,C1CCNC1,X,X,X,4,1,1,0,0,0,N,N,N,N,N,N,39.86419,0.16471899
a479,UHOWIY,NC(C1=CC=C(C(C2=CC=CN2)C3=CC=CN3)C=C1)=O,Oc1ccccc1CNCCNCc1ccccc1O,X,X,X,X,2,4,0,0,0,0,N,N,N,N,O,O,48.073063,0.16074634
a480,HAZKEY,NNN,OC(O)c1ccccn1,NNN,OC(O)c1ccccn1,X,X,1,2,1,2,0,0,N,O,N,N,O,N,12.168255,0.24778944
a481,OLOJUW,CC(C)(C)c1cc(CNc2ccccc2O)c(O)c(C(C)(C)C)c1,CC(C)(C)c1cc(CNc2ccccc2O)c(O)c(C(C)(C)C)c1,X,X,X,X,3,3,0,0,0,0,O,O,O,N,N,O,44.14721,0.20542449
a483,SASVEN,OC(S)c1cccc(C(O)S)n1,OC(S)c1cccc(C(O)S)n1,X,X,X,X,3,3,0,0,0,0,S,S,N,S,S,N,-19.602743,0.18117218
a485,BIGCUQ,Cl,Cl,OC(Nc1ccccc1NC(O)c1ccccn1)c1ccccn1,X,X,X,1,1,4,0,0,0,Cl,Cl,N,N,N,N,-5.7419186,0.19051637
a486,BAPKIM,CC(NO)C(C)NO,CC(NO)C(C)NO,CN(O)O,c1ccncc1,X,X,2,2,1,1,0,0,N,N,N,N,N,C,1.5133517,0.12306967
a487,JEYQEK,ONC(c1ccccc1)C(NO)c1ccccc1,ONC(c1ccccc1)C(NO)c1ccccc1,c1ccncc1,Cc1ccccc1,X,X,2,2,1,1,0,0,N,N,N,N,N,C,35.776093,0.13896103
a489,SANSAC,Cl,CC(NO)C(C)NO,CC(NO)C(C)NO,c1ccc(Cn2ccnc2)cc1,X,X,1,2,2,1,0,0,Cl,N,N,N,N,N,11.105436,0.12777549
a49,IPESUU,Oc1ccccc1CNCCCNCCNCc1ccccc1O,CN,X,X,X,X,5,1,0,0,0,0,O,O,N,N,N,C,19.728334,0.098666705
a491,CUMPCO,CC(NO)C(C)NO,CC(C)(OO)c1ccccc1,c1ccncc1,CC(NO)C(C)NO,X,X,2,1,1,2,0,0,N,N,N,N,N,O,3.6196883,0.108892076
a492,AREZIG,CC(C)(CO)NCc1ccccc1O,CC(C)(CO)NCc1ccccc1O,X,X,X,X,3,3,0,0,0,0,N,N,O,O,O,O,7.396181,0.17997
a493,ZEQHIO,CC(NCCNC(C)c1ccccc1O)c1ccccc1O,CC(O)c1cccnc1,CC(O)c1cccnc1,X,X,X,4,1,1,0,0,0,O,O,N,N,N,N,91.43166,0.15192284
a494,NEXSOB,COC(O)C(Cc1c[nH]cn1)NCc1ccccc1O,COC(O)C(Cc1c[nH]cn1)NCc1ccccc1O,X,X,X,X,3,3,0,0,0,0,O,O,N,N,N,N,27.313223,0.23188703
a495,ACUZEG,Cl,NCCCN,Cl,NCCCN,X,X,1,2,1,2,0,0,Cl,N,N,Cl,N,N,121.730675,0.21936351
a496,TIBPEZ,Cl,CC(O)CC(C)NCCN(CCN)CCN,X,X,X,X,1,5,0,0,0,0,Cl,O,N,N,N,N,88.5784,0.20858228
a498,QOWDOW,C1(N/2)=CC=CC=C1NC2=C3N=C(C=CC=C4)C4N\3,C1(N/2)=CC=CC=C1NC2=C3N=C(C=CC=C4)C4N\3,C1(N/2)=CC=CC=C1NC2=C3N=C(C=CC=C4)C4N\3,X,X,X,2,2,2,0,0,0,N,N,N,N,N,N,-106.02175,0.099756025
a499,DIKVEY,Cl,Cl,CNC1CCCCC1NC,CNC1CCCCC1NC,X,X,1,1,2,2,0,0,Cl,Cl,N,N,N,N,59.325874,0.23867539
a50,VADBUB,COc1cccc(CNCCCN2CCN(CCCNCc3cccc(OC)c3O)CC2)c1O,X,X,X,X,X,6,0,0,0,0,0,O,O,N,N,N,N,24.562857,0.11302018
a500,GIQNIE,CNCCCNCc1c(O)ccc(Br)c1,CNCCCNCc1c(O)ccc(Br)c1,X,X,X,X,3,3,0,0,0,0,O,O,N,N,N,N,5.5678673,0.11902039
a501,YIPLOB,CC1CC(c2ccccc2)NCCNC(C)CC(c2ccccc2)NCCN1,CCc1ccccc1,CCc1ccccc1,X,X,X,4,1,1,0,0,0,N,N,C,N,N,C,6.756325,0.18507507
a502,ARIMUJ,CCCONC(C)C(C)NO,CC(NO)C(C)NO,O,X,X,X,3,2,1,0,0,0,C,N,N,N,N,O,12.312513,0.17823407
a504,FEPREX,Cl,CC(NO)C(C)NO,Cn1ccnc1,CC(NO)C(C)NO,X,X,1,2,1,2,0,0,Cl,N,N,N,N,N,11.585266,0.13396776
a505,DOPHIZ,ONCCNO,ONCCNO,c1ccncc1,CCC,X,X,2,2,1,1,0,0,N,N,N,N,N,C,50.12224,0.11815538
a506,JIYFIJ,N=NNC(C=C1)=CC=C1C2C(N3)=CC=C3C(C4=C(F)C(F)=C(F)C(F)=C4F)C5=CC=C(C6=NC(C(C7=C(F)C(F)=C(F)C(F)=C7F)C8=NC2=CC8)=CC6)N5,c1ccncc1,c1ccncc1,X,X,X,4,1,1,0,0,0,N,N,N,N,N,N,84.10711,0.14286806
a507,SEZMEQ,NCC(O)O,NCC(O)O,NCC(O)O,X,X,X,2,2,2,0,0,0,O,O,O,N,N,N,-54.388126,0.26231557
a509,BONWOR,CC(NCCNCCNC(C)c1ccccc1O)c1ccccc1O,NNN,X,X,X,X,5,1,0,0,0,0,O,O,N,N,N,N,54.034126,0.08946443
a510,XILVAR,CN1CCCN(C)CCCN(CO)CCN(C)CCC1,O,X,X,X,X,5,1,0,0,0,0,O,O,N,N,N,N,78.81598,0.2379049
a512,PAHYAY,Oc1ccccc1CNCCNCc1ccccc1O,OC1=C(O)C(C2=CC=CC=C2)OC3=CC=CC=C31,X,X,X,X,4,2,0,0,0,0,O,O,O,O,N,N,-34.355923,0.18654422
a515,ZEZXIN,NNN,Oc1ccc2ccccc2c1CNCCNCCNCc1c(O)ccc2ccccc12,X,X,X,X,1,5,0,0,0,0,N,N,N,N,O,O,-51.61398,0.23991401
a516,ZIGFIE,Cl,CP(C)CCP(C)C,CP(C)CCP(C)C,Cl,X,X,1,2,2,1,0,0,Cl,P,P,P,P,Cl,22.046814,0.16686414
a517,GEWVAF,O=C(O)C1=CC=CN1,NCCN,NCCN,X,X,X,2,2,2,0,0,0,O,N,N,N,N,N,111.11708,0.09101515
a518,WABNIY,Clc1ccncc1,Clc1ccncc1,Oc1ccccc1CNCCNCc1ccccc1O,X,X,X,1,1,4,0,0,0,O,O,N,N,N,N,17.203037,0.15232429
a52,SUJCIM,Oc1ccccc1N(Cc1ccccn1)Cc1ccccn1,Cl,Cl,X,X,X,4,1,1,0,0,0,Cl,Cl,N,N,N,O,-13.421003,0.2448743
a520,IPBXCO,CC(NO)C(C)NCCCNC(C)C(C)NO,Cl,Cl,X,X,X,4,1,1,0,0,0,N,N,N,N,Cl,Cl,24.093925,0.15559399
a524,CODWOJ,Cl,CC(NO)C(C)NO,CC(NO)C(C)NO,OC(O)c1ccncc1,X,X,1,2,2,1,0,0,Cl,N,N,N,N,N,10.525835,0.10541426
a525,NABPAH,NC(CC(O)O)C(O)O,NC(O)CC(N)C(O)O,X,X,X,X,3,3,0,0,0,0,O,N,O,O,N,N,-40.951946,0.1767603
a526,ZEQFUY,CC(O)NS(O)(O)c1ccc(N)cc1,CC(NO)C(C)NO,CC(NO)C(C)NO,NNN,X,X,1,2,2,1,0,0,N,N,N,N,N,N,9.060341,0.16630502
a527,LAYNEH,O=C(CC(C(O)=O)N1)NC1=O,c1ccc(-c2ccccn2)nc1,O=C(CC(C(O)=O)N1)NC1=O,X,X,X,2,2,2,0,0,0,N,O,N,N,N,O,95.49232,0.19546679
a528,DEBQIM,CC(c1ncccc1)NNC(SC)N,CC(c1ncccc1)NNC(SC)N,X,X,X,X,3,3,0,0,0,0,N,N,N,N,N,N,33.583427,0.07768985
a529,UKOBIH,OC(CC(O)C(F)(F)F)c1ccccc1,OC(CC(O)C(F)(F)F)c1ccccc1,OC(CC(O)C(F)(F)F)c1ccccc1,X,X,X,2,2,2,0,0,0,O,O,O,O,O,O,87.82865,0.11456375
a53,YIXDOC,CCNC(S)c1ccccc1O,CCNC(S)c1ccccc1O,c1ccncc1,c1ccncc1,X,X,2,2,1,1,0,0,O,N,N,N,N,O,1.4954741,0.17248774
a530,ITECAL,Cl,CC(CNCCN)(CNCCN)C(O)O,X,X,X,X,1,5,0,0,0,0,Cl,O,N,N,N,N,43.91801,0.24271975
a534,AMSNCO,NCS,N,NCS,N,N,N,1,1,1,1,1,1,N,N,N,N,N,N,19.107069,0.13948818
a536,DUWGOT,Cc1cc(C)nc(NNC(C)c2ccc(O)cc2O)n1,Cc1cc(C)nc(NNC(C)c2ccc(O)cc2O)n1,X,X,X,X,3,3,0,0,0,0,O,O,N,N,N,N,119.07237,0.06710431
a537,BECTEI,CP(C)C,CC(NO)C(C)NO,CC(NO)C(C)NO,C,X,X,1,2,2,1,0,0,P,N,N,N,N,C,10.18729,0.15663116
a538,GISLAX,Cc1cc(C(O)c2ccccc2)c(O)c(C(O)c2ccccc2)c1,Cc1cc(C(O)c2ccccc2)c(O)c(C(O)c2ccccc2)c1,Cc1cc(C(O)c2ccccc2)c(O)c(C(O)c2ccccc2)c1,X,X,X,2,2,2,0,0,0,O,O,O,O,O,O,-99.63453,0.29614133
a539,ZOMJUI,COc1c(O)c(CNCCCNCc2c(O)c(OC)cc(Br)c2)cc(Br)c1,COc1c(O)c(CNCCCN)cc(Br)c1,X,X,X,X,4,2,0,0,0,0,N,N,N,O,O,O,5.858013,0.20752293
a541,KAKVUO,Cl,Cl,CP(C)C,CC(CP(C)C)(CP(C)C)CP(C)C,X,X,1,1,1,3,0,0,Cl,Cl,P,P,P,P,-31.371325,0.24017684
a544,YEJNIL,Cl,c1ccc2c(c1)C1=NC2=NC2=NC(=NC3=NC(=NC4=NC(=N1)c1ccccc14)c1ccccc13)c1ccccc12,Cl,X,X,X,1,4,1,0,0,0,Cl,N,N,Cl,N,N,68.145454,0.09835769
a545,BASACO,CC(O)CC(O)c1ccccc1,Oc1ccccc1CNCCNCc1ccccc1O,X,X,X,X,2,4,0,0,0,0,N,N,O,O,O,O,35.380386,0.13118078
a547,GEDQEM,C(N/1)(/C(C2=CC=CS2)=C3C=C/C(N/3)=C4C=C/C(N\4)=C5\C6=CC=CS6)=CCC1=C(C7=CC=CS7)\C8=CC=C5N8,c1ccncc1,c1ccncc1,X,X,X,4,1,1,0,0,0,N,N,N,N,N,N,42.732967,0.20319982
a548,WEMSOX,NCCN,NCCN,NNN,NNN,X,X,2,2,1,1,0,0,N,N,N,N,N,N,86.247574,0.11476572
a549,IPIKEX,c1c[nH]cn1,c1c[nH]cn1,c1c[nH]cn1,Oc1ccccc1C(O)NCC(O)O,X,X,1,1,1,3,0,0,N,N,N,O,O,N,16.639397,0.12709634
a55,KIVHAY,Cl,FC1(F)ON/C(C)=C(C)\NOC(F)(F)ON/C(C)=C(C)\NO1,CCN,X,X,X,1,4,1,0,0,0,Cl,N,N,N,N,N,61.806236,0.14533648
a550,ATUPOU,CC(NO)C(C)NO,NNN,CC(NO)C(C)NO,NNN,X,X,2,1,2,1,0,0,N,N,N,N,N,N,10.820473,0.17635885
a551,MOZBIN,N=CC1=CC=C(C(C2=CC=CN2)C3=CC=CN3)C=C1,N=CC1=CC=C(C(C2=CC=CN2)C3=CC=CN3)C=C1,N=CC1=CC=C(C(C2=CC=CN2)C3=CC=CN3)C=C1,X,X,X,2,2,2,0,0,0,N,N,N,N,N,N,20.4998,0.18493661
a552,EBAZAL,Cc1ccc(-c2csc(NNCc3ccccn3)n2)cc1,Cc1ccc(-c2csc(NNCc3ccccn3)n2)cc1,X,X,X,X,3,3,0,0,0,0,N,N,N,N,N,N,20.422443,0.158471
a553,MOBFIS,CC(NCCN)C(O)O,CC(NCCN)C(O)O,X,X,X,X,3,3,0,0,0,0,O,N,O,N,N,N,26.005438,0.2225142
a554,JEGHIM,CC(NO)C(C)NO,CC(NO)C(C)NO,Cc1nccn1C,CCC,X,X,2,2,1,1,0,0,N,N,N,N,N,C,9.9886055,0.16552724
a555,VOGBOJ,Cc1ccc(Cl)cc1,ONC(c1ccccc1)C(NO)c1ccccc1,ONCCNO,c1ccncc1,X,X,1,2,2,1,0,0,N,N,N,N,N,C,11.58919,0.13272041
a556,IBIVOE,C1=CC2=C(c3ccccc3)C3=NC(=C(c4ccccc4)C4=NC(=C(c5ccccc5)C5=NC(=C(c6ccccc6)C1=N2)C=C5)C=C4)C=C3,NCc1ccccc1,NCc1ccccc1,X,X,X,4,1,1,0,0,0,N,N,N,N,N,N,137.33409,0.13416684
a557,IHIXIG,CN(C)C(S)S,COP(OC)OC,CN(C)C(S)S,COP(OC)OC,X,X,2,1,2,1,0,0,S,S,P,S,S,P,29.522152,0.19669822
a558,REYGAF,Oc1c(O)c(Br)c(Br)c(Br)c1Br,NCCN,NCCN,X,X,X,2,2,2,0,0,0,O,O,N,N,N,N,77.32408,0.1277728
a559,QOFCUK,Nc1ccc(S(N)(O)O)cc1,Nc1ccc(S(N)(O)O)cc1,CC(NO)C(C)NO,CC(NO)C(C)NO,X,X,1,1,2,2,0,0,N,N,N,N,N,N,-10.484514,0.14502735
a560,YENVIZ,O,NNC(O)c1ccccc1,OC(O)CC(O)O,O,X,X,1,2,2,1,0,0,O,O,O,N,O,O,36.853546,0.14624894
a561,SAGMUJ,SNC(NS)c1ccccn1,OC(CC(O)C(F)(F)F)C(F)(F)F,OC(CC(O)C(F)(F)F)C(F)(F)F,X,X,X,2,2,2,0,0,0,N,N,O,O,O,O,93.00571,0.052664027
a562,WABGOX,C1CCNC1,C1CCNC1,CC(NCCNC(C)c1ccccc1O)c1ccccc1O,X,X,X,1,1,4,0,0,0,N,N,O,N,N,O,49.27165,0.15752378
a563,FEPQOG,CC(NO)C(C)NO,CC(NO)C(C)NO,Cn1ccnc1,CC,X,X,2,2,1,1,0,0,N,N,N,N,N,C,13.731674,0.13903357
a564,CIWVOU,OC(NC(S)N(c1ccccc1)c1ccccc1)c1ccccc1,OC(NC(S)N(c1ccccc1)c1ccccc1)c1ccccc1,OC(NC(S)N(c1ccccc1)c1ccccc1)c1ccccc1,X,X,X,2,2,2,0,0,0,O,O,O,S,S,S,-26.206099,0.1343754
a565,GOZZEC,OCCOCCNCc1c(O)ccc2ccccc12,OCCOCCNCc1c(O)ccc2ccccc12,OCCOCCNCc1c(O)ccc2ccccc12,X,X,X,2,2,2,0,0,0,N,N,N,O,O,O,-10.035486,0.24710363
a566,NELMAU,COC(NCCNC(OC)c1ccccn1)c1ccccn1,NNN,NNN,X,X,X,4,1,1,0,0,0,N,N,N,N,N,N,56.82186,0.1431476
a567,VAZPES,CC(C)CC(C(O)O)N(CC(O)O)CC(O)O,NCCN,X,X,X,X,4,2,0,0,0,0,O,O,O,N,N,N,47.434258,0.16399795
a568,VEGKIC,OC(NC(O)c1ccccc1S)c1nc2ccccc2s1,OC(NC(O)c1ccccc1S)c1nc2ccccc2s1,X,X,X,X,3,3,0,0,0,0,S,S,N,N,N,N,-25.391687,0.15498066
a57,IYOPIY,O=C(O1)/C(C(O)=C2C1=CCC=C2)=C(NCCN/C=C3C(O)=C4C(OC\3=O)=CCC=C4)\C,c1ccncc1,c1ccncc1,X,X,X,4,1,1,0,0,0,O,N,O,N,N,N,37.16561,0.2297592
a571,FPTBCO,OC(CC(S)c1ccccc1)C(F)(F)F,OC(CC(S)c1ccccc1)C(F)(F)F,OC(CC(S)c1ccccc1)C(F)(F)F,X,X,X,2,2,2,0,0,0,O,S,O,O,S,S,36.228607,0.043022573
a572,QUQXUX,FC(C=CC=C1F)=C1/C2=C3C=C/C(N\3)=C4C=C/C(N\4)=C(C5=C(F)C=CC=C5F)/C6=CC=C(N6)/C(C7=NC=CC=N7)=C8NC2=CC\8,c1ccncc1,c1ccncc1,X,X,X,4,1,1,0,0,0,N,N,N,N,N,N,96.63588,0.11773701
a574,VAMBUJ,c1ccc(Nc2ccccn2)nc1,c1ccc(Nc2ccccn2)nc1,NNN,NNN,X,X,2,2,1,1,0,0,N,N,N,N,N,N,21.893007,0.19565111
a575,GACLAX,CC1(C)OP(OC(C)(C)C(C)(C)OP2OC(C)(C)C(C)(C)O2)OC1(C)C,CC(C)CC(C)C,X,X,X,X,2,4,0,0,0,0,P,P,C,C,C,C,71.366745,0.1102702
a576,PIXMIV,COc1cccc(CNCC(C)(CNCc2cccc(OC)c2O)CNCc2cccc(OC)c2O)c1O,X,X,X,X,X,6,0,0,0,0,0,N,N,N,O,O,O,-60.64976,0.060729295
a577,SAMTUX,C1=C2N=C(C=C3N=C(C=C4N=C(C=C5N=C1c1ccccc15)c1ccccc14)c1ccccc13)c1ccccc12,CN,CN,X,X,X,4,1,1,0,0,0,N,N,C,N,N,C,87.17666,0.116694614
a578,DARCEE,COP(OC)C1=CC=CC=C1,CC(NO)C(C)NO,CC(NO)C(C)NO,C,X,X,1,2,2,1,0,0,P,N,N,N,N,C,9.55654,0.13797793
a579,OXIVEY,CC(NO)C(C)NO,CC(NO)C(C)NO,NC(O)c1cccnc1,NNN,X,X,2,2,1,1,0,0,N,N,N,N,N,N,6.355032,0.15652272
a582,VAFSIE,CC(CC(O)C(F)(F)F)NCCNC(C)CC(O)C(F)(F)F,NC(Cc1ccccc1)C(O)O,X,X,X,X,4,2,0,0,0,0,O,O,O,N,N,N,60.933994,0.11238512
a583,WINGAB,SC1=CC=CCN1O,SC1=CC=CCN1O,SC1=CC=CCN1O,X,X,X,2,2,2,0,0,0,S,S,S,O,O,O,96.5565,0.08575248
a584,JACYIY,COc1cccc(CNNC(O)c2ccc(O)cc2)c1O,COc1cccc(CNNC(O)c2ccc(O)cc2)c1O,X,X,X,X,3,3,0,0,0,0,N,N,O,O,O,O,-34.129093,0.05137194
a586,BEKFOO,CP(C)C,CP(C)C,CP(C)C,C,C,CN,1,1,1,1,1,1,C,C,C,P,P,P,88.26389,0.24318135
a587,HEDQUF,O=C(C=C(C(O)=O)N1)NC1=O,O=C(C=C(C(O)=O)N1)NC1=O,c1ccc(-c2ccccn2)nc1,X,X,X,2,2,2,0,0,0,N,O,N,O,N,N,53.54944,0.14794159
a588,ESOCEV,NCNC(O)(c1ccccn1)c1ccccn1,COC(O)(c1ccccn1)c1ccccn1,X,X,X,X,3,3,0,0,0,0,N,N,N,N,N,O,-26.421782,0.15983573
a590,OQUHAK,ONC1=C(NO)CCCC1,ONC1=C(NO)CCCC1,c1cnccn1,c1cnccn1,X,X,2,2,1,1,0,0,N,N,N,N,N,N,-42.30644,0.10693098
a591,AJUNAW,CC(NCCN)c1ccccc1O,NCCN,NNN,X,X,X,3,2,1,0,0,0,N,N,N,N,N,O,49.038193,0.15986146
a592,GANNUH,Cl,COc1cccc(CNCCCNCCNCc2cccc(OC)c2O)c1O,X,X,X,X,1,5,0,0,0,0,Cl,O,O,N,N,N,30.69943,0.07218105
a594,ERAKOY,CC(C)(C)C(O)Nc1ccccc1C1=C2C=CC(=N2)C(c2ccccc2NC(O)C(C)(C)C)=C2C=CC(=N2)C(c2ccccc2NC(O)C(C)(C)C)=C2C=CC(=N2)C(c2ccccc2NC(O)C(C)(C)C)=C2C=CC1=N2,Cc1ncc[nH]1,Cc1ncc[nH]1,X,X,X,4,1,1,0,0,0,N,N,N,N,N,N,74.94501,0.17654578
a595,ZEQFEI,COc1ncnc(NS(O)(O)c2ccc(N)cc2)c1OC,CC(NO)C(C)NO,CC(NO)C(C)NO,NNN,X,X,1,2,2,1,0,0,N,N,N,N,N,N,19.834497,0.1615412
a596,RASMUV,c1ccc(-c2ccccn2)nc1,c1ccc(-c2ccccn2)nc1,NNN,NNN,X,X,2,2,1,1,0,0,N,N,N,N,N,N,54.012524,0.17128775
a597,DOKVUX,FC(F)C(F)(F)F,CCN,CCN,FC(F)C(F)(F)F,CCN,FC(F)C(F)(F)F,1,1,1,1,1,1,C,N,N,C,N,C,67.293076,0.035710067
a598,UHOWOE,NC(C1=CC=C(C(C2=CC=CN2)C3=CC=CN3)C=C1)=O,Oc1ccccc1CNCCNCc1ccccc1O,X,X,X,X,2,4,0,0,0,0,N,N,N,N,O,O,48.073063,0.16074634
a599,PINTUD,Cl,Cl,Cc1c(C)c2cccnc2c2ncccc12,Cc1c(C)c2cccnc2c2ncccc12,X,X,1,1,2,2,0,0,Cl,Cl,N,N,N,N,74.71543,0.26472968
a6,UCUZOL,CC1=NCCCN=C(C)C(C)=NCCCN=C1C,Cl,Cl,X,X,X,4,1,1,0,0,0,N,Cl,N,N,N,Cl,67.008194,0.22691348
a60,NAZMEK,Oc1ccccc1C1=NC(c2ccccc2)CO1,CC(O)CC(C)O,CC(O)CC(C)O,X,X,X,2,2,2,0,0,0,O,O,O,O,O,N,62.608475,0.11059316
a601,LAVKOK,Oc1ccccc1C(O)O,c1ccc(CN(Cc2ccccn2)Cc2ccccn2)nc1,X,X,X,X,2,4,0,0,0,0,O,O,N,N,N,N,-20.17898,0.27240857
a602,TAYBED,CCN(CC)c1ccc(CNCCCNCCNCCCNCc2ccc(N(CC)CC)cc2O)c(O)c1,X,X,X,X,X,6,0,0,0,0,0,O,O,N,N,N,N,55.979027,0.11245997
a603,POYMAS,OCCNCc1ccccc1O,OCCNCc1ccccc1O,X,X,X,X,3,3,0,0,0,0,N,N,O,O,O,O,56.826054,0.17911644
a606,DOPHAR,ONCCNO,ONCCNO,c1ccncc1,C,X,X,2,2,1,1,0,0,N,N,N,N,N,C,28.983036,0.090693645
a607,SEGSED,Cl,Cl,Oc1c(O)c2cccnc2c2ncccc12,Oc1c(O)c2cccnc2c2ncccc12,X,X,1,1,2,2,0,0,Cl,Cl,N,N,N,N,91.12086,0.16111645
a609,EZEFEW,CCN(CC)CCNCc1c(O)ccc2ccccc12,CC(O)CC(O)c1ccccc1,NNN,X,X,X,3,2,1,0,0,0,N,N,O,O,O,N,16.088137,0.1533249
a610,YEFDAO,OC(O)CNCCNCC(O)O,CNC1CCCCC1NC,X,X,X,X,4,2,0,0,0,0,O,O,N,N,N,N,-37.04549,0.19144385
a611,QERXET,Cc1cc(C)c(O)c(CN(Cc2cc(C)cc(C)c2O)C(c2ccccn2)c2ccccn2)c1,O,X,X,X,X,5,1,0,0,0,0,N,N,N,O,O,O,-27.060072,0.18762666
a613,ZIFHUR,CP(C1=CC=CC=C1)C2=CC=CC=C2,CC(O)CC(C)O,CC(O)CC(C)O,CP(C1=CC=CC=C1)C2=CC=CC=C2,X,X,1,2,2,1,0,0,P,O,O,P,O,O,28.327707,0.12631091
a615,HATJOC,C,CC(NO)C(NO)c1ccccc1,CC(NO)C(NO)c1ccccc1,c1ccncc1,X,X,1,2,2,1,0,0,C,N,N,N,N,N,12.202583,0.08969968
a616,MIGBIO,Cl,Cl,OC(Nc1ccccc1NC(O)c1nccc2ccccc12)c1nccc2ccccc12,X,X,X,1,1,4,0,0,0,Cl,Cl,N,N,N,N,-57.077557,0.22128227
a617,QIGJIZ,CCNC(S)n1nc(C)cc1C,CCNC(S)n1nc(C)cc1C,CCNC(S)n1nc(C)cc1C,X,X,X,2,2,2,0,0,0,N,N,N,N,N,N,34.198467,0.21010704
a618,XIHCUP,C12=CC=CC=C1NC(C3=CC=CC=N3)=N2,C12=CC=CC=C1NC(C3=CC=CC=N3)=N2,C12=CC=CC=C1NC(C3=CC=CC=N3)=N2,X,X,X,2,2,2,0,0,0,N,N,N,N,N,N,38.79243,0.20224443
a619,ENCYSM,NC(C(O)O)CS,NCCN,NCCN,X,X,X,2,2,2,0,0,0,S,N,N,N,N,N,75.3532,0.11058341
a621,GAPMIT,Oc1ccccc1-c1ccccn1,Oc1ccccc1-c1ccccn1,Oc1ccccc1-c1ccccn1,X,X,X,2,2,2,0,0,0,O,N,O,N,O,N,15.296668,0.19300535
a622,EHOTEA,Cc1ccc(NC(O)c2ccccn2)cc1,Cc1ccc(NC(O)c2ccccn2)cc1,Cc1ccc(NC(O)c2ccccn2)cc1,X,X,X,2,2,2,0,0,0,N,N,N,N,N,N,21.683712,0.17524666
a623,BODJAF,OC(O)CN(CCN(CC(O)O)CC(O)O)CC(O)O,NCCN,X,X,X,X,4,2,0,0,0,0,O,O,N,N,N,N,-16.608355,0.16729608
a624,JAPJES,CC(NO)C(C)NO,Nc1ccccc1,CC(NO)C(C)NO,Nc1ccccc1,X,X,2,1,2,1,0,0,N,N,N,N,N,N,11.732914,0.14253038
a625,ROLRAL,ON1C(S)=CC=CC1,ON1C(S)=CC=CC1,COP(OC)OC,COP(OC)OC,X,X,2,2,1,1,0,0,S,O,S,O,P,P,20.423176,0.13527653
a626,CENNIU,OC(O)c1ccc(NC(O)c2ccccn2)cc1,OC(O)c1ccc(NC(O)c2ccccn2)cc1,OC(O)c1ccc(NC(O)c2ccccn2)cc1,X,X,X,2,2,2,0,0,0,N,N,N,N,N,N,-7.6885014,0.1893077
a627,KAGMEN,COc1ccc(OC)c(NC(O)C(C)N(C)CCN(C)C(C)C(O)Nc2cc(OC)ccc2OC)c1,X,X,X,X,X,6,0,0,0,0,0,N,N,N,N,O,O,8.432236,0.17902213
a629,OBOCEQ,CC(NNC(S)Nc1ccc(Cl)cc1)c1ccccn1,CC(NNC(S)Nc1ccc(Cl)cc1)c1ccccn1,X,X,X,X,3,3,0,0,0,0,N,N,S,N,N,S,22.389,0.18706009
a63,PUYDEV,c1ccncc1,FC(F)F,CCN,FC(F)F,CCN,FC(F)F,1,1,1,1,1,1,N,C,N,C,N,C,183.95824,0.015267625
a632,MUGMEI,CC(CO)NNC(S)Nc1ccc(Cl)cc1,CC(CO)NNC(S)Nc1ccc(Cl)cc1,X,X,X,X,3,3,0,0,0,0,O,S,N,O,S,N,62.169373,0.13217354
a633,KOCXIK,CC(N)Nc1nncs1,c1ccncc1,CC(N)Nc1nncs1,c1ccncc1,X,X,2,1,2,1,0,0,N,N,N,N,N,N,37.66013,0.18821122
a634,MOZBOT,N#CC1=CC=C(C(C2=CC=CN2)C3=CC=CN3)C=C1,N#CC1=CC=C(C(C2=CC=CN2)C3=CC=CN3)C=C1,N#CC1=CC=C(C(C2=CC=CN2)C3=CC=CN3)C=C1,X,X,X,2,2,2,0,0,0,N,N,N,N,N,N,30.783379,0.17971309
a635,EFUSON,C1(C2=NC=CN2)NC=CN1,C1(C2=NC=CN2)NC=CN1,C1(C2=NC=CN2)NC=CN1,X,X,X,2,2,2,0,0,0,N,N,N,N,N,N,-2.299013,0.13326368
a636,EHOTOL,Oc1ccccc1CNCC(CNCc1ccccc1O)(CNCc1ccccc1O)CNCc1ccccc1O,X,X,X,X,X,6,0,0,0,0,0,O,O,O,N,N,N,-3.8979013,0.13358974
a638,GUZPUO,Oc1c(CNCCSC2=NC=CC=C2)cccc1,Oc1c(CNCCSC2=NC=CC=C2)cccc1,Oc1c(CNCCSC2=NC=CC=C2)cccc1,X,X,X,2,2,2,0,0,0,O,O,O,N,N,N,10.367739,0.16924568
a639,GEQCUD,CC(C)(C)c1ccc(C(C)(C)C)c(O)c1O,CC(C)(C)c1ccc(C(C)(C)C)c(O)c1O,CC1(C)CC(NCc2ccccn2)CC(C)(C)N1O,X,X,X,2,2,2,0,0,0,O,O,O,O,N,N,28.755905,0.09280203
a640,COPQAA,Cl,Clc1ccncc1,CC(NO)C(C)NO,CC(NO)C(C)NO,X,X,1,1,2,2,0,0,Cl,N,N,N,N,N,17.051281,0.11489699
a641,TALMOL,Cl,CC(NO)C(C)NCCCNC(C)C(C)NO,OC(c1ccccc1)c1ccncc1,X,X,X,1,4,1,0,0,0,Cl,N,N,N,N,N,6.745329,0.16164233
a642,BAYNEW,OC(O)C(O)O,OC(O)C(O)O,NCCN,X,X,X,2,2,2,0,0,0,O,O,O,O,N,N,79.9796,0.19203556
a643,INUVOC,O=C(C1)NCCN2CCCN(CCC2)CCNC1=O,O,X,X,X,X,5,1,0,0,0,0,N,N,C,O,N,N,142.52057,0.15703654
a644,TELBAN,OC(O)CN(CC(O)O)CC(O)CN(CC(O)O)CC(O)O,X,X,X,X,X,6,0,0,0,0,0,N,N,O,O,O,O,31.775389,0.03875114
a645,FOHJAN,NCC(O)CN,Cl,NCC(O)CN,Cl,X,X,2,1,2,1,0,0,N,N,Cl,N,N,Cl,51.627625,0.19965844
a646,SASKAZ,c1ccncc1,CCCCBr,CC(NO)C(C)NO,CC(NO)C(C)NO,X,X,1,1,2,2,0,0,C,N,N,N,N,N,6.9058037,0.19743033
a647,EGOJOB,NCCNCc1ccccc1O,NCCNCc1ccccc1O,X,X,X,X,3,3,0,0,0,0,O,O,N,N,N,N,23.654623,0.12400228
a648,OWEJIK,C1(C2=NC(C3=CC=CC=N3)=CN2)=CC=CN=C1,C1(C2=NC(C3=CC=CC=N3)=CN2)=CC=CN=C1,C1(C2=NC(C3=CC=CC=N3)=CN2)=CC=CN=C1,X,X,X,2,2,2,0,0,0,N,N,N,N,N,N,-23.627123,0.22236444
a649,APBXCO,CC(NO)C(C)(C)NCCCNC(C)(C)C(C)NO,ONO,ONO,X,X,X,4,1,1,0,0,0,N,N,N,N,N,N,38.19168,0.16004804
a65,ZABBIR,OC(CC1=NCCO1)c1ccccc1,OC(CC1=NCCO1)c1ccccc1,OC(CC1=NCCO1)c1ccccc1,X,X,X,2,2,2,0,0,0,O,O,O,N,N,N,65.185135,0.2619323
a650,APRCOB,NCC(N)C(O)O,NCC(N)C(O)O,X,X,X,X,3,3,0,0,0,0,N,N,O,N,N,O,-3.9891832,0.1583084
a651,VAWXAU,C1(CCNCC2=CC=CN2)=CC=CCN1,NCCc1ccccn1,NCS,X,X,X,3,2,1,0,0,0,N,N,N,N,N,N,40.69166,0.23133853
a652,TESJAC,Oc1ccccc1CNCCCn1cccc1,Oc1ccccc1CNCCCn1cccc1,Oc1ccccc1CNCCCn1cccc1,X,X,X,2,2,2,0,0,0,O,O,O,N,N,N,24.188963,0.15658945
a653,BONWUX,CC(NCCCNCCCNC(C)c1ccccc1O)c1ccccc1O,NNN,X,X,X,X,5,1,0,0,0,0,O,O,N,N,N,N,54.39316,0.08713686
a654,IZODUY,c1ccc(-c2cc(-c3ccncc3)cc(-c3ccccn3)n2)nc1,CN,CN,CN,X,X,3,1,1,1,0,0,N,N,C,N,C,C,23.209269,0.1700926
a655,TARZIX,O/C(C1C=CNC=C1)=N\N/C(C)=C(C)\NO,O/C(C1C=CNC=C1)=N\N/C(C)=C(C)\NO,X,X,X,X,3,3,0,0,0,0,N,O,O,N,N,N,31.185034,0.07858656
a657,IWUCUZ,ONC(Sc1ccccc1)C(NO)Sc1ccccc1,CC(NO)C(C)NO,c1ccncc1,CCCC,X,X,2,2,1,1,0,0,N,N,N,N,N,C,22.419807,0.14297482
a658,LEQBOY,CC(NO)C(C)NO,CC(NO)C(C)NO,CCn1ccnc1,CCCC,X,X,2,2,1,1,0,0,N,N,N,N,N,C,12.007885,0.14225402
a659,LIWQUE,CC(C)(C)c1cc(O)c(O)c(C(C)(C)C)c1,c1ccc(CN(Cc2ccccn2)Cc2ccccn2)nc1,X,X,X,X,2,4,0,0,0,0,O,O,N,N,N,N,2.276068,0.19933254
a660,GAHLEJ,CC(C)CC(N)CO,CC(C)CC(N)CO,CC(C)CC(N)CO,X,X,X,2,2,2,0,0,0,N,O,N,O,N,O,10.0455475,0.26429734
a662,EQODOE,Oc1ccc2ccccc2c1CNCCCNCCCNCc1c(O)ccc2ccccc12,Cc1cccnc1,X,X,X,X,5,1,0,0,0,0,O,O,N,N,N,N,-9.234472,0.15655771
a663,IWAKUM,ONC1=C(NO)CCCC1,ONC1=C(NO)CCCC1,Nc1ccccc1,Nc1ccccc1,X,X,2,2,1,1,0,0,N,N,N,N,N,N,-11.040159,0.1322694
a664,ZOMYEH,COc1cccc(CNC2CCCCC2NC(O)c2ccccc2O)c1O,COc1cccc(CNC2CCCCC2NC(O)c2ccccc2O)c1O,COc1cccc(CO)c1O,X,X,X,2,2,2,0,0,0,N,N,O,O,O,O,-63.043842,0.14655957
a665,DUWWUN,OC(CN(CCC1)CCCN1CC(O)=O)=O,O,X,X,X,X,5,1,0,0,0,0,N,N,C,O,O,O,72.06771,0.14277259
a666,KULRAM,Cl,Cl,CN1CCCN2CCN(C)CCN(CC1)CC2,X,X,X,1,1,4,0,0,0,Cl,Cl,N,N,N,N,103.50561,0.23145826
a667,VUKMIX,OC(O)CN(CCCCN(CC(O)O)CC(O)O)CC(O)O,X,X,X,X,X,6,0,0,0,0,0,O,O,O,O,N,N,-22.536676,0.15601125
a668,HEGCOM,CC1(C)CNCCNCCNCCNC1,NCS,NCS,X,X,X,4,1,1,0,0,0,N,N,N,N,N,N,18.189356,0.22695844
a669,VAWQAN,Cl,Cl,c1ccc(C(NCCNC(c2ccccc2)c2ccccn2)c2ccccn2)cc1,X,X,X,1,1,4,0,0,0,Cl,Cl,N,N,N,N,38.695427,0.19320247
a670,NIMNAB,NC(O)NNCc1ccccn1,NC(O)NNCc1ccccn1,X,X,X,X,3,3,0,0,0,0,N,N,O,N,N,O,-20.200262,0.15657753
a671,HOSLOS,CC(C(C(O)O)N)(S)C,c1ccc(CNCc2ccccn2)nc1,X,X,X,X,3,3,0,0,0,0,S,O,N,N,N,N,25.446821,0.19760326
a672,QARLAX,ONO,ONO,NCCN,NCCN,X,X,1,1,2,2,0,0,N,N,N,N,N,N,122.00473,0.09070529
a673,NELNEX,Cl,OC(Nc1ccccc1NC(O)c1ccccn1)c1ccccn1,c1ccncc1,X,X,X,1,4,1,0,0,0,Cl,N,N,N,N,N,-16.012629,0.20767553
a674,SIBXUX,CNC(O)C(NC(O)C(CC(C)C)C(O)C(O)NO)C(C)(C)C,c1ccc(CN(Cc2ccccn2)Cc2ccccn2)nc1,X,X,X,X,2,4,0,0,0,0,N,N,N,N,O,O,12.797697,0.1604365
a675,RUMHUC,Cl,NCCCN(CCCN)CC(O)O,O,X,X,X,1,4,1,0,0,0,Cl,O,O,N,N,N,27.790283,0.23858239
a676,TEXFUZ,Oc1ccc2ccccc2c1CNCCNCCNCCNCc1c(O)ccc2ccccc12,X,X,X,X,X,6,0,0,0,0,0,N,N,N,N,O,O,-50.15035,0.23923472
a677,RUMQOF,OC(O)CN(CCN(CC(O)O)CC(O)O)CC(O)O,X,X,X,X,X,6,0,0,0,0,0,O,O,O,O,N,N,-51.4182,0.16122544
a679,DABLIC,CC(NO)C(C)NO,CC(NO)C(C)NO,O=C(OC1=O)C2C1CC=CC2,CCO,X,X,2,2,1,1,0,0,N,N,N,N,C,O,10.991499,0.10429209
a68,DUJLUS,NC1CCCCC1NC(c1ccccc1O)c1ccccc1O,NC(c1ccccc1)C(N)c1ccccc1,X,X,X,X,4,2,0,0,0,0,O,O,N,N,N,N,-29.082014,0.17259727
a680,OJEZAE,NNN,c1cnc2c(c1)ccc1cccnc12,NNN,c1cnc2c(c1)ccc1cccnc12,X,X,1,2,1,2,0,0,N,N,N,N,N,N,-9.43432,0.22372925
a681,SOZZEO,Oc1ccccc1NC(c1ccccc1)c1ccccn1,Oc1ccccc1NC(c1ccccc1)c1ccccn1,X,X,X,X,3,3,0,0,0,0,O,N,N,O,N,N,-18.634985,0.20960765
a682,HUGMOL,Cc1ccc(S(O)(O)NCc2ccccn2)cc1,Cc1ccc(S(O)(O)NCc2ccccn2)cc1,CC(N)C(CN)C(C)N,X,X,X,2,2,2,0,0,0,N,N,N,N,N,N,-13.525148,0.122712575
a685,LUTSAU,Cn1nnc(NC(O)c2ccccn2)n1,Cn1nnc(NC(O)c2ccccn2)n1,Cn1nnc(NC(O)c2ccccn2)n1,X,X,X,2,2,2,0,0,0,N,N,N,N,N,N,15.509893,0.17250001
a686,KECVIY,NCc1ccc(CS(O)O)cc1,ONC(c1ccccc1)C(NO)c1ccccc1,ONC(c1ccccc1)C(NO)c1ccccc1,c1ccncc1,X,X,1,2,2,1,0,0,S,N,N,N,N,N,22.398462,0.10754189
a688,TAPDOE,CC(NO)c1ccccn1,CC(NO)c1ccccn1,CC(NO)c1ccccn1,X,X,X,2,2,2,0,0,0,N,N,N,N,N,N,30.063124,0.14232412
a689,XOQVAC,CN1C=CC=CC1,Cc1ccc(O)c(CNCCNCc2cc(C)ccc2O)c1,Cl,X,X,X,1,4,1,0,0,0,C,N,N,O,O,Cl,20.372183,0.13199018
a69,IGOLAU,Cc1cc(NC(O)c2ccccn2)c(NC(O)c2ccccn2)cc1C,NNN,Cn1ccnc1,X,X,X,4,1,1,0,0,0,N,N,N,N,N,N,29.3551,0.1594986
a691,LOHJOH,OC(O)CN(CC(O)O)C1CCCCC1N(CC(O)O)CC(O)O,X,X,X,X,X,6,0,0,0,0,0,N,N,O,O,O,O,78.76411,0.15143578
a692,KOLVUD,O=C1NC2(C3(NC(N2)=O)N1)C4=CC=CNC4=C5C3=CC=CN5,O=C1NC2(C3(NC(N2)=O)N1)C4=CC=CNC4=C5C3=CC=CN5,OP(O)(O)O,X,X,X,2,2,2,0,0,0,O,O,N,N,N,N,-10.112833,0.07791356
a693,LEWQIP,OC(c1ncccc1)Nc2c(SCCSC3=CC=CC=C3N/C(O)=C4C=CC=CN/4)cccc2,X,X,X,X,X,6,0,0,0,0,0,N,N,N,N,S,S,-41.90196,0.22130263
a694,TELFOF,ClC(C=C1)=CC=C1NCC2=CC=CN2,ClC(C=C1)=CC=C1NCC2=CC=CN2,ClC(C=C1)=CC=C1NCC2=CC=CN2,X,X,X,2,2,2,0,0,0,N,N,N,N,N,N,-10.229555,0.12991324
a695,WOVNUQ,CC(O)CC(C)NCCNCCCN,ONO,ONO,X,X,X,4,1,1,0,0,0,N,N,N,N,N,O,77.05105,0.19209078
a697,GAKBIF,CCN(c1cc(O)c(CNN(P(N(NCc2c(O)cc(N(CC)CC)cc2)C)(S)N(NCc3c(O)cc(N(CC)CC)cc3)C)C)cc1)CC,X,X,X,X,X,6,0,0,0,0,0,N,N,N,O,O,O,-67.6939,0.1533507
a698,UNAVOW,CC(O)CC(C)NC(c1ccccc1)C(NC(C)CC(C)O)c1ccccc1,c1ccncc1,c1ccncc1,X,X,X,4,1,1,0,0,0,O,O,N,N,N,N,5.811617,0.09608639
a699,LOBPUO,OC(NC(S)N(c1ccccc1)c1ccccc1)c1ccco1,OC(NC(S)N(c1ccccc1)c1ccccc1)c1ccco1,OC(NC(S)N(c1ccccc1)c1ccccc1)c1ccco1,X,X,X,2,2,2,0,0,0,O,O,O,S,S,S,-53.184444,0.18330394
a7,LASSAD,CC(NNC(N)S)c1ccccn1,CC(NNC(N)S)c1ccccn1,X,X,X,X,3,3,0,0,0,0,S,S,N,N,N,N,52.175457,0.023107216
a70,ZACJUM,CC(C)(C)C(O)O,CC(C)(C)C(O)O,NCCCCN,NCCCCN,X,X,1,1,2,2,0,0,O,O,N,N,N,N,-55.36278,0.29544047
a700,GENGIQ,CC(NO)C(C)NO,CC(NO)C(C)NO,c1ccncc1,Cc1ccc2ccccc2c1,X,X,2,2,1,1,0,0,N,N,N,N,N,C,11.556107,0.13465862
a701,SOVFEP,C/C1=C(C)/NCCCN/C(C)=C(C)\NOC(F)(F)ON1,Cc1cc2ncn(C)c2cc1C,C,X,X,X,4,1,1,0,0,0,N,N,N,N,N,C,22.584938,0.19249406
a702,MIJXIN,Oc1ccc(N(O)O)cc1CNC1CC1,Oc1ccc(N(O)O)cc1CNC1CC1,NNN,c1ccncc1,X,X,2,2,1,1,0,0,O,O,N,N,N,N,19.173235,0.13991317
a703,ACONPB,CC(O)CC(C)O,CC(O)CC(C)O,CC(O)CC(C)O,X,X,X,2,2,2,0,0,0,O,O,O,O,O,O,91.04301,0.091760285
a705,YOBHOM,OC1COCC1O,NCCN,NCCN,X,X,X,2,2,2,0,0,0,O,O,N,N,N,N,74.771095,0.16541834
a706,EJUGIA,CC(NO)C(C)NO,CC(NO)C(C)NO,c1ccncc1,c1ccc2ccccc2c1,X,X,2,2,1,1,0,0,N,N,N,N,N,C,9.518307,0.10671026
a707,CODTOG,Cl,CC(NO)C(C)NO,CC(NO)C(C)NO,OC(NCc1ccc2ccc3cccc4ccc1c2c34)c1ccncc1,X,X,1,2,2,1,0,0,Cl,N,N,N,N,N,14.7014675,0.16243155
a708,LORKIO,Oc1ccc(F)cc1CNC1CC1,Oc1ccc(F)cc1CNC1CC1,Oc1ccc(F)cc1CNC1CC1,X,X,X,2,2,2,0,0,0,N,N,N,O,O,O,-18.96906,0.18858984
a71,WENCUR,NCC(O)CNCc1cc(Cl)cc(Cl)c1O,NCC(O)CNCc1cc(Cl)cc(Cl)c1O,X,X,X,X,3,3,0,0,0,0,O,N,N,O,N,N,48.63925,0.161106
a710,HEVDOB,Oc1ccccc1CNCCN(CCNCc1ccccc1O)CCNCc1ccccc1O,X,X,X,X,X,6,0,0,0,0,0,O,O,O,N,N,N,-20.64091,0.12274435
a711,WOMSUO,COc1cccc(CNc2ccccc2O)c1O,Cn1ccnc1,Cn1ccnc1,Cn1ccnc1,X,X,3,1,1,1,0,0,O,N,O,N,N,N,48.600327,0.16262951
a712,KOMYAO,Oc1c(Cl)cc(Cl)cc1CNc1ccccc1N(Cc1cc(Cl)cc(Cl)c1O)Cc1cc(Cl)cc(Cl)c1O,CO,X,X,X,X,5,1,0,0,0,0,O,N,N,O,O,O,20.050728,0.14972973
a714,EVIQUX,CC(O)CC(C)O,CC(O)CC(C)O,OC(Nc1cccc2cccnc12)c1ccccc1,X,X,X,2,2,2,0,0,0,O,O,O,O,N,N,69.23149,0.09765762
a715,AMGXCO,CC(NO)C(C)NO,CC(NO)C(C)NO,C,O,X,X,2,2,1,1,0,0,C,N,N,O,N,N,11.994629,0.16742799
a716,FEPRAT,CC(NO)C(C)NO,CC(NO)C(C)NO,CCN,Cn1ccnc1,X,X,2,2,1,1,0,0,N,N,N,N,N,C,8.941214,0.14540383
a718,ZAQFUS,COC(N)NC(N)OC,COC(N)NC(N)OC,COC(N)NC(N)OC,X,X,X,2,2,2,0,0,0,N,N,N,N,N,N,80.4984,0.10708116
a719,OQEPOR,CC(CC(C)NC(C)c1ccccc1)Nc1c(C(C)C)cccc1C(C)C,C1=CCCC=CCC1,X,X,X,X,2,4,0,0,0,0,C,C,C,C,N,N,64.9502,0.10375193
a720,VEBGIS,CC(NO)C(C)NO,CC(NO)C(C)NO,COc1ccc(N)cc1,C,X,X,2,2,1,1,0,0,N,N,N,N,N,C,11.207628,0.14397837
a722,VOWPEE,CC(O)CC(C)O,CC(O)CC(C)O,Cc1ccncc1,Cc1ccncc1,X,X,2,2,1,1,0,0,O,O,O,O,N,N,102.97321,0.07900308
a723,NAYBEW,c1ccncc1,c1ccncc1,c1ccncc1,CC(O)CC(C)Nc1ccccc1O,X,X,1,1,1,3,0,0,N,N,N,O,N,O,13.770037,0.0941432
a724,UKOBON,CC(O)CC(O)c1ccccc1,CC(O)CC(O)c1ccccc1,CC(O)CC(O)c1ccccc1,X,X,X,2,2,2,0,0,0,O,O,O,O,O,O,15.6086,0.16647373
a725,SIQGUX,CCOc1cccc(CNCCCNCCCN(C)C)c1O,NNN,NNN,X,X,X,4,1,1,0,0,0,O,N,N,N,N,N,54.53247,0.17005055
a727,GAPZEC,NCC(O)CN,NCC(O)CN,X,X,X,X,3,3,0,0,0,0,O,N,N,O,N,N,-2.2847078,0.21115577
a728,FIMKIX,OCC(O)C(O)C(O)C(O)C(O)O,NCCN(CCN)CCN,X,X,X,X,2,4,0,0,0,0,O,O,N,N,N,N,-8.204405,0.19525789
a729,MPCOMP,CP(C)C,CP(C)C,C,C,CP(C)(C)C,X,1,1,1,1,2,0,C,C,C,P,P,C,25.025372,0.21940807
a73,GIBYEZ,Cl,CCc1ccc(N(c2ccc(OC)cc2)c2ccc(OC)cc2)cc1,CC1=NCCCN=C(C)C(C)=NCCCN=C1C,X,X,X,1,1,4,0,0,0,Cl,N,N,N,N,C,92.61183,0.28509876
a730,SOJTUG,c1ccc(C(NCc2ccccn2)C(NCc2ccccn2)c2ccccc2)cc1,CC(N)(C(O)O)C(O)O,X,X,X,X,4,2,0,0,0,0,N,N,N,N,N,O,-20.222548,0.22904232
a731,MOMQUB,C1(/C=CCS1)=C(C2=CC=CN2)/C3=CC=CN3,C1(/C=CCS1)=C(C2=CC=CN2)/C3=CC=CN3,C1(/C=CCS1)=C(C2=CC=CN2)/C3=CC=CN3,X,X,X,2,2,2,0,0,0,N,N,N,N,N,N,11.066195,0.21964084
a732,USIGOT,CC(NO)C(C)NO,CC(NO)C(C)NO,c1ccncc1,CN(C)c1ccccc1,X,X,2,2,1,1,0,0,C,N,N,N,N,N,4.9156284,0.1738983
a733,IGUGEY,C[SiH](CC1C=CC=CN1)C,C[SiH](CC1C=CC=CN1)C,C[SiH](CC1C=CC=CN1)C,X,X,X,2,2,2,0,0,0,Si,Si,Si,N,N,N,75.02104,0.08369864
a734,WAMYEP,OC(O)(c1ccccn1)c1ccccn1,OC(O)(c1ccccn1)c1ccccn1,X,X,X,X,3,3,0,0,0,0,O,O,N,N,N,N,-6.7685604,0.16494821
a735,VITHAJ,Cl,ONC(c1ccccc1)C(NO)c1ccccc1,c1ccncc1,ONC(c1ccccc1)C(NO)c1ccccc1,X,X,1,2,1,2,0,0,Cl,N,N,N,N,N,23.400225,0.13670312
a737,FORLED,CC(NO)C(C)NO,CC(NO)C(C)NO,O,c1ccncc1,X,X,2,2,1,1,0,0,O,N,N,N,N,N,-8.151545,0.12809159
a738,LEWQEL,OC(Nc1ccccc1S)c1ccccn1,CCSc1ccccc1NC(O)c1ccccn1,X,X,X,X,3,3,0,0,0,0,S,S,N,N,N,N,-4.6661167,0.17712978
a74,AZARIF,C1(NC2=NN=NN2)=NN=NN1,C1(NC2=NN=NN2)=NN=NN1,N,N,X,X,2,2,1,1,0,0,N,N,N,N,N,N,101.16644,0.099264205
a741,WEBGUF,CC(NO)C(C)NO,CC(NO)C(C)NO,C1CCNC1,CCCN,X,X,2,2,1,1,0,0,N,N,N,N,N,C,13.654095,0.15849036
a742,IRUZIE,COc1ccc(C(O)NNCc2ccccn2)cc1,COc1ccc(C(O)NNCc2ccccn2)cc1,X,X,X,X,3,3,0,0,0,0,O,O,N,N,N,N,39.907635,0.25574347
a743,GOPXUE,CC(C(O)NCCN)(C(O)NCCN)C(O)NCCN,X,X,X,X,X,6,0,0,0,0,0,N,N,N,N,N,N,-2.6660554,0.15545604
a744,BUCSUN,OC(O)CNCCN(CC(O)O)CC(O)O,NCCN,X,X,X,X,4,2,0,0,0,0,O,O,N,N,N,N,-48.877354,0.19130832
a749,GIHZON,CC(C)(C)c1cc(CN(Cc2ccccn2)Cc2ccccn2)c(O)c(C(C)(C)C)c1,CC(O)CC(C)O,X,X,X,X,4,2,0,0,0,0,O,O,O,N,N,N,25.424305,0.20420732
a75,MUSWEF,Cl,CC(NO)C(C)NO,CC(NO)C(C)NO,Cc1cncc(C)c1,X,X,1,2,2,1,0,0,Cl,N,N,N,N,N,6.3257256,0.15042856
a750,NAVWUC,OC(O)CNCC(O)O,OC(O)CNCC(O)O,X,X,X,X,3,3,0,0,0,0,N,O,O,N,O,O,-38.529484,0.21622033
a751,YOVMUR,CC(NO)C(C)NO,CC(NO)C(C)NO,c1ccncc1,CCCCCCCCCCCCCC,X,X,2,2,1,1,0,0,N,N,N,N,N,C,6.307581,0.13391456
a753,DODNAL,CC(NO)C(C)NCCCNC(C)C(C)NO,c1ccncc1,CC(C)(C)C,X,X,X,4,1,1,0,0,0,N,N,N,N,N,C,6.699848,0.2300835
a756,IBIWAR,C1=CC2=C(c3ccccc3)C3=NC(=C(c4ccccc4)C4=NC(=C(c5ccccc5)C5=NC(=C(c6ccccc6)C1=N2)C=C5)C=C4)C=C3,CN1CCNCC1,CN1CCNCC1,X,X,X,4,1,1,0,0,0,N,N,N,N,N,N,102.8662,0.17640328
a757,QAXFAX,OC(O)CCN(CC(O)O)CC(O)O,OC(O)CCN(CC(O)O)CC(O)O,X,X,X,X,3,3,0,0,0,0,N,O,O,N,O,O,4.2152977,0.18214476
a758,CEDGEX,CN(CC(O)O)CC(O)O,CN(CC(O)O)CC(O)O,X,X,X,X,3,3,0,0,0,0,O,O,O,O,N,N,-9.133451,0.12226732
a759,BOBLAF,OP(O)(O)CP(O)(O)O,N,N,N,N,X,2,1,1,1,1,0,O,O,N,N,N,N,20.962942,0.2502832
a76,KEFDEI,OCCCNc1nc2ccccc2n1NCc1ccccc1O,OCCCNc1nc2ccccc2n1NCc1ccccc1O,X,X,X,X,3,3,0,0,0,0,O,O,N,N,N,N,26.750715,0.19886044
a761,JAKNUE,CC(NO)C(C)NO,CC(NO)C(C)NO,Cc1nccn1C,CCCCN,X,X,2,2,1,1,0,0,N,N,N,N,N,C,11.457632,0.15704013
a764,JEGHAE,CC(NO)C(C)NO,CC(NO)C(C)NO,Cc1nccn1C,CCN,X,X,2,2,1,1,0,0,N,N,N,N,N,C,8.018803,0.16461466
a765,REXQAN,Cc1ccc(OCc2ccccc2)cc1,Cc1ccc(OCc2ccccc2)cc1,Cc1ccc(OCc2ccccc2)cc1,X,X,X,2,2,2,0,0,0,C,O,C,O,C,O,39.138832,0.057223044
a766,KOQQAK,c1ccc(NNc2ccccc2Nc2ccc3c(c2)OCCOCCOCCOCCO3)nc1,c1ccc(NNc2ccccc2Nc2ccc3c(c2)OCCOCCOCCOCCO3)nc1,X,X,X,X,3,3,0,0,0,0,N,N,N,N,N,N,-1.8290765,0.18807082
a767,AXOVEQ,Cc1ccc(C(O)NNC(C)C(C)NNC(O)c2ccc(C)cc2)cc1,Cc1ccc(C(O)NNC(C)C(C)NNC(O)c2ccc(C)cc2)cc1,X,X,X,X,3,3,0,0,0,0,N,N,O,N,N,O,24.576366,0.13351984
a768,ACOSEU,CC(O)CC(C)O,CC(O)CC(C)O,CC(O)CC(C)O,X,X,X,2,2,2,0,0,0,O,O,O,O,O,O,91.04301,0.091760285
a769,ACOZIE,NC1CCCCC1N,NC1CCCCC1N,Cl,Cl,X,X,2,2,1,1,0,0,N,N,N,N,Cl,Cl,-9.217283,0.18746924
a77,CALWUL,CC(NNC(NCc1c(O)cccc1)SCCC)CC(c2ccccc2)O,c1ccncc1,c1ccncc1,X,X,X,4,1,1,0,0,0,N,N,N,N,O,O,4.8244553,0.15642309
a770,YAVLEO,OC(O)c1cccc(-c2cccc(C(O)O)n2)n1,OC(O)c1cccc(-c2cccc(C(O)O)n2)n1,X,X,X,X,3,3,0,0,0,0,O,O,N,N,N,N,-43.25603,0.10803962
a771,MELKIX,Cl,CC(NO)C(C)NO,CC(NO)C(C)NO,O,X,X,1,2,2,1,0,0,Cl,O,N,N,N,N,5.0880165,0.13816185
a772,YIBQOQ,NCS,NCS,CC1CCNC2CCCCC2NC(C)CCNC2CCCCC2N1,X,X,X,1,1,4,0,0,0,N,N,N,N,N,N,-8.655245,0.30641142
a773,LABWUG,CC(NO)C(C)NO,CC(NO)C(C)NO,C1CCNC1,CCCN,X,X,2,2,1,1,0,0,N,N,N,N,N,C,13.654095,0.15849036
a774,ZEZXEJ,Oc1ccc2ccccc2c1CNCCCNCCCNCc1c(O)ccc2ccccc12,NNN,X,X,X,X,5,1,0,0,0,0,O,O,N,N,N,N,-38.39194,0.13761055
a775,HIBPAJ,Oc1ccccc1CNCCNCc1ccccc1O,c1ccncc1,c1ccncc1,X,X,X,4,1,1,0,0,0,O,O,N,N,N,N,-5.115633,0.16190778
a778,SUYNIL,Cc1ccc(O)c(CNc2ccccc2NCc2cc(C)ccc2O)c1,NNN,CO,X,X,X,4,1,1,0,0,0,N,N,N,O,O,O,-24.62171,0.16966067
a779,HAQVON,CCCCC(C(C)O)C(C)O,CCCCC(C(C)O)C(C)O,CCCCC(C(C)O)C(C)O,X,X,X,2,2,2,0,0,0,O,O,O,O,O,O,54.828354,0.1629353
a78,NAPSIK,Oc1ccccc1CNCCNc1ccccc1,Oc1ccccc1CNCCNc1ccccc1,X,X,X,X,3,3,0,0,0,0,O,N,N,O,N,N,27.248873,0.15140115
a780,PIDPIB,CN(C)CCN,CC(O)CC(C)O,CC(O)CC(C)O,X,X,X,2,2,2,0,0,0,N,N,O,O,O,O,115.31892,0.18941592
a783,BIMNAN,NC(Cc1ccccc1)C(O)NCC(O)NCC(O)O,c1ccc(-c2cccc(-c3ccccn3)n2)nc1,X,X,X,X,3,3,0,0,0,0,N,N,N,N,N,N,18.295588,0.20289055
a785,MIYJAG,NC(S)NNC(c1ccccc1)c1ccccn1,NC(S)NNC(c1ccccc1)c1ccccn1,X,X,X,X,3,3,0,0,0,0,S,S,N,N,N,N,-27.241903,0.08964988
a786,ESABAD,Oc1ccc2ccccc2c1CNCCc1ccccn1,Oc1ccc2ccccc2c1CNCCc1ccccn1,X,X,X,X,3,3,0,0,0,0,N,N,O,N,N,O,-4.592455,0.23856404
a787,ULAMOK,COc1cccc(CNNC(O)c2ccccc2)c1O,c1ccncc1,c1ccncc1,c1ccncc1,X,X,3,1,1,1,0,0,N,N,N,N,O,O,-43.10169,0.1462823
a788,QOPFEG,Oc1ccccc1CNC1C(O)C(NCc2ccccc2O)C(O)C(NCc2ccccc2O)C1O,X,X,X,X,X,6,0,0,0,0,0,N,O,N,O,O,N,13.863255,0.16357833
a79,XILBON,CCOC(O)C(CNc1ccccc1N)c1ccccc1,CCOC(O)C(CNc1ccccc1N)c1ccccc1,X,X,X,X,3,3,0,0,0,0,O,N,N,O,N,N,40.11332,0.14073062
a790,GOGRUQ,CC(CC(O)c1ccccc1)NCCCNC(C)CC(O)c1ccccc1,c1ccncc1,c1ccncc1,X,X,X,4,1,1,0,0,0,O,O,N,N,N,N,-14.521208,0.16643515
a791,GANNAM,ONC(c1ccccc1)C(NO)c1ccccc1,ONC(c1ccccc1)C(NO)c1ccccc1,c1ccncc1,CCCC,X,X,2,2,1,1,0,0,N,N,N,N,N,C,22.084925,0.14722559
a792,CAFBOB,CC(NO)C(C)NO,CC(NO)C(C)NO,c1ccncc1,CCCl,X,X,2,2,1,1,0,0,C,N,N,N,N,N,-2.3376482,0.17749034
a793,YATZOK,Cl,COc1cccc(CNCCNCc2cccc(OC)c2O)c1O,O,X,X,X,1,4,1,0,0,0,Cl,O,O,O,N,N,25.728262,0.09809996
a795,PAACCO,CC(O)CC(C)O,CC(O)CC(C)O,NC(Cc1ccccc1)C(O)O,X,X,X,2,2,2,0,0,0,O,O,O,O,O,N,31.296192,0.14314668
a796,XAXYEA,NCCCNCCN,NNN,NNN,NNN,X,X,3,1,1,1,0,0,N,N,N,N,N,N,58.175697,0.20427755
a797,HOSLIM,S,CC(C)C(N)C(O)O,c1ccc(CNCc2ccccn2)nc1,X,X,X,1,2,3,0,0,0,S,O,N,N,N,N,29.92924,0.16914587
a799,XILQOZ,c1ccc(-c2ccccn2)nc1,c1ccc(-c2ccccn2)nc1,NNN,NNN,X,X,2,2,1,1,0,0,N,N,N,N,N,N,54.012524,0.17128775
a8,PUYCOE,FC(F)F,CCN,FC(F)F,CCN,FC(F)F,CCN,1,1,1,1,1,1,C,N,C,N,C,N,235.56651,0.030480266
a800,KIRTUB,NNN,NNN,c1ccc(CNCCNCCNCc2ccccc2)cc1,NNN,X,X,1,1,3,1,0,0,N,N,N,N,N,N,61.47169,0.22367665
a801,FOHVIJ,C1(NCC2=CC=CN2)=CC=CC=C1CN/C=C3NC=CC\3,c1ccncc1,c1ccncc1,X,X,X,4,1,1,0,0,0,N,N,N,N,N,N,51.639786,0.16588423
a802,VOPLOB,c1ccc(CNC2CCCCC2NCc2ccccn2)cc1,CC(C)C(NC(O)CN)C(O)O,X,X,X,X,3,3,0,0,0,0,N,N,N,N,N,O,9.876886,0.2122118
a803,BINHIP,CC(NCc1ccccc1)C(O)O,CC(NCCNC(C)c1ccccc1O)c1ccccc1O,X,X,X,X,2,4,0,0,0,0,O,O,O,N,N,N,62.49872,0.1283019
a804,PAMZEK,C1CNCCNCCCNCCNC1,CCc1ccccc1,CCc1ccccc1,X,X,X,4,1,1,0,0,0,N,N,C,N,N,C,54.861095,0.18309918
a805,QADNEO,ONO,ONO,NCCCNCCNCCCN,X,X,X,1,1,4,0,0,0,N,N,N,N,N,N,100.48087,0.17696711
a806,EDAPUU,NCCCCN,NCCCCN,NCS,NCS,X,X,2,2,1,1,0,0,N,N,N,N,N,N,74.0165,0.1632726
a807,QIMLUW,COCCNCc1ccccc1O,COCCNCc1ccccc1O,COCCNCc1ccccc1O,X,X,X,2,2,2,0,0,0,O,N,O,N,O,N,33.442245,0.17609495
a808,IFAFUT,CCOc1cccc(CNCCCN(C)C)c1O,C1(C2=CCC=CN2)=NN=NN1,NNN,X,X,X,3,2,1,0,0,0,O,N,N,N,N,N,34.196598,0.16188727
a809,UCEKOD,O=C1NC(C(NO)=C(O)N1)=O,O=C1NC(C(NO)=C(O)N1)=O,O=C1NC(C(NO)=C(O)N1)=O,X,X,X,2,2,2,0,0,0,N,O,N,O,N,O,109.01748,0.083025105
a81,EQIFOC,SC(Nc1ccc(I)cc1)NNCc(ccc2)c3c2cccn3,SC(Nc1ccc(I)cc1)NNCc(ccc2)c3c2cccn3,X,X,X,X,3,3,0,0,0,0,S,S,N,N,N,N,55.36474,0.12374158
a810,TOPMUI,CC(NO)c1ccccc1NCc1cc(Cl)cc(Cl)c1O,CC(NO)c1ccccc1NCc1cc(Cl)cc(Cl)c1O,X,X,X,X,3,3,0,0,0,0,N,N,N,N,O,O,-7.7901096,0.15744182
a811,IDARAG,NCCCNCCN,CN,CN,CN,X,X,3,1,1,1,0,0,N,N,N,C,C,C,135.39883,0.22757907
a815,KEJZUW,Cl,CC(NO)C(C)NO,CC(NO)C(C)NO,NC(O)c1ccncc1,X,X,1,2,2,1,0,0,Cl,N,N,N,N,N,8.679514,0.12395463
a816,DETCAJ,FC(F)C(F)(F)c1ccccc1,CC(NO)C(C)NO,CC(NO)C(C)NO,c1ccncc1,X,X,1,2,2,1,0,0,C,N,N,N,N,N,10.702665,0.11855493
a817,IRAQUO,CC(NCCNCCNCCNC(C)c1ccccc1O)c1ccccc1O,X,X,X,X,X,6,0,0,0,0,0,O,N,N,O,N,N,45.531414,0.06472999
a818,QIVKIP,CCCCCCCCCCCCCCNCCN,CCCCCCCCCCCCCCNCCN,ONO,ONO,X,X,2,2,1,1,0,0,N,N,N,N,N,N,63.744286,0.18951185
a820,PEHHOC,OCCNCCCNCc1ccccc1O,NNN,NNN,X,X,X,4,1,1,0,0,0,O,O,N,N,N,N,27.769901,0.14899322
a821,ECUQAU,COC(O)C1C(C2=C3C=CC(=N3)C(C3C(C(O)OC)C3(C)C)=C3C=CC(=N3)C(C3C(C(O)OC)C3(C)C)=C3C=CC(=N3)C(C3C(C(O)OC)C3(C)C)=C3C=CC2=N3)C1(C)C,COC(O)C(N)C(C)O,COC(O)C(N)C(C)O,X,X,X,4,1,1,0,0,0,N,N,N,N,N,N,19.6337,0.08303981
a822,AKOBAD,OCCNCCNCc1ccccc1O,OCCNCCNCc1ccccc1O,X,X,X,X,3,3,0,0,0,0,N,N,N,N,O,O,32.059906,0.18792877
a823,IBUBUF,Oc1ccccc1C1=NCCCN1,Oc1ccccc1C1=NCCCN1,Oc1ccccc1C1=NCCCN1,X,X,X,2,2,2,0,0,0,O,O,O,N,N,N,12.770807,0.12805937
a824,QIYKOA,Cl,Cc1cc(C)n(C(O)c2ccncc2)n1,CC(NO)C(C)NO,CC(NO)C(C)NO,X,X,1,1,2,2,0,0,Cl,N,N,N,N,N,15.957797,0.12618841
a825,NINFEV,CC(C)N1CCN(Cc2cc(C(C)(C)C)cc(C(C)(C)C)c2O)CCN(C(C)C)CC1,Oc1c(O)c(Cl)c(Cl)c(Cl)c1Cl,X,X,X,X,4,2,0,0,0,0,N,N,N,O,O,O,7.564522,0.1958237
a826,DETCIR,CC(NO)C(C)NO,N,CC(NO)C(C)NO,N,X,X,2,1,2,1,0,0,N,N,N,N,N,N,10.077988,0.11412082
a828,SUKWOK,CP(C)C,CP(C)C,CC(O)CC(C)O,CC(O)CC(C)O,X,X,1,1,2,2,0,0,P,O,O,P,O,O,121.041084,0.18262956
a829,EQIMUO,c1cnc2c(c1)ccc1cccnc12,Cl,c1cnc2c(c1)ccc1cccnc12,Cl,X,X,2,1,2,1,0,0,Cl,N,N,Cl,N,N,87.155,0.17333922
a83,GEHTIA,CC(NO)C(C)NO,c1ccncc1,CC(NO)C(C)NO,c1ccncc1,X,X,2,1,2,1,0,0,N,N,N,N,N,N,-2.500757,0.08746519
a830,XIBPEF,NCCN,NNN,NCCN,NNN,X,X,2,1,2,1,0,0,N,N,N,N,N,N,86.24756,0.11476574
a831,QITSAP,CC(NCCNc1ccccc1)c1ccccc1O,NCCNc1ccccc1,NNN,X,X,X,3,2,1,0,0,0,N,N,N,N,N,O,54.626545,0.16049384
a832,DETCOX,CC(NO)C(C)NO,Nc1ccccc1,CC(NO)C(C)NO,Nc1ccccc1,X,X,2,1,2,1,0,0,N,N,N,N,N,N,11.732914,0.14253038
a833,HEWZOZ,c1ccc(-c2ccccn2)nc1,c1ccc(-c2ccccn2)nc1,NNN,NNN,X,X,2,2,1,1,0,0,N,N,N,N,N,N,54.012524,0.17128775
a836,HEFTAN,Cl,CC(NO)C(C)NO,CC(NO)C(C)NO,c1ccncc1,X,X,1,2,2,1,0,0,Cl,N,N,N,N,N,3.9387019,0.103543125
a837,JALTIC,CC(O)CC(C)O,OC(Nc1cccc2cccnc12)c1ccccc1-c1ccccc1C(O)Nc1cccc2cccnc12,X,X,X,X,2,4,0,0,0,0,O,O,N,N,N,N,-24.693571,0.10586149
a838,VOZSIM,Cc1ccncc1,Cc1ccncc1,Cc1ccncc1,NNN,NNN,NNN,1,1,1,1,1,1,N,N,N,N,N,N,58.789803,0.16788054
a84,COYLIM,CC(NO)C(C)NCCCNC(C)C(C)NO,NNN,NNN,X,X,X,4,1,1,0,0,0,N,N,N,N,N,N,20.427542,0.19289681
a840,VIWLUL,Cc1cc(C)c(O)c(CN(C)CCN(C)Cc2cc(C)cc(C)c2O)c1,CC(O)CC(C)O,X,X,X,X,4,2,0,0,0,0,N,N,O,O,O,O,-43.034145,0.15732962
a841,VUTBES,Cc1ccc(NC(O)c2ccccn2)c(NC(O)c2ccccn2)c1,Cn1ccnc1,Cn1ccnc1,X,X,X,4,1,1,0,0,0,N,N,N,N,N,N,40.024757,0.143356
a843,DETKET,OCc1ccccc1NCc1ccccc1O,OCc1ccccc1NCc1ccccc1O,X,X,X,X,3,3,0,0,0,0,O,O,O,O,N,N,-46.97047,0.22006252
a845,BEVSEA,BrC1C2C3=C(C4=CC=CC=C4C21)C=CC=C3,CC(NO)C(C)NO,CC(NO)C(C)NO,c1ccncc1,X,X,1,2,2,1,0,0,N,N,N,N,N,C,18.144274,0.11459872
a846,PINVAL,Cl,Cc1ccnc2c1ccc1c(C)ccnc12,Cl,Cc1ccnc2c1ccc1c(C)ccnc12,X,X,1,2,1,2,0,0,Cl,N,N,Cl,N,N,88.2771,0.15335244
a847,KIBMAL,NC1CCCCC1NC(O)c1ccccc1O,NC1CCCCC1NC(O)c1ccccc1O,X,X,X,X,3,3,0,0,0,0,O,O,N,N,N,N,11.523954,0.16238037
a85,PUYDOF,FC(F)C(F)(F)C(F)(F)C(F)F,CCN,CCN,CCN,CCN,X,2,1,1,1,1,0,N,C,N,N,N,C,-7.0731525,0.09293422
a850,EHOTIE,COc1ccc(NC(O)c2ccccn2)cc1,COc1ccc(NC(O)c2ccccn2)cc1,COc1ccc(NC(O)c2ccccn2)cc1,X,X,X,2,2,2,0,0,0,N,N,N,N,N,N,6.42375,0.23878385
a851,HUHYIT,Oc1ccccc1CNCCc1c[nH]cn1,Oc1ccccc1CNCCc1c[nH]cn1,X,X,X,X,3,3,0,0,0,0,N,N,O,N,N,O,10.495087,0.17072745
a852,DUFXUX,NCS,NCS,NCS,CP(C)C,CP(C)C,CP(C)C,1,1,1,1,1,1,N,N,N,P,P,P,76.9211,0.050814435
a853,PASWIS,c1cnc2c(c1)ccc1cccnc12,c1cnc2c(c1)ccc1cccnc12,CN,CN,X,X,2,2,1,1,0,0,N,N,N,N,C,C,52.92733,0.17404184
a854,ORECEU,ONC(C(NO)SCC)SCC,ONC(C(NO)SCC)SCC,c1ccncc1,Cc1ccccc1,X,X,2,2,1,1,0,0,N,N,N,N,N,C,24.980125,0.096614905
a856,KEQVAD,CP(C)C,CP(C)C,Cc1cc(C(C)O)c(O)c(C(C)(C)C)c1,C,C,X,1,1,2,1,1,0,P,P,O,O,C,C,20.317177,0.16590177
a857,BEBQEF,NCCCNCCNCCCN,CN,CN,X,X,X,4,1,1,0,0,0,N,N,N,N,C,C,125.24818,0.22214842
a858,YICKUQ,OC(O)CN(CC(O)O)C(Cc1ccccc1)C(O)O,NCC(O)O,X,X,X,X,4,2,0,0,0,0,O,O,O,O,N,N,1.0352728,0.16819611
a859,XAQRAL,CC(O)CC(C)O,CC(O)CC(C)O,CC(O)CC(C)O,X,X,X,2,2,2,0,0,0,O,O,O,O,O,O,91.04301,0.091760285
a86,MEFGOX,c1ccc(CNNc2nncc3ccccc23)nc1,c1ccc(CNNc2nncc3ccccc23)nc1,X,X,X,X,3,3,0,0,0,0,N,N,N,N,N,N,8.435921,0.1862104
a861,BOLMAS,CN1CCCN(C)CC(O)=Nc2cc(Cl)c(Cl)cc2N=C(O)C1,Cl,CN(C)CO,X,X,X,4,1,1,0,0,0,Cl,O,N,N,N,N,112.2842,0.19057995
a863,KAMGUD,Cc1ccsc1CNCC(C)N,Cc1ccsc1CNCC(C)N,NNN,NNN,X,X,2,2,1,1,0,0,N,N,N,N,N,N,70.859436,0.17528592
a864,ZEQKOX,Cl,ONC1=C(NO)CCCC1,ONC1=C(NO)CCCC1,NC(O)c1cnccn1,X,X,1,2,2,1,0,0,Cl,N,N,N,N,N,14.50816,0.09929679
a867,JATMOG,CCC(NCCNC(CC)C(O)O)C(O)O,NCCN,X,X,X,X,4,2,0,0,0,0,N,N,N,N,O,O,32.44762,0.21525693
a868,PIRRIT,FC1=C(F)C(F)=C(F)C(F)=C1/C2=C(C/3)\C=CC3=C(C/4)/C=CC4=C(C5=C(F)C(F)=C(F)C(F)=C5F)\C(C/6)=CCC6=C(C7=C(F)C(F)=C(F)C(F)=C7F)\C8=CC=C2C8,c1ccncc1,c1ccncc1,X,X,X,4,1,1,0,0,0,N,N,N,N,N,N,42.083313,0.14075695
a869,YAQJOQ,Cl,Cc1cc(C)c(C(NO)C(NO)c2c(C)cc(C)cc2C)c(C)c1,Cc1cc(C)c(C(NO)C(NO)c2c(C)cc(C)cc2C)c(C)c1,c1ccncc1,X,X,1,2,2,1,0,0,Cl,N,N,N,N,N,22.491606,0.16722988
a870,HAYXEL,c1cnc2c(c1)ccc1cccnc12,NNN,c1cnc2c(c1)ccc1cccnc12,NNN,X,X,2,1,2,1,0,0,N,N,N,N,N,N,-9.434309,0.22372924
a872,BOTQIL,NC(O)C(O)O,NCCN,NCCN,X,X,X,2,2,2,0,0,0,N,N,N,N,N,O,61.996185,0.11996529
a874,LANNEU,NCCN,ONO,NCCN,ONO,X,X,2,1,2,1,0,0,N,N,N,N,N,N,122.00473,0.0907053
a876,GOCQEV,Oc1ccccc1CNC1CC1,Oc1ccccc1CNC1CC1,Oc1ccccc1CNC1CC1,X,X,X,2,2,2,0,0,0,N,N,N,O,O,O,-84.91492,0.16478887
a878,CEBHUP,c1ccc(CNNc2nncc3ccccc23)nc1,c1ccc(CNNc2nncc3ccccc23)nc1,X,X,X,X,3,3,0,0,0,0,N,N,N,N,N,N,8.435921,0.1862104
a879,ZENZAW,O,OS(C1=CC=C(C)C=C1)(O)NCC2=CC=CC=C2NCC3=CC=CN3,OS(C1=CC=C(C)C=C1)(O)NCC2=CC=CC=C2NCC3=CC=CN3,X,X,X,1,3,2,0,0,0,O,N,N,N,N,N,-31.903105,0.13792808
a88,KUJQIS,CC(NO)C(C)NO,CC(NO)C(C)NO,CC(N)c1ccccc1,NCO,X,X,2,2,1,1,0,0,N,N,N,N,N,N,2.4866202,0.14926971
a881,WOMTEZ,COc1cccc(CNc2ccccc2O)c1O,COc1cccc(CNc2ccccc2O)c1O,X,X,X,X,3,3,0,0,0,0,O,N,O,O,N,O,-31.725416,0.16399872
a882,ADEGUN,COc1cccc(CNc2ccccc2N(Cc2cc(C(C)(C)C)cc(C(C)(C)C)c2O)Cc2cc(C(C)(C)C)cc(C(C)(C)C)c2O)c1O,CO,X,X,X,X,5,1,0,0,0,0,O,N,N,O,O,O,14.316895,0.2158391
a884,TOQJEQ,C1(P(C2=CC=CC=C2)C3=CC=CC=C3)=CC=CC=C1,O,Oc1ccc2ccccc2c1CNc1ccccc1NCc1c(O)ccc2ccccc12,X,X,X,1,1,4,0,0,0,P,O,O,O,N,N,-21.553492,0.19072981
a885,OQUGOX,Cl,CC(NO)C(C)NO,CC(NO)C(C)NO,c1cnccn1,X,X,1,2,2,1,0,0,Cl,N,N,N,N,N,9.549028,0.10579507
a886,MAYMOO,Cl,Cl,c1(SCCP(C2=CC=CC=C2)C3=CC=CC=C3)c(SCCP(C4=CC=CC=C4)C5=CC=CC=C5)cccc1,X,X,X,1,1,4,0,0,0,Cl,Cl,S,S,P,P,31.982777,0.24671538
a888,EZOHIK,COc1ccc(C)cc1C(C)NCCNC(C)c1cc(C)ccc1O,OC1CNC(C(O)O)C1,X,X,X,X,4,2,0,0,0,0,C,N,O,O,N,N,50.411537,0.14835225
a889,ZEQFAE,COc1cc(NS(O)(O)c2ccc(N)cc2)nc(OC)n1,CC(NO)C(C)NO,CC(NO)C(C)NO,NNN,X,X,1,2,2,1,0,0,N,N,N,N,N,N,18.458286,0.18361045
a89,QURFUH,OC(NC(S)N(c1ccccc1)c1ccccc1)c1cccc(F)c1,OC(NC(S)N(c1ccccc1)c1ccccc1)c1cccc(F)c1,OC(NC(S)N(c1ccccc1)c1ccccc1)c1cccc(F)c1,X,X,X,2,2,2,0,0,0,S,S,S,O,O,O,-24.446035,0.16275498
a890,XIZTOS,Oc1c(O)c(Br)c(Br)c(Br)c1Br,NCCN,NCCN,X,X,X,2,2,2,0,0,0,O,O,N,N,N,N,77.32408,0.1277728
a891,XAPDIB,CC(NO)C(C)NO,CC(NO)C(C)NO,CCCN,CC1(C)C2CCC(CN)C1C2,X,X,2,2,1,1,0,0,N,N,N,N,N,C,3.1721556,0.17332304
a892,REYFAE,Oc1c(O)c(Br)c(Br)c(Br)c1Br,c1cnc2c(c1)ccc1cccnc12,c1cnc2c(c1)ccc1cccnc12,X,X,X,2,2,2,0,0,0,O,O,N,N,N,N,40.669838,0.09809298
a895,XAXYUQ,CN(CCCN)CCCN,NNN,NNN,NNN,X,X,3,1,1,1,0,0,N,N,N,N,N,N,63.476162,0.20875089
a896,ETOFAU,OC(Nc1ccc(F)cc1)c1ccccn1,OC(Nc1ccc(F)cc1)c1ccccn1,OC(Nc1ccc(F)cc1)c1ccccn1,X,X,X,2,2,2,0,0,0,N,N,N,N,N,N,8.222837,0.22899528
a898,WUZGED,CC(NO)C(C)NO,CC(NO)C(C)NO,CCC(C)N,CCC(O)Nc1ccccc1,X,X,2,2,1,1,0,0,N,N,N,N,N,C,12.050467,0.13860573
a899,QEKHET,CC(C)(C)c1cc(Nc2cc(C(C)(C)C)cc(C(C)(C)C)c2O)c(O)c(C(C)(C)C)c1,CC(C)(C)c1cc(Nc2cc(C(C)(C)C)cc(C(C)(C)C)c2O)c(O)c(C(C)(C)C)c1,X,X,X,X,3,3,0,0,0,0,O,N,O,N,O,O,29.243805,0.20775926
a90,JETXEP,CCNC(S)n1nc(C)cc1C,CCNC(S)n1nc(C)cc1C,CCNC(S)n1nc(C)cc1C,X,X,X,2,2,2,0,0,0,N,N,N,N,S,S,35.007732,0.20979859
a900,ZAPQOZ,C1(c2ccccc2)C[Se]C(NNCc3ncccc3)N1,C1(c2ccccc2)C[Se]C(NNCc3ncccc3)N1,X,X,X,X,3,3,0,0,0,0,N,N,N,N,N,N,51.363297,0.16869208
a901,VOZPUX,OC(Cc1ccccn1)C(F)(F)F,OC(Cc1ccccn1)C(F)(F)F,OC(Cc1ccccn1)C(F)(F)F,X,X,X,2,2,2,0,0,0,O,O,O,N,N,N,112.13929,0.094590984
a903,NUSHOA,Cl,CCOP(OCC)(C1=CCNC=C1)O,CC(NO)C(C)NO,CC(NO)C(C)NO,X,X,1,1,2,2,0,0,Cl,N,N,N,N,N,26.246874,0.15176041
a905,RUYYOA,OC(O)C1SCC(c2ncccc2)N1,OC(O)C1SCC(c2ncccc2)N1,X,X,X,X,3,3,0,0,0,0,N,N,O,N,N,O,-38.91676,0.15131782
a909,YIPDIK,CC(N/1)N=CC1=C\NCCN(CCN/C=C2NC(C)N=C\2)CCN/C=C3C=NC(C)N\3,X,X,X,X,X,6,0,0,0,0,0,N,N,N,N,N,N,80.299774,0.1415298
a91,AQAJOU,CCCNC(NNC(c1ncccc1)C)SC,CCCNC(NNC(c1ncccc1)C)SC,X,X,X,X,3,3,0,0,0,0,N,N,N,N,N,N,62.62056,0.18478157
a910,SUYNOR,Cc1ccc(O)c(CNCCN(C)C)c1,Cc1ccc(O)c(CNCCN(C)C)c1,NNN,X,X,X,2,3,1,0,0,0,N,N,N,N,O,O,22.308184,0.17515999
a911,RASNEG,c1ccc(-c2ccccn2)nc1,c1ccc(-c2ccccn2)nc1,NNN,NNN,X,X,2,2,1,1,0,0,N,N,N,N,N,N,54.012524,0.17128775
a912,ZAKCOD,OC(C(CCCC1)(C)C1C2)=C2CNC3=C(N/C=C4CC(CCCC5)C5(C)C/4O)C=CC=C3,c1ccncc1,c1ccncc1,X,X,X,4,1,1,0,0,0,N,N,N,N,O,O,-25.887629,0.116364546
a913,YIWTEG,NCS,NCS,CN(C)CCCNCCCNCc1ccccc1O,X,X,X,1,1,4,0,0,0,O,N,N,N,N,N,84.402534,0.21268246
a914,OZATOZ,NCS,c1ccc(-c2ccccn2)nc1,N,NCS,N,X,1,2,1,1,1,0,N,N,N,N,N,N,39.00383,0.16059563
a916,XAXYOK,NCCCNCCCN,NNN,NNN,NNN,X,X,3,1,1,1,0,0,N,N,N,N,N,N,70.21987,0.20863475
a919,PAZBUQ,OC(NC(O)c1ncccn1)c1ncccn1,OC(NC(O)c1ncccn1)c1ncccn1,X,X,X,X,3,3,0,0,0,0,N,N,N,N,N,N,12.515682,0.09278367
a920,NEXTAO,Oc1ccccc1CNC(Cc1c[nH]cn1)C(O)O,COC(O)C(N)Cc1c[nH]cn1,X,X,X,X,4,2,0,0,0,0,O,O,N,N,N,N,-4.813101,0.20984946
a921,YAZFIP,COC(C)(CNCC(C)(C)NC(O)C(C)(CNCC(C)(C)N)OC)C(O)O,CC(O)O,X,X,X,X,5,1,0,0,0,0,N,N,N,N,O,O,41.04995,0.16037643
a923,WEMSUD,Cl,Cl,NCCN,NCCN,X,X,1,1,2,2,0,0,Cl,Cl,N,N,N,N,108.581825,0.10642437
a925,PIBWUZ,OC(c1ccccc1)CP(C2=CC=CC=C2)C3=CC=CC=C3,OC(c1ccccc1)CP(C2=CC=CC=C2)C3=CC=CC=C3,OC(c1ccccc1)CP(C2=CC=CC=C2)C3=CC=CC=C3,X,X,X,2,2,2,0,0,0,P,P,P,O,O,O,15.808173,0.21695612
a927,SIVHUC,CN(c1ccccc1)C(S)NC(O)c1ccccc1,CN(c1ccccc1)C(S)NC(O)c1ccccc1,CN(c1ccccc1)C(S)NC(O)c1ccccc1,X,X,X,2,2,2,0,0,0,S,S,S,O,O,O,39.324944,0.1191728
a928,GANSUL,CC(NO)C(C)NO,CC(NO)C(C)NO,c1ccncc1,CCCC,X,X,2,2,1,1,0,0,C,N,N,N,N,N,3.3030112,0.16730039
a929,DGAMCO,Cl,CC(NO)C(C)NO,CC(NO)C(C)NO,N,X,X,1,2,2,1,0,0,Cl,N,N,N,N,N,8.511871,0.11613246
a932,GUJSOT,CC(NO)C(C)NO,CC(NO)C(C)NO,CC(N)c1ccccc1,CN,X,X,2,2,1,1,0,0,N,N,N,N,N,C,4.2005386,0.15087254
a934,GUJTEK,CC(NO)C(C)NO,CC(NO)C(C)NO,CC(N)c1ccccc1,CN,X,X,2,2,1,1,0,0,N,N,N,N,N,C,4.2005386,0.15087254
a935,RISCEE,OC(O)c1cccnc1C(O)O,OC(O)c1cccnc1C(O)O,OC(O)c1cccnc1C(O)O,X,X,X,2,2,2,0,0,0,O,O,O,N,N,N,81.162796,0.12386719
a937,DOGHEM,P(C1=CC=CC=C1)(C2=CC=CC=C2)C3=CC=CC=C3,CC(O)CC(C)O,CC(O)CC(C)O,O,X,X,1,2,2,1,0,0,P,O,O,O,O,O,37.31716,0.098236
a939,UKEQOQ,CC(C)(C)c1cc(CNC2CCCCC2NCc2cc(C(C)(C)C)cc(C(C)(C)C)c2O)c(O)c(C(C)(C)C)c1,Cn1ccnc1,Cn1ccnc1,X,X,X,4,1,1,0,0,0,N,N,N,N,O,O,17.387056,0.25106853
a94,WUZGIH,CC(NO)C(C)NO,CC(NO)C(C)NO,NC(CO)Cc1ccccc1,CCC(O)Nc1ccccc1,X,X,2,2,1,1,0,0,N,N,N,N,N,C,14.176912,0.15064345
a940,BAPWUL,CCOC(O)C(CO)C(O)OCC,CC(O)CC(C)O,CC(O)CC(C)O,X,X,X,2,2,2,0,0,0,O,O,O,O,O,O,99.05958,0.11792283
a941,UBOZUG,CC(C)(C)c1cc(CN2CCN(CC(O)O)CCN(CC(O)O)CC2)c(O)c(C(C)(C)C)c1,X,X,X,X,X,6,0,0,0,0,0,O,O,O,N,N,N,-18.622213,0.27666193
a942,ODAKAI,CC(O)NCCN(Cc1ccccn1)Cc1ccccn1,Cl,O,X,X,X,4,1,1,0,0,0,Cl,N,N,N,N,O,-0.37934858,0.21918793
a943,NERCOC,NC1CCCCC1N,CC(O)CC(C)O,CC(O)CC(C)O,X,X,X,2,2,2,0,0,0,N,N,O,O,O,O,62.71033,0.21885248
a944,AQAXEV,CC(NO)C(C)NCCc1ccccn1,CC(N)C(C)NCCc1ccccn1,C,X,X,X,3,2,1,0,0,0,C,N,N,N,N,N,23.551212,0.18189904
a945,KUFJIF,ONC(Sc1ccccc1)C(NO)Sc1ccccc1,ONC(Sc1ccccc1)C(NO)Sc1ccccc1,c1ccncc1,CC,X,X,2,2,1,1,0,0,N,N,N,N,N,C,21.796854,0.15301174
a947,YEHVIR,OC(O)CNCC(O)O,OC(O)CNCC(O)O,X,X,X,X,3,3,0,0,0,0,N,O,O,N,O,O,-38.529484,0.21622033
a949,RULFEK,CCOc1cccc(CNCCCNCc2cccc(OCC)c2O)c1O,CC1/C(C=CC=C1OCC)=C\NCCCN,X,X,X,X,4,2,0,0,0,0,O,O,O,N,N,N,50.440777,0.094419435
a95,IVIPEL,OC(NNCc1ccccn1)c1ccccn1,OC(NNCc1ccccn1)c1ccccn1,X,X,X,X,3,3,0,0,0,0,N,N,N,N,N,N,33.205376,0.17439204
a950,JOZNAN,c1ccncc1,c1ccncc1,c1ccncc1,NNN,NNN,NNN,1,1,1,1,1,1,N,N,N,N,N,N,70.97849,0.20289026
a951,FOGKUJ,CC(O)CC(C)NCCNC(C)CC(C)O,Cc1ccncc1,Cc1ccncc1,X,X,X,4,1,1,0,0,0,O,N,N,O,N,N,6.0504684,0.09351028
a952,IQAPOF,ONC(c1ccccc1)C(NO)c1ccccc1,CC(NO)C(C)NO,c1ccncc1,C,X,X,2,2,1,1,0,0,N,N,N,N,N,C,8.243366,0.11940398
a953,CUSCOI,NCS,NCC(O)NCC(O)O,NCCN,X,X,X,1,3,2,0,0,0,O,N,N,N,N,N,65.80653,0.20623045
a955,NEXYAS,Oc1ccccc1CNCCNCc1ccccc1O,CN,CN,X,X,X,4,1,1,0,0,0,O,O,N,N,C,C,25.755919,0.1276351
a956,BURTUD,CC(NO)C(C)NCCc1ccccn1,CC(NO)C(C)NCCc1ccccn1,X,X,X,X,3,3,0,0,0,0,N,N,N,N,N,N,16.553509,0.17441513
a957,INUVUI,OC1=NCCNCCCNCCN=C(O)C1,CC(O)CC(C)O,X,X,X,X,4,2,0,0,0,0,N,N,N,N,O,O,45.756367,0.18973513
a96,UCUYEA,CC1=NCCCN=C(C)C(C)=NCCCN=C1C,CCc1ccccc1,Cl,X,X,X,4,1,1,0,0,0,N,C,N,Cl,N,N,62.33993,0.16144598
a960,HEQBIR,NC(O)NNCc1ccccc1O,c1ccncc1,c1ccncc1,c1ccncc1,X,X,3,1,1,1,0,0,O,N,O,N,N,N,23.658894,0.14984386
a962,CUVKEK,O[PH](O)(O)O,c1ccc(CCN(Cc2ccccn2)Cc2ccccn2)nc1,X,X,X,X,2,4,0,0,0,0,O,O,N,N,N,N,65.713165,0.12563501
a963,GIWDOG,Oc1ccccc1C(O)NCCNCCNCCNC(O)c1ccccc1O,X,X,X,X,X,6,0,0,0,0,0,N,N,N,N,O,O,-40.300297,0.20234622
a967,TAMFUL,Oc1ccccc1CNc1ccccc1CN1CCN(Cc2ccccc2NCc2ccccc2O)CC1,X,X,X,X,X,6,0,0,0,0,0,O,O,N,N,N,N,-95.858864,0.20080455
a968,ZUZMIQ,CC(NO)C(C)NO,N,CC(NO)C(C)NO,N,X,X,2,1,2,1,0,0,N,N,N,N,N,N,10.077988,0.11412082
a970,QAFKOA,CCOc1cccc(CNCCCN(C)C)c1O,CC(O)CC(O)c1ccccc1,NCS,X,X,X,3,2,1,0,0,0,N,O,O,O,N,N,35.05543,0.22063267
a971,TAPDAQ,ONC(c1ccccc1)c1ccccn1,ONC(c1ccccc1)c1ccccn1,ONC(c1ccccc1)c1ccccn1,X,X,X,2,2,2,0,0,0,N,N,N,N,N,N,30.804558,0.09572589
a972,IBASOW,OC(O)CN(CCN(CC(O)O)CC(O)O)CC(O)O,O,X,X,X,X,5,1,0,0,0,0,N,N,O,O,O,O,31.34596,0.036532417
a975,CEZMID,C1(P(C2=CC=CC=C2)C3=CC=CC=C3)=CC=CC=C1,CC(NO)C(C)NO,CC(NO)C(C)NO,NNN,X,X,1,2,2,1,0,0,P,N,N,N,N,N,7.899143,0.1669818
a977,AWURAL,OC(Nc1cccc2cccnc12)C(Cc1ccccc1)(Cc1ccccc1)C(O)Nc1cccc2cccnc12,CN,CN,X,X,X,4,1,1,0,0,0,N,N,N,N,C,C,-0.320751,0.19255112
a978,UQULUO,c1ccc(CN(Cc2ccccn2)Cc2ccccn2)nc1,CN,CN,X,X,X,4,1,1,0,0,0,N,N,N,C,C,N,12.064215,0.22961338
a98,LUZZAK,O[AsH](O)(O)O,c1ccc(-c2ccccn2)nc1,c1ccc(-c2ccccn2)nc1,X,X,X,2,2,2,0,0,0,O,N,N,O,N,N,25.717129,0.128391
a980,FOHXIL,CC(NCCCNCCCNC(C)c1ccccc1O)c1ccccc1O,Cn1ccnc1,X,X,X,X,5,1,0,0,0,0,O,O,N,N,N,N,33.16967,0.104337245
a981,CUHHUJ,CC(NO)C(C)NO,Cl,CC(NO)C(C)NO,Cl,X,X,2,1,2,1,0,0,N,N,Cl,N,N,Cl,-4.7243786,0.12605263
a982,NATGAT,C12=CC=CC(C3=CN(CC4=CC=CC=C4)NN3)=C1NC5=C2C=CC=C5C6=CN(CC7=CC=CC=C7)NN6,C12=CC=CC(C3=CN(CC4=CC=CC=C4)NN3)=C1NC5=C2C=CC=C5C6=CN(CC7=CC=CC=C7)NN6,X,X,X,X,3,3,0,0,0,0,N,N,N,N,N,N,28.10499,0.098018475
a983,ABOBAW,ONCc1ccccn1,c1cnc2c(c1)ccc1cccnc12,ONCc1ccccn1,X,X,X,2,2,2,0,0,0,N,N,N,N,N,N,23.952017,0.21728548
a984,OCEDEG,SC1=C(O)C=CCN1CC2=CC=CC=C2,SC1=C(O)C=CCN1CC2=CC=CC=C2,SC1=C(O)C=CCN1CC2=CC=CC=C2,X,X,X,2,2,2,0,0,0,S,O,S,O,S,O,48.602543,0.12926036
a985,OGAMOZ,C1(/C=CC=CN1)=C2N=C(C=CC=C3)C3N/2,C1(/C=CC=CN1)=C2N=C(C=CC=C3)C3N/2,C1(/C=CC=CN1)=C2N=C(C=CC=C3)C3N/2,X,X,X,2,2,2,0,0,0,N,N,N,N,N,N,-163.65674,0.03583999
a986,YETBUV,Cl,CP(C)CCCP(C)C,CP(C)CCCP(C)C,Cl,X,X,1,2,2,1,0,0,Cl,P,Cl,P,P,P,63.547657,0.23438297
a988,MEJWEF,CN(CO)N/C=N\N1C=NN(C)C1,CN(CO)N/C=N\N1C=NN(C)C1,X,X,X,X,3,3,0,0,0,0,C,C,N,N,O,O,35.750656,0.07181528
a989,WEQTES,CNCc1cccc(OC)c1O,CNCc1cccc(OC)c1O,CNCc1cccc(OC)c1O,X,X,X,2,2,2,0,0,0,O,O,O,N,N,N,26.894632,0.08962371
a99,ECACIY,NC(c1ccccc1)C(NCc1ccccc1O)c1ccccc1,NC(c1ccccc1)C(NCc1ccccc1O)c1ccccc1,X,X,X,X,3,3,0,0,0,0,O,O,N,N,N,N,17.882717,0.1376141
a990,RADNIT,CC(NO)C(C)NCc1ccccn1,CC(NO)C(C)NCc1ccccn1,X,X,X,X,3,3,0,0,0,0,N,N,N,N,N,N,-3.3728044,0.13799532
a992,WEWYUS,OC(O)CNCCNCC(O)O,CC(N)CC(C)N,X,X,X,X,4,2,0,0,0,0,O,O,N,N,N,N,-17.006136,0.253022
a993,FIQNEB,NCS,CCOc1cccc(CNCCN2CCOCC2)c1O,CCOc1cccc(CNCCN2CCOCC2)c1O,X,X,X,1,3,2,0,0,0,N,O,N,N,O,N,49.879726,0.18726116
a994,KAGYEX,CC(NO)C(C)NO,CC(NO)C(C)NO,c1ccncc1,CCCC,X,X,2,2,1,1,0,0,N,N,N,N,N,C,4.752823,0.12354001
a995,SORJEP,CCNCCNCc1cc(Cl)ccc1O,CCNCCNCc1cc(Cl)ccc1O,X,X,X,X,3,3,0,0,0,0,O,O,N,N,N,N,45.739075,0.10868893
a997,PIJCER,NCS,c1ccc(CN2CCN(Cc3ccccc3)CCN(Cc3ccccc3)CC2)cc1,NCS,NCS,X,X,1,3,1,1,0,0,N,N,N,N,N,N,-43.200565,0.13645719
a998,KAWJEY,CCN(CC)CCNC(c1ccccc1)c1ccccn1,NNN,NNN,NNN,X,X,3,1,1,1,0,0,N,N,N,N,N,N,33.913956,0.15607268
